name,district,street,address,lng,lat,single_room,one_bed,two_bed,three_plus
大布巷新围,龙华区,观澜街道,龙华区观澜街道新澜社区大布巷新围,114.045043,22.719916,602,924,1426,1795
坪山社区中兴,坪山区,坪山街道,坪山区坪山街道坪山社区坪山社区中兴,114.342724,22.689795,451,693,1068,1345
黄果沥,坪山区,坪山街道,坪山区坪山街道和平社区黄果沥,114.347057,22.696983,413,634,978,1232
塘水围新村三区,龙华区,民治街道,龙华区民治街道民强社区塘水围新村三区,114.032724,22.622716,1023,1571,2423,3051
沙坣新村,坪山区,马峦街道,坪山区马峦街道沙坣社区沙坣新村,114.356735,22.692029,356,547,844,1063
东方社区大井头村,宝安区,松岗街道,宝安区松岗街道东方社区东方社区大井头村,113.839803,22.762597,500,767,1184,1491
福新小区,宝安区,福永街道,宝安区福永街道福永社区福新小区,113.804359,22.665883,695,1067,1646,2073
坂田六区住宅小区,龙岗区,坂田街道,龙岗区坂田街道五和社区坂田六区住宅小区,114.054345,22.622472,1094,1680,2592,3264
六约社区深竹小区,龙岗区,横岗街道,龙岗区横岗街道六约社区六约社区深竹小区,114.170758,22.637538,791,1215,1874,2360
向南社区向南东村,南山区,南山街道,南山区南山街道向南社区向南社区向南东村,113.916712,22.526368,1522,2337,3605,4540
盐田社区渔民新村,盐田区,盐田街道,盐田区盐田街道盐田社区盐田社区渔民新村,114.270334,22.588757,996,1530,2360,2972
西坑社区白鸡斗村,龙岗区,园山街道,龙岗区园山街道西坑社区西坑社区白鸡斗村,114.221962,22.619804,469,721,1112,1400
大康社区莘塘旧村,龙岗区,园山街道,龙岗区园山街道大康社区大康社区莘塘旧村,114.218553,22.644301,418,641,989,1246
茜坑居民小组,坪山区,龙田街道,坪山区龙田街道竹坑社区茜坑居民小组,114.397604,22.712857,365,560,864,1088
安良社区福坑村,龙岗区,园山街道,龙岗区园山街道安良社区安良社区福坑村,114.230327,22.638701,411,630,973,1225
新二村,宝安区,新桥街道,宝安区新桥街道新二社区新二村,113.833451,22.734015,543,834,1286,1620
新坡塘路口小区,龙岗区,园山街道,龙岗区园山街道保安社区新坡塘路口小区,114.209318,22.65538,698,1071,1652,2081
东方社区南边头新村,宝安区,松岗街道,宝安区松岗街道东方社区东方社区南边头新村,113.838953,22.761907,485,744,1148,1446
黎光新村,龙华区,观澜街道,龙华区观澜街道黎光社区黎光新村,114.03233,22.759468,420,645,995,1253
和平社区马西,坪山区,坪山街道,坪山区坪山街道和平社区和平社区马西,114.342522,22.69414,427,655,1011,1273
南三社区锦绣新村,龙岗区,布吉街道,龙岗区布吉街道南三社区南三社区锦绣新村,114.11302,22.616277,703,1079,1664,2096
西坑居民小组,坪山区,龙田街道,坪山区龙田街道老坑社区西坑居民小组,114.362507,22.734909,333,511,789,993
凌屋村,龙华区,观澜街道,龙华区观澜街道君子布社区凌屋村,114.090866,22.720972,424,652,1005,1266
凤凰社区源屋围村,龙岗区,平湖街道,龙岗区平湖街道凤凰社区凤凰社区源屋围村,114.125242,22.698322,574,881,1360,1713
坑尾村,宝安区,松岗街道,宝安区松岗街道溪头社区坑尾村,113.833289,22.781177,397,609,939,1183
石龙坑新村,龙岗区,吉华街道,龙岗区吉华街道水径社区石龙坑新村,114.096628,22.612739,730,1121,1729,2178
茶角坎,龙华区,大浪街道,龙华区大浪街道同胜社区茶角坎,113.990724,22.666727,663,1018,1571,1979
黄榄坑老村,大鹏新区,葵涌街道,大鹏新区葵涌街道葵丰社区黄榄坑老村,114.404888,22.62909,386,593,915,1152
对门岭,坪山区,碧岭街道,坪山区碧岭街道汤坑社区对门岭,114.306821,22.672751,335,514,792,998
民主新村,宝安区,沙井街道,宝安区沙井街道民主社区民主新村,113.773093,22.738481,505,776,1196,1507
保安社区简龙村,龙岗区,园山街道,龙岗区园山街道保安社区保安社区简龙村,114.240493,22.665466,757,1162,1793,2257
新塘村东区,龙华区,福城街道,龙华区福城街道桔塘社区新塘村东区,114.022383,22.723999,412,633,976,1229
爱联社区嶂背村,龙岗区,龙城街道,龙岗区龙城街道嶂背社区爱联社区嶂背村,114.238949,22.690279,550,845,1303,1641
凤凰社区格塘新村,龙岗区,布吉街道,龙岗区布吉街道凤凰社区凤凰社区格塘新村,114.100357,22.602972,600,921,1421,1790
新田村,罗湖区,东湖街道,罗湖区东湖街道大望社区新田村,114.173255,22.602554,933,1433,2211,2784
光雅园六七区,龙岗区,坂田街道,龙岗区坂田街道五和社区光雅园六七区,114.060691,22.62186,1010,1551,2393,3013
罗租老村西,宝安区,石岩街道,宝安区石岩街道罗租社区罗租老村西,113.92997,22.677002,515,790,1219,1535
沙一新村,宝安区,松岗街道,宝安区松岗街道沙浦社区沙一新村,113.830486,22.783507,439,674,1040,1309
坳下村,罗湖区,莲塘街道,罗湖区莲塘街道坳下社区坳下村,114.163527,22.56922,1202,1846,2848,3586
文景社区百和苑,龙岗区,布吉街道,龙岗区布吉街道文景社区文景社区百和苑,114.114902,22.618436,767,1177,1817,2288
隔彼小区,宝安区,新桥街道,宝安区新桥街道上星社区隔彼小区,113.827227,22.730856,513,788,1215,1530
新瑞一区,宝安区,航城街道,宝安区航城街道后瑞社区新瑞一区,113.829687,22.635567,884,1357,2093,2636
宝罗小区,宝安区,航城街道,宝安区航城街道鹤洲社区宝罗小区,113.85945,22.634338,754,1158,1787,2250
草围旧村,宝安区,航城街道,宝安区航城街道草围社区草围旧村,113.834753,22.627963,790,1213,1872,2357
黄田社区,宝安区,航城街道,宝安区航城街道黄田社区黄田社区,113.838131,22.631602,759,1165,1798,2264
麻布旧村,宝安区,西乡街道,宝安区西乡街道河东社区麻布旧村,113.879896,22.578733,1299,1994,3077,3874
白芒村,南山区,西丽街道,南山区西丽街道百旺社区白芒村,113.935782,22.626408,1052,1614,2491,3136
大梅沙村,盐田区,梅沙街道,盐田区梅沙街道大梅沙社区大梅沙村,114.300542,22.597432,846,1299,2004,2523
章輋村,罗湖区,清水河街道,罗湖区清水河街道草埔西社区章輋村,114.107781,22.59005,1194,1833,2829,3562
伟祥泰小区,龙华区,福城街道,龙华区福城街道兴富社区伟祥泰小区,114.006702,22.73624,536,822,1269,1597
杨美社区旺塘,龙岗区,坂田街道,龙岗区坂田街道杨美社区杨美社区旺塘,114.076542,22.632526,774,1188,1833,2309
泰兴花园,宝安区,沙井街道,宝安区沙井街道沙一社区泰兴花园,113.796812,22.737738,695,1066,1645,2072
新北区,宝安区,沙井街道,宝安区沙井街道后亭社区新北区,113.815077,22.761856,573,879,1357,1709
凤凰A3区,宝安区,福永街道,宝安区福永街道凤凰社区凤凰A3区,113.830361,22.696104,777,1193,1841,2318
新乐社区13队,宝安区,新安街道,宝安区新安街道新乐社区新乐社区13队,113.899501,22.553857,1296,1989,3069,3865
新乐社区7队,宝安区,新安街道,宝安区新安街道新乐社区新乐社区7队,113.897422,22.55449,1322,2030,3132,3944
海汇小区,宝安区,新安街道,宝安区新安街道海华社区海汇小区,113.879179,22.570702,1222,1876,2895,3646
商南安全文明小区,大鹏新区,葵涌街道,大鹏新区葵涌街道葵新社区商南安全文明小区,114.421742,22.631055,429,659,1016,1280
景乐新村北区,龙华区,龙华街道,龙华区龙华街道龙园社区景乐新村北区,114.015848,22.661692,695,1068,1647,2074
柑山住宅区,光明区,光明街道,光明区光明街道东周社区柑山住宅区,113.933432,22.767784,491,754,1163,1465
圳美新村,光明区,新湖街道,光明区新湖街道圳美社区圳美新村,113.941671,22.794174,463,711,1097,1381
永丰村,宝安区,西乡街道,宝安区西乡街道永丰社区永丰村,113.862214,22.575759,1391,2135,3294,4148
下围村下围东,龙华区,观湖街道,龙华区观湖街道樟溪社区下围村下围东,114.074008,22.68858,522,802,1237,1558
凤凰社区氹元村,龙岗区,平湖街道,龙岗区平湖街道凤凰社区凤凰社区氹元村,114.132888,22.693374,514,788,1216,1532
玉律五区,光明区,玉塘街道,光明区玉塘街道玉律社区玉律五区,113.89555,22.719442,514,790,1218,1534
保安社区坳新村,龙岗区,园山街道,龙岗区园山街道保安社区保安社区坳新村,114.208222,22.677329,735,1129,1741,2193
衙边新村南,宝安区,沙井街道,宝安区沙井街道衙边社区衙边新村南,113.80844,22.742028,570,875,1351,1701
福二西环,宝安区,福永街道,宝安区福永街道福永社区福二西环,113.805642,22.671731,720,1105,1705,2147
翠湖社区坑尾村,龙岗区,吉华街道,龙岗区吉华街道水径社区翠湖社区坑尾村,114.10225,22.618289,679,1043,1609,2026
布吉社区峰利一村,龙岗区,布吉街道,龙岗区布吉街道布吉社区布吉社区峰利一村,114.108373,22.605098,801,1230,1897,2389
大浪社区27区,宝安区,新安街道,宝安区新安街道大浪社区大浪社区27区,113.901494,22.579555,1254,1925,2970,3740
水祖坑,坪山区,石井街道,坪山区石井街道田心社区水祖坑,114.427007,22.698295,308,473,730,920
凌屋小区,龙华区,观澜街道,龙华区观澜街道君子布社区凌屋小区,114.091987,22.722465,425,652,1006,1266
塘尾村,光明区,凤凰街道,光明区凤凰街道塘尾社区塘尾村,113.898298,22.756108,459,705,1087,1369
田头社区老围,坪山区,石井街道,坪山区石井街道田头社区田头社区老围,114.398382,22.694154,337,518,799,1006
龙岗社区后福村,龙岗区,龙岗街道,龙岗区龙岗街道龙岗社区龙岗社区后福村,114.272969,22.736933,512,786,1213,1527
红星社区龙门新村,宝安区,松岗街道,宝安区松岗街道红星社区红星社区龙门新村,113.839282,22.764243,470,721,1113,1401
鹅公岭社区鹅公岭村,龙岗区,平湖街道,龙岗区平湖街道鹅公岭社区鹅公岭社区鹅公岭村,114.145294,22.682563,526,807,1245,1568
园湖一二三巷,龙岗区,龙城街道,龙岗区龙城街道嶂背社区园湖一二三巷,114.235173,22.682641,605,929,1434,1805
大三小区,龙华区,福城街道,龙华区福城街道大水坑社区大三小区,114.009475,22.732155,480,737,1136,1431
艇巷村,宝安区,西乡街道,宝安区西乡街道乐群社区艇巷村,113.870456,22.580381,1126,1728,2666,3357
鲤鱼塘小区,龙华区,龙华街道,龙华区龙华街道华联社区鲤鱼塘小区,114.006534,22.662287,680,1043,1610,2027
黄埔村,宝安区,新桥街道,宝安区新桥街道黄埔社区黄埔村,113.841109,22.718971,482,739,1141,1436
南联社区简头村,龙岗区,龙岗街道,龙岗区龙岗街道南联社区南联社区简头村,114.256163,22.728218,527,808,1247,1570
塘头福景小区,宝安区,石岩街道,宝安区石岩街道塘头社区塘头福景小区,113.914783,22.650111,638,980,1512,1904
大芬老村片区,龙岗区,布吉街道,龙岗区布吉街道大芬社区大芬老村片区,114.131532,22.612313,919,1411,2176,2741
安良社区沙排新村,龙岗区,园山街道,龙岗区园山街道安良社区安良社区沙排新村,114.220902,22.628011,522,802,1237,1558
坂田社区坂田村,龙岗区,坂田街道,龙岗区坂田街道坂田社区坂田社区坂田村,114.057383,22.639601,869,1334,2058,2591
步涌社区大田村,宝安区,沙井街道,宝安区沙井街道步涌社区步涌社区大田村,113.811498,22.761901,493,756,1167,1469
公明社区长春花园,光明区,公明街道,光明区公明街道公明社区公明社区长春花园,113.890396,22.785454,564,865,1335,1681
黄阁坑社区大围村,龙岗区,龙城街道,龙岗区龙城街道黄阁坑社区黄阁坑社区大围村,114.206174,22.711476,605,929,1433,1805
碧岭社区上沙,坪山区,碧岭街道,坪山区碧岭街道碧岭社区碧岭社区上沙,114.283659,22.663804,348,534,824,1038
西涌社区南门头村,大鹏新区,南澳街道,大鹏新区南澳街道西涌社区西涌社区南门头村,114.546702,22.485304,388,596,920,1158
爱联社区怡苑小区,龙岗区,龙城街道,龙岗区龙城街道爱联社区爱联社区怡苑小区,114.222926,22.701368,714,1096,1691,2129
海边新村,南山区,南头街道,南山区南头街道红花园社区海边新村,113.911539,22.54064,1455,2233,3445,4338
建富一区,龙岗区,龙城街道,龙岗区龙城街道嶂背社区建富一区,114.248033,22.694207,574,880,1358,1711
大康社区大万老村,龙岗区,园山街道,龙岗区园山街道大康社区大康社区大万老村,114.235703,22.653238,389,597,922,1160
南约社区炳坑村,龙岗区,宝龙街道,龙岗区宝龙街道南约社区南约社区炳坑村,114.276137,22.690993,432,664,1024,1290
黄麻埔旧村,龙华区,大浪街道,龙华区大浪街道大浪社区黄麻埔旧村,114.000557,22.690286,519,797,1229,1548
沙嘴三坊,福田区,沙头街道,福田区沙头街道沙嘴社区沙嘴三坊,114.032552,22.519382,1611,2472,3815,4803
凉帽三区(含富豪山庄),龙岗区,吉华街道,龙岗区吉华街道甘坑社区凉帽三区(含富豪山庄),114.098499,22.647191,665,1021,1575,1984
银田新村,宝安区,西乡街道,宝安区西乡街道盐田社区银田新村,113.852391,22.584906,1446,2220,3425,4313
樟坑南景新村,龙华区,民治街道,龙华区民治街道樟坑社区樟坑南景新村,114.032727,22.620486,995,1527,2356,2967
坂田七区住宅小区,龙岗区,坂田街道,龙岗区坂田街道五和社区坂田七区住宅小区,114.054282,22.624284,1094,1680,2592,3264
松涛社区朝阳街,宝安区,松岗街道,宝安区松岗街道松涛社区松涛社区朝阳街,113.842635,22.767432,459,705,1087,1369
东方社区上头田村,宝安区,松岗街道,宝安区松岗街道东方社区东方社区上头田村,113.841114,22.760745,450,691,1066,1342
塘水围三区,龙华区,民治街道,龙华区民治街道民强社区塘水围三区,114.03302,22.621417,1027,1577,2433,3064
大田东区,宝安区,沙井街道,宝安区沙井街道步涌社区大田东区,113.810252,22.760246,479,736,1135,1429
茜坑社区银河新村,龙华区,福城街道,龙华区福城街道新和社区茜坑社区银河新村,114.040059,22.711847,529,812,1253,1577
玉壶新村,龙华区,大浪街道,龙华区大浪街道大浪社区玉壶新村,114.002514,22.69301,533,818,1262,1589
上木古社区上木古老村,龙岗区,平湖街道,龙岗区平湖街道上木古社区上木古社区上木古老村,114.113104,22.671766,456,700,1080,1360
张一村,龙华区,观澜街道,龙华区观澜街道君子布社区张一村,114.09131,22.717593,457,701,1082,1362
凹背村(含凹背大水龙),龙华区,观澜街道,龙华区观澜街道大富社区凹背村(含凹背大水龙),114.02735,22.745265,471,723,1116,1405
布吉社区老圩新村,龙岗区,布吉街道,龙岗区布吉街道布吉社区布吉社区老圩新村,114.108935,22.599688,761,1168,1801,2268
辅城坳社区辅城坳村,龙岗区,平湖街道,龙岗区平湖街道辅城坳社区辅城坳社区辅城坳村,114.113838,22.693082,552,847,1307,1646
富泉新村,龙华区,龙华街道,龙华区龙华街道三联社区富泉新村,114.028479,22.668011,809,1241,1915,2412
布吉社区百花小区,龙岗区,布吉街道,龙岗区布吉街道布吉社区布吉社区百花小区,114.106038,22.599587,794,1219,1881,2368
徐屋村,宝安区,西乡街道,宝安区西乡街道乐群社区徐屋村,113.871212,22.580248,1087,1668,2574,3241
海华社区自由北小区,宝安区,新安街道,宝安区新安街道海华社区海华社区自由北小区,113.878403,22.571655,1283,1970,3040,3828
南约社区汉田老村,龙岗区,宝龙街道,龙岗区宝龙街道南约社区南约社区汉田老村,114.269099,22.704942,496,761,1175,1479
沙坑村,大鹏新区,南澳街道,大鹏新区南澳街道南隆社区沙坑村,114.521737,22.50946,390,598,923,1162
大碓村,大鹏新区,南澳街道,大鹏新区南澳街道东山社区大碓村,114.537395,22.56133,405,622,959,1208
碧湖新村,宝安区,福海街道,宝安区福海街道新田社区碧湖新村,113.822718,22.696591,708,1087,1677,2112
荔枝山,大鹏新区,南澳街道,大鹏新区南澳街道东山社区荔枝山,114.532022,22.560301,500,767,1183,1490
杨梅坑,大鹏新区,南澳街道,大鹏新区南澳街道东山社区杨梅坑,114.578263,22.544778,387,595,918,1156
店仔村,大鹏新区,南澳街道,大鹏新区南澳街道东涌社区店仔村,114.572176,22.496552,447,686,1058,1332
冲街村,大鹏新区,南澳街道,大鹏新区南澳街道东涌社区冲街村,114.577753,22.492424,444,682,1052,1325
沙岗村,大鹏新区,南澳街道,大鹏新区南澳街道东涌社区沙岗村,114.577941,22.494529,454,696,1074,1353
西贡村,大鹏新区,南澳街道,大鹏新区南澳街道西涌社区西贡村,114.521123,22.471763,438,673,1038,1307
南社村,大鹏新区,南澳街道,大鹏新区南澳街道西涌社区南社村,114.516603,22.480479,421,647,998,1257
格田村,大鹏新区,南澳街道,大鹏新区南澳街道西涌社区格田村,114.518452,22.485221,409,629,970,1221
西涌社区沙岗,大鹏新区,南澳街道,大鹏新区南澳街道西涌社区西涌社区沙岗,114.528525,22.480715,483,741,1144,1440
西涌社区鹤薮,大鹏新区,南澳街道,大鹏新区南澳街道西涌社区西涌社区鹤薮,114.536502,22.487333,412,632,975,1228
西涌社区新屋,大鹏新区,南澳街道,大鹏新区南澳街道西涌社区西涌社区新屋,114.541348,22.490448,395,607,936,1179
芽山村,大鹏新区,南澳街道,大鹏新区南澳街道西涌社区芽山村,114.539047,22.494648,386,593,915,1152
欧书元,大鹏新区,南澳街道,大鹏新区南澳街道新大社区欧书元,114.517656,22.531943,507,778,1200,1511
碧洲村,大鹏新区,南澳街道,大鹏新区南澳街道新大社区碧洲村,114.518985,22.538111,485,745,1149,1447
下横岗,大鹏新区,南澳街道,大鹏新区南澳街道新大社区下横岗,114.512593,22.533321,532,817,1260,1587
新屋仔,大鹏新区,南澳街道,大鹏新区南澳街道新大社区新屋仔,114.511451,22.534949,465,713,1100,1386
上横岗,大鹏新区,南澳街道,大鹏新区南澳街道新大社区上横岗,114.513964,22.531388,524,804,1241,1562
大岭吓,大鹏新区,南澳街道,大鹏新区南澳街道新大社区大岭吓,114.50965,22.541119,556,853,1317,1658
新大社区新圩,大鹏新区,南澳街道,大鹏新区南澳街道新大社区新大社区新圩,114.511286,22.543183,542,831,1283,1615
坪山仔,大鹏新区,南澳街道,大鹏新区南澳街道新大社区坪山仔,114.50907,22.531763,511,784,1209,1523
水头社区龙岐,大鹏新区,大鹏街道,大鹏新区大鹏街道水头社区水头社区龙岐,114.495979,22.569533,336,515,795,1001
水头村,大鹏新区,大鹏街道,大鹏新区大鹏街道水头社区水头村,114.488633,22.564569,456,700,1080,1360
西洋尾,大鹏新区,南澳街道,大鹏新区南澳街道西涌社区西洋尾,114.519199,22.488199,399,613,945,1190
岭澳新村,大鹏新区,大鹏街道,大鹏新区大鹏街道岭澳社区岭澳新村,114.467334,22.595636,566,869,1341,1688
下沙新村,大鹏新区,大鹏街道,大鹏新区大鹏街道下沙社区下沙新村,114.479485,22.598314,540,828,1278,1609
水贝村,大鹏新区,大鹏街道,大鹏新区大鹏街道布新社区水贝村,114.483489,22.584091,489,751,1158,1459
南坑埔,大鹏新区,大鹏街道,大鹏新区大鹏街道布新社区南坑埔,114.484092,22.573008,470,722,1114,1403
新屋园,大鹏新区,大鹏街道,大鹏新区大鹏街道布新社区新屋园,114.481151,22.576409,504,773,1193,1502
曹屋围村,大鹏新区,大鹏街道,大鹏新区大鹏街道大鹏社区曹屋围村,114.470654,22.590547,433,665,1026,1292
王母围,大鹏新区,大鹏街道,大鹏新区大鹏街道王母社区王母围,114.474249,22.590844,535,822,1268,1596
王屋巷,大鹏新区,大鹏街道,大鹏新区大鹏街道王母社区王屋巷,114.472642,22.596475,548,841,1297,1634
黄岐塘,大鹏新区,大鹏街道,大鹏新区大鹏街道王母社区黄岐塘,114.480732,22.60014,447,686,1058,1332
石禾塘村,大鹏新区,大鹏街道,大鹏新区大鹏街道大鹏社区石禾塘村,114.472761,22.594271,552,848,1308,1647
王桐山,大鹏新区,大鹏街道,大鹏新区大鹏街道王母社区王桐山,114.480294,22.595129,454,697,1076,1355
大鹏山庄,大鹏新区,大鹏街道,大鹏新区大鹏街道王母社区大鹏山庄,114.470433,22.605206,490,752,1160,1461
石桥头,大鹏新区,大鹏街道,大鹏新区大鹏街道布新社区石桥头,114.479981,22.579139,500,768,1184,1492
布锦村,大鹏新区,大鹏街道,大鹏新区大鹏街道布新社区布锦村,114.482155,22.574843,474,727,1122,1413
四和村,大鹏新区,大鹏街道,大鹏新区大鹏街道鹏城社区四和村,114.503372,22.600065,476,731,1128,1421
较场尾,大鹏新区,大鹏街道,大鹏新区大鹏街道鹏城社区较场尾,114.50272,22.589928,468,718,1108,1396
秀新社区红岭村,坪山区,坑梓街道,坪山区坑梓街道金沙社区秀新社区红岭村,114.380326,22.748336,365,560,864,1089
官湖社区官湖,大鹏新区,葵涌街道,大鹏新区葵涌街道官湖社区官湖社区官湖,114.417098,22.606897,496,762,1175,1480
虎地排,大鹏新区,葵涌街道,大鹏新区葵涌街道葵新社区虎地排,114.416525,22.622461,432,663,1023,1289
横头新村,大鹏新区,葵涌街道,大鹏新区葵涌街道葵丰社区横头新村,114.412083,22.633633,432,662,1022,1287
东门村,大鹏新区,葵涌街道,大鹏新区葵涌街道葵新社区东门村,114.418407,22.630219,429,658,1016,1279
张屋村,大鹏新区,葵涌街道,大鹏新区葵涌街道葵新社区张屋村,114.419669,22.630287,395,607,936,1179
金葵二区,大鹏新区,葵涌街道,大鹏新区葵涌街道葵新社区金葵二区,114.421436,22.627058,385,591,912,1149
金葵一区,大鹏新区,葵涌街道,大鹏新区葵涌街道葵新社区金葵一区,114.42137,22.628487,383,588,907,1142
深水田,大鹏新区,葵涌街道,大鹏新区葵涌街道高源社区深水田,114.440509,22.641978,381,584,902,1135
高圳头,大鹏新区,葵涌街道,大鹏新区葵涌街道高源社区高圳头,114.431015,22.633144,419,644,994,1251
围之布,大鹏新区,葵涌街道,大鹏新区葵涌街道三溪社区围之布,114.423212,22.638564,464,712,1099,1384
石碑村,大鹏新区,葵涌街道,大鹏新区葵涌街道三溪社区石碑村,114.421718,22.642214,468,718,1108,1396
油榨村,大鹏新区,葵涌街道,大鹏新区葵涌街道三溪社区油榨村,114.41893,22.635062,510,783,1207,1520
福田村,大鹏新区,葵涌街道,大鹏新区葵涌街道三溪社区福田村,114.418412,22.636546,439,673,1039,1308
下禾塘村,大鹏新区,葵涌街道,大鹏新区葵涌街道三溪社区下禾塘村,114.419325,22.638659,438,673,1038,1307
上禾塘村,大鹏新区,葵涌街道,大鹏新区葵涌街道三溪社区上禾塘村,114.41845,22.641303,454,697,1075,1353
黄屋村,大鹏新区,葵涌街道,大鹏新区葵涌街道三溪社区黄屋村,114.424795,22.642681,464,712,1098,1383
曾屋村,大鹏新区,葵涌街道,大鹏新区葵涌街道三溪社区曾屋村,114.426172,22.640969,453,696,1074,1352
松树村,大鹏新区,葵涌街道,大鹏新区葵涌街道葵丰社区松树村,114.409584,22.636556,431,661,1020,1284
葵丰社区欧屋,大鹏新区,葵涌街道,大鹏新区葵涌街道葵丰社区葵丰社区欧屋,114.418717,22.63217,451,693,1069,1346
上角村,大鹏新区,葵涌街道,大鹏新区葵涌街道葵丰社区上角村,114.417901,22.633675,437,671,1035,1304
新村岭村,大鹏新区,葵涌街道,大鹏新区葵涌街道葵丰社区新村岭村,114.413671,22.628609,365,560,864,1088
上塘村,大鹏新区,葵涌街道,大鹏新区葵涌街道葵丰社区上塘村,114.404093,22.637786,368,565,871,1097
石场村,大鹏新区,葵涌街道,大鹏新区葵涌街道葵丰社区石场村,114.408865,22.639166,441,678,1045,1316
莲花村,大鹏新区,大鹏街道,大鹏新区大鹏街道大鹏社区莲花村,114.468157,22.592594,516,792,1222,1538
中新村,大鹏新区,葵涌街道,大鹏新区葵涌街道三溪社区中新村,114.424258,22.636112,460,707,1090,1373
葵兴小区,大鹏新区,葵涌街道,大鹏新区葵涌街道葵涌社区葵兴小区,114.416022,22.634475,435,667,1029,1296
担水南,大鹏新区,葵涌街道,大鹏新区葵涌街道葵涌社区担水南,114.4194,22.633638,446,684,1056,1330
欧新小区,大鹏新区,葵涌街道,大鹏新区葵涌街道葵涌社区欧新小区,114.421471,22.633142,410,629,971,1223
洞背旧村,大鹏新区,葵涌街道,大鹏新区葵涌街道溪涌社区洞背旧村,114.343796,22.613558,553,850,1311,1651
盐村,大鹏新区,葵涌街道,大鹏新区葵涌街道溪涌社区盐村,114.351049,22.612335,426,654,1009,1270
中屯新村,光明区,马田街道,光明区马田街道合水口社区中屯新村,113.879644,22.787644,386,593,915,1152
泥围旧村,光明区,马田街道,光明区马田街道合水口社区泥围旧村,113.877088,22.788662,397,610,941,1185
泥围新村,光明区,马田街道,光明区马田街道合水口社区泥围新村,113.873011,22.791704,430,660,1019,1283
合水口村,光明区,马田街道,光明区马田街道合水口社区合水口村,113.877093,22.786825,416,638,984,1239
横岭新村,光明区,马田街道,光明区马田街道合水口社区横岭新村,113.87821,22.782137,460,706,1090,1372
马山头旧村,光明区,马田街道,光明区马田街道马山头社区马山头旧村,113.874445,22.781756,431,661,1020,1285
马山头新村,光明区,马田街道,光明区马田街道马山头社区马山头新村,113.875916,22.782486,434,666,1027,1293
薯田埔村,光明区,马田街道,光明区马田街道薯田埔社区薯田埔村,113.862469,22.782464,416,638,984,1240
将石新村,光明区,马田街道,光明区马田街道将围社区将石新村,113.896008,22.765156,476,731,1128,1421
塘下围,光明区,马田街道,光明区马田街道将围社区塘下围,113.896224,22.760524,482,740,1142,1439
将围旧村,光明区,马田街道,光明区马田街道将围社区将围旧村,113.897736,22.758787,414,636,981,1235
东一村,大鹏新区,葵涌街道,大鹏新区葵涌街道葵丰社区东一村,114.406268,22.636955,365,560,864,1088
石围新村西区,光明区,马田街道,光明区马田街道石围社区石围新村西区,113.893252,22.756029,472,724,1118,1407
新屋仔,大鹏新区,葵涌街道,大鹏新区葵涌街道三溪社区新屋仔,114.416048,22.637323,451,692,1068,1345
石围新村东区,光明区,马田街道,光明区马田街道石围社区石围新村东区,113.894459,22.756075,459,704,1086,1368
石围旧村,光明区,马田街道,光明区马田街道石围社区石围旧村,113.896636,22.756581,418,641,989,1245
下石家旧村,光明区,马田街道,光明区马田街道石家社区下石家旧村,113.891149,22.769394,425,652,1006,1267
下石家新村,光明区,马田街道,光明区马田街道石家社区下石家新村,113.894236,22.770087,441,676,1043,1314
上石家北区,光明区,马田街道,光明区马田街道石家社区上石家北区,113.889815,22.765094,476,731,1128,1420
塘尾新村,光明区,马田街道,光明区马田街道新庄社区塘尾新村,113.902157,22.763425,449,690,1065,1341
大围村,光明区,马田街道,光明区马田街道新庄社区大围村,113.90439,22.763945,478,733,1131,1424
新围村,光明区,马田街道,光明区马田街道新庄社区新围村,113.904614,22.768804,454,697,1075,1354
南庄新村,光明区,马田街道,光明区马田街道新庄社区南庄新村,113.906401,22.77567,473,726,1120,1411
根竹园社区旧村,光明区,马田街道,光明区马田街道根竹园社区根竹园社区旧村,113.87097,22.775839,487,748,1154,1453
屯围村,大鹏新区,葵涌街道,大鹏新区葵涌街道葵丰社区屯围村,114.412238,22.635246,437,671,1035,1304
西边园,光明区,马田街道,光明区马田街道根竹园社区西边园,113.868284,22.774693,489,751,1159,1460
田新路片区,光明区,玉塘街道,光明区玉塘街道田寮社区田新路片区,113.893341,22.731634,409,628,969,1220
田明街片区,光明区,玉塘街道,光明区玉塘街道田寮社区田明街片区,113.89591,22.728875,478,734,1133,1427
金兴小区,大鹏新区,葵涌街道,大鹏新区葵涌街道葵涌社区金兴小区,114.414035,22.63489,434,666,1027,1294
长塘住宅片区,光明区,玉塘街道,光明区玉塘街道田寮社区长塘住宅片区,113.896143,22.733216,445,684,1055,1328
田寮新村片区,光明区,玉塘街道,光明区玉塘街道田寮社区田寮新村片区,113.898031,22.729815,475,729,1125,1417
长圳旧村片区,光明区,玉塘街道,光明区玉塘街道长圳社区长圳旧村片区,113.911371,22.721987,514,790,1218,1534
长圳西片区,光明区,玉塘街道,光明区玉塘街道长圳社区长圳西片区,113.910175,22.719549,555,853,1315,1656
长圳东片区,光明区,玉塘街道,光明区玉塘街道长圳社区长圳东片区,113.912996,22.719922,543,833,1286,1619
玉律四区,光明区,玉塘街道,光明区玉塘街道玉律社区玉律四区,113.894232,22.722922,497,763,1178,1483
玉律三区,光明区,玉塘街道,光明区玉塘街道玉律社区玉律三区,113.892135,22.720997,496,762,1175,1480
玉律一区,光明区,玉塘街道,光明区玉塘街道玉律社区玉律一区,113.886682,22.718546,510,783,1207,1520
将围新村,光明区,马田街道,光明区马田街道将围社区将围新村,113.902131,22.759811,448,688,1062,1337
南庄旧村,光明区,马田街道,光明区马田街道新庄社区南庄旧村,113.903584,22.776286,457,702,1083,1363
红星畔新村,光明区,玉塘街道,光明区玉塘街道红星社区红星畔新村,113.899973,22.710674,510,783,1208,1522
红星新村,光明区,玉塘街道,光明区玉塘街道红星社区红星新村,113.899666,22.709399,527,809,1248,1572
甲子塘村,光明区,凤凰街道,光明区凤凰街道甲子塘社区甲子塘村,113.913876,22.735,561,862,1329,1674
塘家村,光明区,凤凰街道,光明区凤凰街道塘家社区塘家村,113.931263,22.733949,456,699,1079,1359
张屋村,光明区,凤凰街道,光明区凤凰街道塘家社区张屋村,113.930153,22.737661,454,696,1074,1353
凤凰村,光明区,凤凰街道,光明区凤凰街道凤凰社区凤凰村,113.950917,22.731392,621,954,1471,1853
东坑新村,光明区,凤凰街道,光明区凤凰街道东坑社区东坑新村,113.912748,22.756587,426,654,1009,1271
东坑旧村,光明区,凤凰街道,光明区凤凰街道东坑社区东坑旧村,113.911156,22.758271,404,619,956,1203
上石家南区,光明区,马田街道,光明区马田街道石家社区上石家南区,113.890119,22.763259,480,737,1137,1432
新陂头村牛场,光明区,新湖街道,光明区新湖街道新羌社区新陂头村牛场,113.934515,22.811918,388,595,918,1156
畔湖村,光明区,新湖街道,光明区新湖街道新羌社区畔湖村,113.928095,22.822317,318,487,752,947
新屋村,光明区,新湖街道,光明区新湖街道新羌社区新屋村,113.934459,22.822323,319,489,755,951
水头社区沙埔村,大鹏新区,大鹏街道,大鹏新区大鹏街道水头社区水头社区沙埔村,114.494083,22.57268,431,662,1021,1286
新陂头村,光明区,新湖街道,光明区新湖街道新羌社区新陂头村,113.938439,22.805539,367,564,870,1095
楼村新村,光明区,新湖街道,光明区新湖街道楼村社区楼村新村,113.919409,22.788455,476,731,1128,1421
五联队,光明区,公明街道,光明区公明街道上村社区五联队,113.894765,22.79496,435,667,1030,1297
东边头,光明区,公明街道,光明区公明街道上村社区东边头,113.884057,22.789,366,562,867,1091
上村社区永南,光明区,公明街道,光明区公明街道上村社区上村社区永南,113.887058,22.794594,420,644,994,1251
上村社区下南,光明区,公明街道,光明区公明街道上村社区上村社区下南,113.886498,22.789622,352,540,833,1049
面前岭村,光明区,凤凰街道,光明区凤凰街道塘尾社区面前岭村,113.905754,22.755574,463,711,1097,1382
北山牛场,光明区,新湖街道,光明区新湖街道圳美社区北山牛场,113.962818,22.798776,461,707,1091,1374
上村社区上南,光明区,公明街道,光明区公明街道上村社区上村社区上南,113.88704,22.790899,405,622,959,1208
上村社区下辇,光明区,公明街道,光明区公明街道上村社区上村社区下辇,113.893749,22.7893,451,692,1068,1345
上村社区上辇,光明区,公明街道,光明区公明街道上村社区上村社区上辇,113.900374,22.787051,428,656,1013,1275
上村社区元山,光明区,公明街道,光明区公明街道上村社区上村社区元山,113.889657,22.790106,429,658,1016,1279
下村四排村,光明区,公明街道,光明区公明街道下村社区下村四排村,113.878739,22.791985,396,608,937,1181
下村一排旧村,光明区,公明街道,光明区公明街道下村社区下村一排旧村,113.882576,22.791076,380,583,899,1132
下村二排新村,光明区,公明街道,光明区公明街道下村社区下村二排新村,113.88113,22.793969,398,611,943,1187
下村一排新村,光明区,公明街道,光明区公明街道下村社区下村一排新村,113.882935,22.793423,409,628,969,1221
新村、别墅区,光明区,公明街道,光明区公明街道西田社区新村、别墅区,113.894494,22.80323,548,841,1298,1634
东方社区东方二街,宝安区,松岗街道,宝安区松岗街道东方社区东方社区东方二街,113.840897,22.766712,497,762,1176,1481
西田社区旧村,光明区,公明街道,光明区公明街道西田社区西田社区旧村,113.897972,22.80373,442,679,1048,1319
李松蓢社区东区,光明区,公明街道,光明区公明街道李松蓢社区李松蓢社区东区,113.884313,22.803745,465,715,1102,1388
北岗村,光明区,新湖街道,光明区新湖街道新羌社区北岗村,113.943611,22.815597,356,547,844,1063
三角位住宅区,光明区,公明街道,光明区公明街道西田社区三角位住宅区,113.896438,22.807051,436,670,1033,1301
李松蓢社区西区,光明区,公明街道,光明区公明街道李松蓢社区李松蓢社区西区,113.881922,22.803628,490,752,1160,1460
新村围合小区,光明区,公明街道,光明区公明街道李松蓢社区新村围合小区,113.887211,22.804166,476,731,1128,1421
龙盘花园片区,光明区,公明街道,光明区公明街道公明社区龙盘花园片区,113.89271,22.78518,492,755,1165,1467
综合市场片区,光明区,公明街道,光明区公明街道公明社区综合市场片区,113.887652,22.782845,510,783,1208,1521
文化中心片区,光明区,公明街道,光明区公明街道公明社区文化中心片区,113.885664,22.786773,489,751,1159,1460
南四巷片区,光明区,公明街道,光明区公明街道公明社区南四巷片区,113.88399,22.786741,509,782,1206,1519
旧街片区,光明区,公明街道,光明区公明街道公明社区旧街片区,113.88248,22.787286,499,766,1182,1488
25小区,光明区,公明街道,光明区公明街道公明社区25小区,113.896417,22.777016,599,919,1418,1786
富豪花园,光明区,公明街道,光明区公明街道公明社区富豪花园,113.890951,22.781197,554,850,1312,1652
笔架山五区,光明区,光明街道,光明区光明街道光明社区笔架山五区,113.93919,22.759005,651,999,1541,1941
新围.旧中学,光明区,光明街道,光明区光明街道光明社区新围.旧中学,113.940031,22.75739,612,940,1450,1826
地洋头村,光明区,光明街道,光明区光明街道白花社区地洋头村,113.989878,22.738634,477,733,1131,1424
黄屋排村,光明区,光明街道,光明区光明街道白花社区黄屋排村,113.992949,22.74012,465,715,1102,1388
糖厂片区,光明区,光明街道,光明区光明街道翠湖社区糖厂片区,113.943182,22.77003,469,720,1111,1399
富力区,光明区,光明街道,光明区光明街道翠湖社区富力区,113.945446,22.762966,475,729,1125,1417
荔园片区,光明区,光明街道,光明区光明街道翠湖社区荔园片区,113.939181,22.768575,490,752,1160,1460
旧医院片区,光明区,光明街道,光明区光明街道翠湖社区旧医院片区,113.937779,22.768158,481,738,1139,1434
翠湖社区中区,光明区,光明街道,光明区光明街道翠湖社区翠湖社区中区,113.939178,22.765055,615,944,1457,1835
翠湖社区东区,光明区,光明街道,光明区光明街道翠湖社区翠湖社区东区,113.941886,22.76368,517,793,1223,1541
新南村,光明区,光明街道,光明区光明街道东周社区新南村,113.917824,22.763376,504,773,1193,1502
木墩新村,光明区,光明街道,光明区光明街道东周社区木墩新村,113.920705,22.766705,530,814,1255,1581
老围村,光明区,光明街道,光明区光明街道白花社区老围村,113.992623,22.73785,470,721,1113,1402
木墩旧村,光明区,光明街道,光明区光明街道东周社区木墩旧村,113.915984,22.767071,498,764,1178,1484
水利组,光明区,光明街道,光明区光明街道碧眼社区水利组,113.944047,22.762414,533,819,1263,1590
白虎坜,光明区,光明街道,光明区光明街道碧眼社区白虎坜,113.945045,22.761092,482,739,1141,1437
迳口新村,光明区,光明街道,光明区光明街道迳口社区迳口新村,113.960752,22.767428,466,715,1104,1390
马头岭,光明区,光明街道,光明区光明街道迳口社区马头岭,113.94955,22.773734,512,786,1213,1528
果林村,光明区,光明街道,光明区光明街道迳口社区果林村,113.949741,22.764525,484,744,1147,1445
沙湖村,坪山区,碧岭街道,坪山区碧岭街道沙湖社区沙湖村,114.322127,22.677147,381,584,901,1135
新屋村,坪山区,碧岭街道,坪山区碧岭街道沙湖社区新屋村,114.309519,22.679038,335,514,793,998
黄二村,坪山区,碧岭街道,坪山区碧岭街道沙湖社区黄二村,114.312686,22.662972,317,487,752,947
黄一村,坪山区,碧岭街道,坪山区碧岭街道沙湖社区黄一村,114.31396,22.663704,315,483,746,939
老围村,坪山区,碧岭街道,坪山区碧岭街道汤坑社区老围村,114.303805,22.66885,340,522,806,1014
吓榨村,坪山区,碧岭街道,坪山区碧岭街道沙湖社区吓榨村,114.322212,22.679284,379,582,898,1130
六联社区楼角,坪山区,碧岭街道,坪山区碧岭街道汤坑社区六联社区楼角,114.305766,22.67245,342,525,810,1020
碧岭社区新沙,坪山区,碧岭街道,坪山区碧岭街道碧岭社区碧岭社区新沙,114.274803,22.668248,368,566,873,1099
新作陂,坪山区,碧岭街道,坪山区碧岭街道碧岭社区新作陂,114.28859,22.665826,361,554,855,1076
民乐社区民乐一区,龙华区,民治街道,龙华区民治街道民乐社区民乐社区民乐一区,114.048036,22.600424,1059,1626,2509,3159
下村二、三排旧村,光明区,公明街道,光明区公明街道下村社区下村二、三排旧村,113.880774,22.791709,377,579,893,1124
沙绩村,坪山区,碧岭街道,坪山区碧岭街道碧岭社区沙绩村,114.286091,22.667717,373,572,883,1111
上榨村,坪山区,碧岭街道,坪山区碧岭街道沙湖社区上榨村,114.319284,22.677291,351,538,830,1045
复兴村,坪山区,碧岭街道,坪山区碧岭街道沙湖社区复兴村,114.323621,22.672816,342,526,811,1021
安田世居,坪山区,碧岭街道,坪山区碧岭街道碧岭社区安田世居,114.2881,22.671569,366,561,866,1090
榕树背,坪山区,碧岭街道,坪山区碧岭街道碧岭社区榕树背,114.280098,22.668986,373,573,884,1113
永仁陂,坪山区,碧岭街道,坪山区碧岭街道碧岭社区永仁陂,114.29207,22.671359,358,549,848,1067
江岭社区竹园,坪山区,马峦街道,坪山区马峦街道江岭社区江岭社区竹园,114.351966,22.674781,436,670,1033,1301
江岭社区远香,坪山区,马峦街道,坪山区马峦街道江岭社区江岭社区远香,114.35359,22.687414,406,623,960,1209
石灰陂,坪山区,马峦街道,坪山区马峦街道江岭社区石灰陂,114.350443,22.687015,415,637,983,1238
江岭社区江边,坪山区,马峦街道,坪山区马峦街道江岭社区江岭社区江边,114.348086,22.68375,416,639,986,1242
三河新村,坪山区,马峦街道,坪山区马峦街道江岭社区三河新村,114.360913,22.663224,394,605,933,1175
长守村,坪山区,马峦街道,坪山区马峦街道江岭社区长守村,114.36412,22.665581,387,594,917,1155
坪环社区禾学,坪山区,马峦街道,坪山区马峦街道坪环社区坪环社区禾学,114.345772,22.686279,437,671,1035,1303
坪环社区老围,坪山区,马峦街道,坪山区马峦街道坪环社区坪环社区老围,114.344335,22.681683,426,654,1009,1271
禾场头,坪山区,马峦街道,坪山区马峦街道坪环社区禾场头,114.344784,22.681918,426,654,1009,1270
沙坣社区龙兴,坪山区,马峦街道,坪山区马峦街道沙坣社区沙坣社区龙兴,114.360536,22.693802,396,608,938,1181
青草林,坪山区,马峦街道,坪山区马峦街道沙坣社区青草林,114.367466,22.693547,370,567,876,1102
沙坣社区新村,坪山区,马峦街道,坪山区马峦街道沙坣社区沙坣社区新村,114.366517,22.688102,368,565,872,1098
谷仓吓,坪山区,马峦街道,坪山区马峦街道沙坣社区谷仓吓,114.360957,22.684832,394,605,933,1175
彭屋村,坪山区,马峦街道,坪山区马峦街道沙坣社区彭屋村,114.356849,22.694422,392,601,928,1168
桃园小区,坪山区,马峦街道,坪山区马峦街道坪环社区桃园小区,114.343537,22.682957,429,658,1015,1278
碧眼旧村,光明区,光明街道,光明区光明街道碧眼社区碧眼旧村,113.948431,22.757143,550,845,1303,1641
大万新村,坪山区,马峦街道,坪山区马峦街道坪环社区大万新村,114.337169,22.685519,463,710,1096,1380
坪环社区曾屋,坪山区,马峦街道,坪山区马峦街道坪环社区坪环社区曾屋,114.343296,22.678351,422,647,999,1258
西坑社区吓坝村,龙岗区,园山街道,龙岗区园山街道西坑社区西坑社区吓坝村,114.218276,22.624234,403,618,953,1201
坪环北小区,坪山区,马峦街道,坪山区马峦街道坪环社区坪环北小区,114.3437,22.68631,458,703,1084,1366
坪环南小区,坪山区,马峦街道,坪山区马峦街道坪环社区坪环南小区,114.343658,22.684626,427,656,1012,1275
陈屋村,坪山区,马峦街道,坪山区马峦街道沙坣社区陈屋村,114.357624,22.692822,388,596,920,1158
望牛岗居民小组,坪山区,石井街道,坪山区石井街道石井社区望牛岗居民小组,114.373104,22.70657,318,488,754,949
草埔居民小组,坪山区,石井街道,坪山区石井街道石井社区草埔居民小组,114.372773,22.700024,337,517,798,1005
岭脚居民小组,坪山区,石井街道,坪山区石井街道石井社区岭脚居民小组,114.373709,22.69883,355,545,841,1059
李屋居民小组,坪山区,石井街道,坪山区石井街道石井社区李屋居民小组,114.373517,22.695306,386,592,913,1150
石陂头居民小组,坪山区,石井街道,坪山区石井街道石井社区石陂头居民小组,114.377865,22.701933,303,464,717,902
横塘居民小组,坪山区,石井街道,坪山区石井街道石井社区横塘居民小组,114.38175,22.697754,339,520,803,1011
下屋居民小组,坪山区,石井街道,坪山区石井街道石井社区下屋居民小组,114.389331,22.697378,359,551,850,1070
田头埔居民小组,坪山区,石井街道,坪山区石井街道石井社区田头埔居民小组,114.390634,22.695825,366,561,866,1090
老屋居民小组,坪山区,石井街道,坪山区石井街道石井社区老屋居民小组,114.384609,22.694246,343,527,812,1023
太阳村居民小组,坪山区,石井街道,坪山区石井街道石井社区太阳村居民小组,114.381223,22.684163,341,523,807,1017
黄沙坑,坪山区,马峦街道,坪山区马峦街道坪环社区黄沙坑,114.336678,22.679262,425,653,1007,1268
田心社区新联,坪山区,石井街道,坪山区石井街道田心社区田心社区新联,114.414714,22.696456,344,528,814,1025
对面喊,坪山区,石井街道,坪山区石井街道田心社区对面喊,114.41249,22.698351,336,515,795,1001
树山背,坪山区,石井街道,坪山区石井街道田心社区树山背,114.408347,22.69575,349,536,827,1041
金成居民小组,坪山区,石井街道,坪山区石井街道金龟社区金成居民小组,114.390353,22.661788,345,529,817,1028
同石居民小组,坪山区,石井街道,坪山区石井街道金龟社区同石居民小组,114.391491,22.653259,343,527,812,1023
金地居民小组,坪山区,石井街道,坪山区石井街道金龟社区金地居民小组,114.395967,22.661694,324,497,767,966
半坝居民小组,坪山区,石井街道,坪山区石井街道金龟社区半坝居民小组,114.401532,22.662315,311,478,737,928
坪头岭居民小组,坪山区,石井街道,坪山区石井街道金龟社区坪头岭居民小组,114.406907,22.663342,320,491,757,954
田作居民小组,坪山区,石井街道,坪山区石井街道金龟社区田作居民小组,114.408985,22.663946,329,505,779,981
河唇居民小组,坪山区,龙田街道,坪山区龙田街道竹坑社区河唇居民小组,114.38175,22.707193,348,534,824,1038
新屋村,坪山区,马峦街道,坪山区马峦街道沙坣社区新屋村,114.363627,22.691002,382,586,904,1138
西坑社区西湖新村,龙岗区,园山街道,龙岗区园山街道西坑社区西坑社区西湖新村,114.215435,22.618449,532,816,1259,1585
罗庚丘居民小组,坪山区,龙田街道,坪山区龙田街道竹坑社区罗庚丘居民小组,114.372135,22.712816,339,520,803,1011
井水龙居民小组,坪山区,龙田街道,坪山区龙田街道老坑社区井水龙居民小组,114.369552,22.736594,345,529,816,1028
三角楼居民小组,坪山区,龙田街道,坪山区龙田街道老坑社区三角楼居民小组,114.348461,22.736391,381,585,903,1137
东坑居民小组,坪山区,龙田街道,坪山区龙田街道老坑社区东坑居民小组,114.363945,22.732228,323,496,766,964
盘古石居民小组,坪山区,龙田街道,坪山区龙田街道老坑社区盘古石居民小组,114.356541,22.729582,343,527,813,1024
松子坑居民小组,坪山区,龙田街道,坪山区龙田街道老坑社区松子坑居民小组,114.351028,22.725104,371,570,879,1107
下陂居民小组,坪山区,龙田街道,坪山区龙田街道龙田社区下陂居民小组,114.347809,22.764818,311,477,737,928
田段心居民小组,坪山区,龙田街道,坪山区龙田街道龙田社区田段心居民小组,114.365498,22.749528,311,478,737,928
牛湖居民小组,坪山区,龙田街道,坪山区龙田街道龙田社区牛湖居民小组,114.357171,22.751192,344,527,814,1025
松元头村,龙岗区,龙城街道,龙岗区龙城街道回龙埔社区松元头村,114.232263,22.739842,614,943,1454,1831
岭排小区,龙岗区,南湾街道,龙岗区南湾街道南岭村社区岭排小区,114.146568,22.616912,694,1065,1643,2069
岭背小区,龙岗区,南湾街道,龙岗区南湾街道丹竹头社区岭背小区,114.146729,22.620592,883,1356,2091,2634
力昌述昌围村,龙岗区,平湖街道,龙岗区平湖街道力昌社区力昌述昌围村,114.129513,22.710306,498,765,1180,1486
碧头社区许屋村,宝安区,松岗街道,宝安区松岗街道碧头社区碧头社区许屋村,113.803951,22.783045,455,699,1078,1358
下径心村,大鹏新区,葵涌街道,大鹏新区葵涌街道葵涌社区下径心村,114.419176,22.635005,437,671,1035,1303
怡景小区,龙岗区,坪地街道,龙岗区坪地街道怡心社区怡景小区,114.298702,22.773475,418,641,989,1245
围肚村,光明区,光明街道,光明区光明街道白花社区围肚村,113.993992,22.743224,463,710,1096,1380
马鞍岭,坪山区,石井街道,坪山区石井街道田头社区马鞍岭,114.397441,22.706007,351,540,832,1048
石湖居民小组,坪山区,龙田街道,坪山区龙田街道竹坑社区石湖居民小组,114.387844,22.710576,413,634,977,1231
龙岗社区斗方村,龙岗区,龙岗街道,龙岗区龙岗街道龙岗社区龙岗社区斗方村,114.262769,22.740024,570,875,1350,1700
温屋村,宝安区,松岗街道,宝安区松岗街道红星社区温屋村,113.829742,22.769753,489,751,1159,1459
南澳街小区,大鹏新区,南澳街道,大鹏新区南澳街道南澳社区南澳街小区,114.487033,22.537005,593,910,1404,1768
和安小区,宝安区,福海街道,宝安区福海街道和平社区和安小区,113.786482,22.695123,569,874,1349,1698
保安社区马五旧村,龙岗区,园山街道,龙岗区园山街道保安社区保安社区马五旧村,114.209095,22.644967,601,922,1423,1792
共和新村A区,龙华区,龙华街道,龙华区龙华街道松和社区共和新村A区,114.033818,22.655149,749,1149,1773,2232
荔苑新村B区,龙华区,龙华街道,龙华区龙华街道油松社区荔苑新村B区,114.041161,22.633814,690,1059,1635,2058
宝龙新村,龙华区,大浪街道,龙华区大浪街道浪口社区宝龙新村,114.011861,22.683538,443,681,1050,1323
上埔小区,宝安区,沙井街道,宝安区沙井街道步涌社区上埔小区,113.808342,22.757691,583,895,1381,1739
岗瓦铺小区,宝安区,沙井街道,宝安区沙井街道步涌社区岗瓦铺小区,113.806342,22.753529,516,792,1222,1538
德丰南住宅小区,宝安区,沙井街道,宝安区沙井街道民主社区德丰南住宅小区,113.77776,22.743222,533,818,1262,1589
和一新村,宝安区,沙井街道,宝安区沙井街道和一社区和一新村,113.780612,22.718412,582,894,1379,1737
辛养旧村,宝安区,沙井街道,宝安区沙井街道辛养社区辛养旧村,113.80271,22.742387,546,838,1293,1628
衙边社区旧村,宝安区,沙井街道,宝安区沙井街道衙边社区衙边社区旧村,113.805796,22.744568,544,835,1289,1623
浪口一区,龙华区,大浪街道,龙华区大浪街道浪口社区浪口一区,114.007089,22.679167,518,795,1226,1544
沙头社区,宝安区,沙井街道,宝安区沙井街道沙头社区沙头社区,113.79906,22.725466,538,826,1274,1605
平湖社区平湖旧村,龙岗区,平湖街道,龙岗区平湖街道平湖社区平湖社区平湖旧村,114.139105,22.692427,500,768,1185,1493
桥荣一区,宝安区,福海街道,宝安区福海街道桥头社区桥荣一区,113.80287,22.688329,731,1123,1732,2181
40区安乐园,宝安区,新安街道,宝安区新安街道安乐社区40区安乐园,113.894788,22.557646,1186,1820,2808,3536
中央山花园对面片区,光明区,公明街道,光明区公明街道公明社区中央山花园对面片区,113.894711,22.780444,493,757,1167,1470
鲤鱼岭村(含居民新村),龙华区,观澜街道,龙华区观澜街道新澜社区鲤鱼岭村(含居民新村),114.049019,22.723754,637,978,1509,1900
大王山新村,宝安区,沙井街道,宝安区沙井街道大王山社区大王山新村,113.8013,22.718642,530,814,1256,1581
桥南新区,宝安区,福海街道,宝安区福海街道桥头社区桥南新区,113.804205,22.693577,721,1106,1707,2150
浪心老村,宝安区,石岩街道,宝安区石岩街道浪心社区浪心老村,113.928074,22.678688,520,799,1232,1552
浪口二区,龙华区,大浪街道,龙华区大浪街道浪口社区浪口二区,114.005601,22.682114,500,768,1185,1493
水田新村,宝安区,石岩街道,宝安区石岩街道水田社区水田新村,113.953536,22.684812,532,816,1259,1585
山厦新村,龙岗区,平湖街道,龙岗区平湖街道山厦社区山厦新村,114.114718,22.704363,536,822,1269,1598
新南社区旧圩村,龙岗区,平湖街道,龙岗区平湖街道新南社区新南社区旧圩村,114.12635,22.691978,575,883,1362,1715
爱联社区锦秀村,龙岗区,龙城街道,龙岗区龙城街道爱联社区爱联社区锦秀村,114.222657,22.70019,676,1037,1600,2015
横岗社区新光旧村,龙岗区,横岗街道,龙岗区横岗街道横岗社区横岗社区新光旧村,114.202999,22.645806,726,1115,1721,2167
丰泽村,宝安区,福永街道,宝安区福永街道福永社区丰泽村,113.806825,22.667592,702,1078,1663,2094
南坑社区麒麟西,龙岗区,坂田街道,龙岗区坂田街道南坑社区南坑社区麒麟西,114.055583,22.611328,833,1279,1974,2486
螺岭社区东园坊,罗湖区,东门街道,罗湖区东门街道螺岭社区螺岭社区东园坊,114.122285,22.553813,1185,1819,2806,3533
螺岭社区螺岭村,罗湖区,东门街道,罗湖区东门街道螺岭社区螺岭社区螺岭村,114.120872,22.554096,1427,2190,3379,4255
厦村社区厦村老村,龙岗区,南湾街道,龙岗区南湾街道厦村社区厦村社区厦村老村,114.15633,22.612538,603,925,1428,1798
南新社区南和新村,龙岗区,南湾街道,龙岗区南湾街道南新社区南新社区南和新村,114.14464,22.608076,627,962,1485,1870
福民社区丹坑老村,龙华区,福城街道,龙华区福城街道福民社区福民社区丹坑老村,114.038489,22.718065,512,785,1212,1526
力昌社区大草埔村,龙岗区,平湖街道,龙岗区平湖街道力昌社区力昌社区大草埔村,114.12301,22.707577,521,800,1234,1554
君子布社区张村,龙华区,观澜街道,龙华区观澜街道君子布社区君子布社区张村,114.091383,22.717443,434,667,1028,1295
横岗社区大塘村,龙岗区,横岗街道,龙岗区横岗街道横岗社区横岗社区大塘村,114.199489,22.651328,673,1034,1595,2008
君子布社区龙兴村,龙华区,观澜街道,龙华区观澜街道君子布社区君子布社区龙兴村,114.095126,22.725674,362,555,856,1078
王母社区同乐街,大鹏新区,大鹏街道,大鹏新区大鹏街道大鹏社区王母社区同乐街,114.469932,22.594382,561,861,1329,1673
三联社区富联新村,龙华区,龙华街道,龙华区龙华街道三联社区三联社区富联新村,114.027261,22.668449,793,1217,1877,2364
华联社区龙苑新村,龙华区,龙华街道,龙华区龙华街道华联社区华联社区龙苑新村,114.005074,22.673504,748,1148,1771,2230
华联社区玉翠新村,龙华区,龙华街道,龙华区龙华街道玉翠社区华联社区玉翠新村,114.025304,22.675297,776,1191,1838,2315
王母社区叠福新村,大鹏新区,大鹏街道,大鹏新区大鹏街道王母社区王母社区叠福新村,114.475262,22.600551,634,973,1502,1891
新和二区,宝安区,福海街道,宝安区福海街道新和社区新和二区,113.796469,22.67324,679,1043,1609,2026
郭尾村,龙岗区,龙城街道,龙岗区龙城街道盛平社区郭尾村,114.25113,22.737331,562,862,1330,1675
爱联社区如意村,龙岗区,龙城街道,龙岗区龙城街道爱联社区爱联社区如意村,114.226633,22.701055,637,978,1509,1900
横岗社区华西新光村,龙岗区,横岗街道,龙岗区横岗街道横岗社区横岗社区华西新光村,114.197551,22.650293,695,1067,1646,2072
新田社区谷湖龙村,龙华区,观湖街道,龙华区观湖街道新田社区新田社区谷湖龙村,114.085487,22.708794,486,746,1151,1450
上屋社区上排村,宝安区,石岩街道,宝安区石岩街道上屋社区上屋社区上排村,113.931488,22.690182,510,782,1207,1520
观城社区大和村,龙华区,观湖街道,龙华区观湖街道观城社区观城社区大和村,114.047373,22.696551,488,749,1155,1455
观城社区田寮村,龙华区,观湖街道,龙华区观湖街道观城社区观城社区田寮村,114.046384,22.702406,505,775,1195,1505
观城社区锦鲤村,龙华区,观湖街道,龙华区观湖街道观城社区观城社区锦鲤村,114.045489,22.706128,512,786,1212,1527
松元厦社区向西村,龙华区,观湖街道,龙华区观湖街道松元厦社区松元厦社区向西村,114.06453,22.722992,636,977,1507,1897
高另新村,坪山区,碧岭街道,坪山区碧岭街道汤坑社区高另新村,114.295328,22.670723,346,531,819,1032
大水田社区大水田村,龙华区,观澜街道,龙华区观澜街道大水田社区大水田社区大水田村,114.087957,22.743212,455,698,1077,1356
君子布社区老围村,龙华区,观澜街道,龙华区观澜街道君子布社区君子布社区老围村,114.095667,22.719422,357,548,846,1065
鸿祥小区,龙华区,福城街道,龙华区福城街道大水坑社区鸿祥小区,114.006888,22.729798,402,617,953,1200
汤坑新村,坪山区,碧岭街道,坪山区碧岭街道汤坑社区汤坑新村,114.307825,22.670041,340,522,805,1014
四联社区排榜小区,龙岗区,横岗街道,龙岗区横岗街道四联社区四联社区排榜小区,114.193357,22.655178,709,1088,1678,2114
东门城中村,坪山区,坪山街道,坪山区坪山街道坪山社区东门城中村,114.346805,22.688737,404,620,956,1204
黄麻埔新村,龙华区,大浪街道,龙华区大浪街道大浪社区黄麻埔新村,114.000856,22.690974,522,802,1237,1558
流塘社区流塘新村,宝安区,西乡街道,宝安区西乡街道流塘社区流塘社区流塘新村,113.88174,22.582189,1230,1888,2913,3669
塘头丽景小区,宝安区,石岩街道,宝安区石岩街道塘头社区塘头丽景小区,113.915844,22.648389,619,950,1466,1846
龙胜新村B区,龙华区,大浪街道,龙华区大浪街道龙胜社区龙胜新村B区,114.006824,22.652431,788,1209,1865,2349
碧岭围,坪山区,碧岭街道,坪山区碧岭街道碧岭社区碧岭围,114.285014,22.671737,384,590,910,1146
笔架山,光明区,光明街道,光明区光明街道光明社区笔架山,113.939109,22.760247,660,1012,1562,1967
黄榄坑新村,大鹏新区,葵涌街道,大鹏新区葵涌街道葵丰社区黄榄坑新村,114.412991,22.630691,409,628,969,1220
白龙头小区,龙华区,观湖街道,龙华区观湖街道樟溪社区白龙头小区,114.091692,22.694456,446,685,1056,1330
葵丰社区双伍村,大鹏新区,葵涌街道,大鹏新区葵涌街道葵丰社区葵丰社区双伍村,114.416758,22.630559,446,685,1056,1330
厦村社区桂新小区,龙岗区,南湾街道,龙岗区南湾街道厦村社区厦村社区桂新小区,114.16101,22.612234,516,792,1223,1539
六约社区幸福小区,龙岗区,横岗街道,龙岗区横岗街道六约社区六约社区幸福小区,114.16839,22.63654,723,1109,1712,2155
吓榨新村,坪山区,碧岭街道,坪山区碧岭街道沙湖社区吓榨新村,114.323459,22.677556,400,614,947,1192
平湖社区万福新村,龙岗区,平湖街道,龙岗区平湖街道平湖社区平湖社区万福新村,114.136054,22.687362,470,722,1114,1403
南头城,南山区,南头街道,南山区南头街道南头城社区南头城,113.916008,22.546426,1670,2564,3955,4981
下岭排老村,龙华区,大浪街道,龙华区大浪街道大浪社区下岭排老村,113.996416,22.69425,474,728,1123,1414
牛湖社区吓围村,龙华区,观澜街道,龙华区观澜街道广培社区牛湖社区吓围村,114.080764,22.73308,524,804,1240,1562
牛湖社区老一村,龙华区,观澜街道,龙华区观澜街道牛湖社区牛湖社区老一村,114.087037,22.731278,458,702,1084,1365
新澜社区桂澜小区,龙华区,观澜街道,龙华区观澜街道新澜社区新澜社区桂澜小区,114.056248,22.72483,513,787,1214,1529
泥岗社区泥岗西村,罗湖区,清水河街道,罗湖区清水河街道坭岗社区泥岗社区泥岗西村,114.09393,22.569338,1343,2062,3182,4007
黄屋村,宝安区,西乡街道,宝安区西乡街道乐群社区黄屋村,113.870728,22.581039,1211,1859,2868,3611
坪东社区坪东村,龙岗区,坪地街道,龙岗区坪地街道坪东社区坪东社区坪东村,114.307949,22.770131,396,607,937,1180
马安山社区马安山村西区,宝安区,沙井街道,宝安区沙井街道马安山社区马安山社区马安山村西区,113.810071,22.719446,483,741,1143,1440
马安山社区马安山村北区,宝安区,沙井街道,宝安区沙井街道马安山社区马安山社区马安山村北区,113.810745,22.721585,516,792,1221,1538
马安山社区马安山村东区,宝安区,沙井街道,宝安区沙井街道马安山社区马安山社区马安山村东区,113.813794,22.720422,492,756,1166,1468
大王山社区大王山南新村,宝安区,沙井街道,宝安区沙井街道大王山社区大王山社区大王山南新村,113.802379,22.714105,605,929,1433,1804
沙头社区茭塘旧村,宝安区,沙井街道,宝安区沙井街道沙头社区沙头社区茭塘旧村,113.803692,22.723595,540,829,1279,1610
桂花社区新石桥村,龙华区,观澜街道,龙华区观澜街道桂花社区桂花社区新石桥村,114.060564,22.729771,483,741,1143,1439
大水坑社区大二村,龙华区,福城街道,龙华区福城街道大水坑社区大水坑社区大二村,114.003738,22.732021,425,652,1006,1267
同益新村西小区,宝安区,福海街道,宝安区福海街道和平社区同益新村西小区,113.787274,22.698155,625,960,1481,1864
泥岗社区泥岗东村,罗湖区,清水河街道,罗湖区清水河街道坭岗社区泥岗社区泥岗东村,114.095966,22.57007,1314,2016,3111,3918
官田老村,宝安区,石岩街道,宝安区石岩街道官田社区官田老村,113.937978,22.684775,537,824,1271,1601
保安社区龙菀新村,龙岗区,园山街道,龙岗区园山街道保安社区保安社区龙菀新村,114.210221,22.652444,741,1137,1754,2209
高峰社区龙华老村,龙华区,大浪街道,龙华区大浪街道龙胜社区高峰社区龙华老村,114.006856,22.658796,679,1043,1609,2026
晒布墩,宝安区,沙井街道,宝安区沙井街道衙边社区晒布墩,113.806281,22.742788,557,854,1318,1660
大水坑社区大一村,龙华区,福城街道,龙华区福城街道大水坑社区大水坑社区大一村,114.000756,22.731377,487,748,1154,1454
鹏城社区东村,大鹏新区,大鹏街道,大鹏新区大鹏街道鹏城社区鹏城社区东村,114.511713,22.600507,418,642,990,1246
六联社区六联村,龙岗区,坪地街道,龙岗区坪地街道六联社区六联社区六联村,114.327772,22.803957,327,502,775,976
牛仔园,龙岗区,龙城街道,龙岗区龙城街道新联社区牛仔园,114.232686,22.700246,656,1007,1554,1957
坂田社区塘排村,龙岗区,坂田街道,龙岗区坂田街道坂田社区坂田社区塘排村,114.067027,22.641954,844,1295,1998,2516
马池田村,光明区,光明街道,光明区光明街道白花社区马池田村,113.99063,22.745185,468,718,1108,1395
四联社区蛇地岭村,龙岗区,横岗街道,龙岗区横岗街道四联社区四联社区蛇地岭村,114.191587,22.656936,725,1112,1716,2161
金南小区,大鹏新区,葵涌街道,大鹏新区葵涌街道葵新社区金南小区,114.420127,22.631697,436,670,1033,1301
库坑社区凹背围村,龙华区,观澜街道,龙华区观澜街道大富社区库坑社区凹背围村,114.027185,22.74082,448,687,1061,1336
库坑社区库坑中心区,龙华区,观澜街道,龙华区观澜街道库坑社区库坑社区库坑中心区,114.030718,22.739433,451,693,1069,1346
沙井社区沙井村,宝安区,沙井街道,宝安区沙井街道沙井社区沙井社区沙井村,113.806798,22.733328,547,840,1296,1632
三溪社区福新村,大鹏新区,葵涌街道,大鹏新区葵涌街道三溪社区三溪社区福新村,114.417514,22.637313,437,671,1035,1303
下岭排老村二区,龙华区,大浪街道,龙华区大浪街道大浪社区下岭排老村二区,113.996178,22.69311,488,750,1157,1457
圳埔新村,龙岗区,龙岗街道,龙岗区龙岗街道南联社区圳埔新村,114.246399,22.70852,450,690,1065,1341
横岗社区大块马小区,龙岗区,横岗街道,龙岗区横岗街道横岗社区横岗社区大块马小区,114.205627,22.644802,663,1018,1570,1978
坪环社区坪环小区,坪山区,马峦街道,坪山区马峦街道坪环社区坪环社区坪环小区,114.346032,22.684724,430,660,1019,1283
福慧园,龙华区,大浪街道,龙华区大浪街道大浪社区福慧园,113.994508,22.699109,453,695,1073,1351
田头社区新曲,坪山区,石井街道,坪山区石井街道田头社区田头社区新曲,114.403639,22.696269,305,468,723,910
桥荣二区,宝安区,福海街道,宝安区福海街道桥头社区桥荣二区,113.800324,22.691301,715,1098,1694,2133
衙边社区九墟小区,宝安区,沙井街道,宝安区沙井街道衙边社区衙边社区九墟小区,113.809959,22.743079,484,743,1147,1444
衙边社区大塘小区,宝安区,沙井街道,宝安区沙井街道衙边社区衙边社区大塘小区,113.811653,22.742762,472,724,1117,1406
沙三社区蚝四村,宝安区,沙井街道,宝安区沙井街道沙三社区沙三社区蚝四村,113.801261,22.746571,577,885,1366,1720
沙二社区沙二村,宝安区,沙井街道,宝安区沙井街道辛养社区沙二社区沙二村,113.800426,22.741298,509,781,1205,1518
桂澜新村(含玫园新村),龙华区,观澜街道,龙华区观澜街道新澜社区桂澜新村(含玫园新村),114.054044,22.72233,533,819,1263,1591
永北新村,光明区,公明街道,光明区公明街道上村社区永北新村,113.885244,22.791762,399,613,946,1191
金山小区,龙华区,龙华街道,龙华区龙华街道松和社区金山小区,114.034338,22.650535,618,949,1465,1844
朝阳围村,盐田区,盐田街道,盐田区盐田街道明珠社区朝阳围村,114.246338,22.596435,768,1178,1818,2289
下屋新村,宝安区,石岩街道,宝安区石岩街道上屋社区下屋新村,113.930317,22.686073,549,843,1300,1637
凤凰社区红朱岭村,龙岗区,平湖街道,龙岗区平湖街道凤凰社区凤凰社区红朱岭村,114.131405,22.692666,475,730,1126,1417
洪桥头社区鱼塘村,宝安区,燕罗街道,宝安区燕罗街道洪桥头社区洪桥头社区鱼塘村,113.836221,22.789348,514,789,1217,1532
红星社区大园新村,宝安区,松岗街道,宝安区松岗街道红星社区红星社区大园新村,113.833101,22.766735,444,682,1052,1325
红星社区西坊新村,宝安区,松岗街道,宝安区松岗街道红星社区红星社区西坊新村,113.835974,22.762106,467,716,1105,1391
红星社区龙门旧村,宝安区,松岗街道,宝安区松岗街道红星社区红星社区龙门旧村,113.837804,22.76482,451,693,1069,1346
楼岗社区洋眉坑村,宝安区,松岗街道,宝安区松岗街道楼岗社区楼岗社区洋眉坑村,113.85279,22.771247,550,844,1302,1640
六约社区龙塘村,龙岗区,横岗街道,龙岗区横岗街道六约社区六约社区龙塘村,114.186286,22.642811,750,1151,1776,2236
黄埔村,宝安区,新桥街道,宝安区新桥街道黄埔社区黄埔村,113.849729,22.708394,503,772,1191,1500
松涛社区爱国街,宝安区,松岗街道,宝安区松岗街道松涛社区松涛社区爱国街,113.839006,22.770195,508,781,1204,1517
松岗社区山美新区,宝安区,松岗街道,宝安区松岗街道松岗社区松岗社区山美新区,113.844425,22.771616,538,825,1273,1603
葵涌社区径心村,大鹏新区,葵涌街道,大鹏新区葵涌街道葵涌社区葵涌社区径心村,114.421476,22.635107,378,580,895,1126
松岗社区红花新村,宝安区,松岗街道,宝安区松岗街道松岗社区松岗社区红花新村,113.843507,22.773546,509,782,1206,1519
松岗社区东风新村,宝安区,松岗街道,宝安区松岗街道山门社区松岗社区东风新村,113.845009,22.775727,506,777,1198,1509
松岗社区麒麟新村,宝安区,松岗街道,宝安区松岗街道松岗社区松岗社区麒麟新村,113.842766,22.779718,469,720,1110,1398
东方社区南边头旧村,宝安区,松岗街道,宝安区松岗街道东方社区东方社区南边头旧村,113.838242,22.76369,463,711,1097,1381
花果山社区建设街,宝安区,松岗街道,宝安区松岗街道花果山社区花果山社区建设街,113.836206,22.773036,429,658,1015,1278
流仙洞,宝安区,西乡街道,宝安区西乡街道乐群社区流仙洞,113.871513,22.580783,1171,1798,2774,3493
鹅公岭社区鹅公岭旧村,龙岗区,平湖街道,龙岗区平湖街道鹅公岭社区鹅公岭社区鹅公岭旧村,114.147804,22.684796,513,788,1216,1531
沙头村,盐田区,盐田街道,盐田区盐田街道盐田社区沙头村,114.271872,22.590387,1023,1570,2422,3050
沙坣社区红花潭村,坪山区,马峦街道,坪山区马峦街道沙坣社区沙坣社区红花潭村,114.356345,22.697448,402,616,951,1198
三联社区石头背小区,龙岗区,吉华街道,龙岗区吉华街道三联社区三联社区石头背小区,114.113418,22.62629,678,1041,1606,2022
葵丰社区丰树山环村,大鹏新区,葵涌街道,大鹏新区葵涌街道葵丰社区葵丰社区丰树山环村,114.406214,22.637725,372,571,881,1109
碧眼社区白鸽场,光明区,光明街道,光明区光明街道碧眼社区碧眼社区白鸽场,113.953413,22.760312,508,780,1203,1515
楼岗社区楼岗北区,宝安区,松岗街道,宝安区松岗街道楼岗社区楼岗社区楼岗北区,113.851334,22.771348,528,811,1251,1576
塘家社区塘家新村,光明区,凤凰街道,光明区凤凰街道塘家社区塘家社区塘家新村,113.934971,22.733351,444,681,1050,1323
白鸽湖老村,龙华区,观湖街道,龙华区观湖街道樟溪社区白鸽湖老村,114.084811,22.695661,414,636,981,1236
布吉社区一村,龙岗区,布吉街道,龙岗区布吉街道布吉社区布吉社区一村,114.11039,22.60543,830,1275,1967,2476
同心社区阳和浪村,龙岗区,宝龙街道,龙岗区宝龙街道同心社区同心社区阳和浪村,114.3076,22.71827,296,455,702,884
大靓村,龙岗区,吉华街道,龙岗区吉华街道水径社区大靓村,114.101436,22.610236,727,1117,1723,2170
辅城坳社区辅城坳旧村,龙岗区,平湖街道,龙岗区平湖街道辅城坳社区辅城坳社区辅城坳旧村,114.09378,22.7003,462,709,1093,1377
甲子塘社区甲子塘新村,光明区,凤凰街道,光明区凤凰街道甲子塘社区甲子塘社区甲子塘新村,113.915068,22.733101,506,777,1199,1510
罗田社区罗田北区,宝安区,燕罗街道,宝安区燕罗街道罗田社区罗田社区罗田北区,113.87409,22.812781,460,705,1088,1370
九尾社区金桂园小区,宝安区,航城街道,宝安区航城街道九围社区九尾社区金桂园小区,113.858535,22.643949,671,1030,1589,2001
同心社区长湖围A区,龙岗区,宝龙街道,龙岗区宝龙街道同心社区同心社区长湖围A区,114.305619,22.71737,447,687,1059,1334
清水河新村,罗湖区,东晓街道,罗湖区东晓街道草埔东社区清水河新村,114.114031,22.586481,1437,2206,3403,4285
郭屋村,龙岗区,龙城街道,龙岗区龙城街道盛平社区郭屋村,114.252369,22.73174,519,797,1230,1549
香元老屋村,龙岗区,坪地街道,龙岗区坪地街道坪西社区香元老屋村,114.287376,22.773206,398,611,943,1187
甲子塘社区甲子塘旧村,光明区,凤凰街道,光明区凤凰街道甲子塘社区甲子塘社区甲子塘旧村,113.911547,22.737621,550,844,1302,1639
流塘社区流塘村,宝安区,西乡街道,宝安区西乡街道流塘社区流塘社区流塘村,113.882948,22.58007,1260,1934,2984,3758
和一社区和二村,宝安区,沙井街道,宝安区沙井街道和一社区和一社区和二村,113.784514,22.712229,531,815,1257,1583
东方社区东方一街,宝安区,松岗街道,宝安区松岗街道东方社区东方社区东方一街,113.84371,22.765493,442,678,1046,1317
共乐社区共乐村,宝安区,西乡街道,宝安区西乡街道盐田社区共乐社区共乐村,113.853797,22.582698,1155,1773,2736,3445
福田社区福田新村,福田区,福田街道,福田区福田街道福田社区福田社区福田新村,114.069173,22.537673,1782,2736,4221,5316
玉田社区祠堂村,福田区,南园街道,福田区南园街道滨江社区玉田社区祠堂村,114.090059,22.539709,1595,2448,3778,4757
玉田社区向东围村,福田区,南园街道,福田区南园街道滨江社区玉田社区向东围村,114.092031,22.540856,1623,2491,3843,4840
巴登社区巴登村,福田区,南园街道,福田区南园街道巴登社区巴登社区巴登村,114.096108,22.541247,1664,2554,3941,4963
桔岭老村置业小区,龙华区,福城街道,龙华区福城街道桔塘社区桔岭老村置业小区,114.022768,22.729359,375,575,887,1118
东山村,大鹏新区,南澳街道,大鹏新区南澳街道东山社区东山村,114.527023,22.557942,499,765,1181,1487
龙岗社区龙岗村,龙岗区,龙岗街道,龙岗区龙岗街道龙岗社区龙岗社区龙岗村,114.266076,22.741093,527,809,1248,1572
建新村永成巷,龙岗区,龙城街道,龙岗区龙城街道爱联社区建新村永成巷,114.219792,22.699559,709,1088,1679,2114
禾虾岭小区,龙岗区,平湖街道,龙岗区平湖街道禾花社区禾虾岭小区,114.11334,22.682292,538,826,1274,1605
大围一村,龙岗区,龙城街道,龙岗区龙城街道黄阁坑社区大围一村,114.208423,22.713298,626,961,1483,1868
沙鱼涌,大鹏新区,葵涌街道,大鹏新区葵涌街道土洋社区沙鱼涌,114.411829,22.613534,419,643,993,1250
元水老村,龙华区,观湖街道,龙华区观湖街道新田社区元水老村,114.087169,22.703343,444,682,1052,1325
宝民社区灶下村二坊,宝安区,新安街道,宝安区新安街道宝民社区宝民社区灶下村二坊,113.894589,22.569779,1273,1954,3015,3796
宝民社区灶下村三坊,宝安区,新安街道,宝安区新安街道宝民社区宝民社区灶下村三坊,113.892896,22.570513,1306,2005,3093,3895
塘尾社区沙田坑村,光明区,凤凰街道,光明区凤凰街道塘尾社区塘尾社区沙田坑村,113.896098,22.752991,458,703,1085,1366
塘尾社区后底园村,光明区,凤凰街道,光明区凤凰街道塘尾社区塘尾社区后底园村,113.896771,22.754926,457,702,1083,1364
新生社区田祖上新村,龙岗区,龙岗街道,龙岗区龙岗街道新生社区新生社区田祖上新村,114.264003,22.74782,539,827,1276,1607
新生社区车村新村,龙岗区,龙岗街道,龙岗区龙岗街道新生社区新生社区车村新村,114.25915,22.747832,477,732,1129,1421
龙西社区陂头肚老村,龙岗区,龙岗街道,龙岗区龙岗街道龙西社区龙西社区陂头肚老村,114.249703,22.746102,501,769,1186,1494
发新区,龙岗区,龙岗街道,龙岗区龙岗街道龙西社区发新区,114.235502,22.748735,451,692,1067,1344
龙西社区楼吓老村,龙岗区,龙岗街道,龙岗区龙岗街道龙西社区龙西社区楼吓老村,114.241272,22.746564,448,688,1062,1337
塘尾社区新园村,光明区,凤凰街道,光明区凤凰街道塘尾社区塘尾社区新园村,113.899529,22.754457,457,702,1083,1364
向南四区,龙华区,民治街道,龙华区民治街道樟坑社区向南四区,114.034221,22.618647,1008,1547,2387,3005
四联社区茂园小区,龙岗区,横岗街道,龙岗区横岗街道四联社区四联社区茂园小区,114.189683,22.656676,726,1115,1720,2166
辅城坳社区大王爷新村,龙岗区,平湖街道,龙岗区平湖街道辅城坳社区辅城坳社区大王爷新村,114.091513,22.703697,424,651,1004,1264
怀德社区翠岗二区,宝安区,福永街道,宝安区福永街道怀德社区怀德社区翠岗二区,113.816244,22.662877,728,1118,1725,2172
南岸村,宝安区,松岗街道,宝安区松岗街道红星社区南岸村,113.834337,22.760355,484,743,1147,1444
龙西社区楼吓新村,龙岗区,龙岗街道,龙岗区龙岗街道龙西社区龙西社区楼吓新村,114.241026,22.744632,429,658,1015,1278
新生社区低山村东,龙岗区,龙岗街道,龙岗区龙岗街道新生社区新生社区低山村东,114.284737,22.745495,479,735,1134,1428
新生社区仙人岭老村,龙岗区,龙岗街道,龙岗区龙岗街道新生社区新生社区仙人岭老村,114.270291,22.745851,535,822,1268,1597
塘尾社区村前路小区,光明区,凤凰街道,光明区凤凰街道塘尾社区塘尾社区村前路小区,113.901423,22.7554,463,710,1096,1380
新生社区十八乡村,龙岗区,龙岗街道,龙岗区龙岗街道新生社区新生社区十八乡村,114.272844,22.747303,552,847,1307,1645
新生社区新岭村,龙岗区,龙岗街道,龙岗区龙岗街道新生社区新生社区新岭村,114.270217,22.744116,481,738,1138,1433
新生社区牛桥村,龙岗区,龙岗街道,龙岗区龙岗街道新生社区新生社区牛桥村,114.270777,22.742128,473,726,1120,1411
南坑社区南坑老村,龙岗区,坂田街道,龙岗区坂田街道南坑社区南坑社区南坑老村,114.057282,22.617373,955,1466,2261,2847
四联社区茂盛新村,龙岗区,横岗街道,龙岗区横岗街道四联社区四联社区茂盛新村,114.196473,22.657083,695,1067,1646,2073
张二村,龙华区,观澜街道,龙华区观澜街道君子布社区张二村,114.090031,22.71943,405,622,959,1208
大磡村,南山区,西丽街道,南山区西丽街道大磡社区大磡村,113.972021,22.624097,1091,1675,2585,3255
上屋居民小组,坪山区,石井街道,坪山区石井街道石井社区上屋居民小组,114.389413,22.696777,362,555,857,1079
同乐社区水流田村,龙岗区,宝龙街道,龙岗区宝龙街道同乐社区同乐社区水流田村,114.302591,22.712644,430,661,1019,1284
黎光社区黎光村,龙华区,观澜街道,龙华区观澜街道黎光社区黎光社区黎光村,114.032147,22.759096,444,681,1051,1323
龙西社区石溪老村,龙岗区,龙岗街道,龙岗区龙岗街道龙西社区龙西社区石溪老村,114.24039,22.750212,440,676,1043,1313
澳门新村,龙华区,民治街道,龙华区民治街道民泰社区澳门新村,114.039283,22.604115,1312,2014,3107,3912
龙西社区石溪新村,龙岗区,龙岗街道,龙岗区龙岗街道龙西社区龙西社区石溪新村,114.241275,22.748742,453,696,1073,1352
沙头一区,宝安区,沙井街道,宝安区沙井街道沙头社区沙头一区,113.804369,22.733333,577,886,1366,1720
麻布自力新村,宝安区,石岩街道,宝安区石岩街道宝源社区麻布自力新村,113.889354,22.680006,507,778,1201,1512
坪山社区龙背,坪山区,坪山街道,坪山区坪山街道坪山社区坪山社区龙背,114.352903,22.690805,413,635,979,1233
立南城中村,坪山区,坪山街道,坪山区坪山街道坪山社区立南城中村,114.345367,22.691407,433,665,1026,1292
狮头岭村一区,龙华区,龙华街道,龙华区龙华街道和联社区狮头岭村一区,114.021504,22.666154,682,1046,1614,2033
六约社区麻地旧村,龙岗区,横岗街道,龙岗区横岗街道六约社区六约社区麻地旧村,114.184522,22.636789,730,1121,1729,2177
龙东社区大埔老屋村,龙岗区,宝龙街道,龙岗区宝龙街道龙东社区龙东社区大埔老屋村,114.292949,22.71743,443,681,1050,1323
龙东社区新田新村,龙岗区,宝龙街道,龙岗区宝龙街道龙东社区龙东社区新田新村,114.292029,22.721703,493,757,1168,1471
南布社区南布村,坪山区,龙田街道,坪山区龙田街道南布社区南布社区南布村,114.362459,22.701475,347,533,822,1035
南隆社区关厂小区,大鹏新区,南澳街道,大鹏新区南澳街道南隆社区南隆社区关厂小区,114.489507,22.536487,506,776,1197,1508
南隆社区教育路小区,大鹏新区,南澳街道,大鹏新区南澳街道南隆社区南隆社区教育路小区,114.490166,22.538337,501,768,1185,1493
原善窝小区,龙岗区,南湾街道,龙岗区南湾街道南岭村社区原善窝小区,114.142547,22.616011,638,980,1511,1903
六约社区景和村,龙岗区,横岗街道,龙岗区横岗街道六约社区六约社区景和村,114.185423,22.632462,722,1109,1711,2155
水径社区官坑村,龙岗区,吉华街道,龙岗区吉华街道水径社区水径社区官坑村,114.101431,22.621024,732,1124,1734,2184
湾厦新村,南山区,蛇口街道,南山区蛇口街道湾厦社区湾厦新村,113.926859,22.493445,1621,2489,3840,4836
桂木园社区桂木园小区,罗湖区,桂园街道,罗湖区桂园街道桂木园社区桂木园社区桂木园小区,114.109214,22.549489,1452,2228,3438,4330
南隆社区百花园小区,大鹏新区,南澳街道,大鹏新区南澳街道南隆社区南隆社区百花园小区,114.488981,22.539041,501,769,1186,1494
桂木园社区果园小区,罗湖区,桂园街道,罗湖区桂园街道桂木园社区桂木园社区果园小区,114.108091,22.551225,1620,2487,3837,4832
坪东社区西湖塘新村,龙岗区,坪地街道,龙岗区坪地街道坪东社区坪东社区西湖塘新村,114.309476,22.774476,390,599,925,1164
荔芳社区丁头东村,南山区,南山街道,南山区南山街道荔芳社区荔芳社区丁头东村,113.914795,22.529456,1487,2282,3521,4433
六联社区华美新村,坪山区,坪山街道,坪山区坪山街道六联社区六联社区华美新村,114.326277,22.694382,393,603,930,1172
六联社区昌盛小区,坪山区,坪山街道,坪山区坪山街道六联社区六联社区昌盛小区,114.331843,22.695318,425,653,1008,1269
洪安老围村,盐田区,盐田街道,盐田区盐田街道沿港社区洪安老围村,114.259728,22.590891,728,1118,1725,2172
上油松村,龙华区,龙华街道,龙华区龙华街道油松社区上油松村,114.040053,22.639436,733,1126,1737,2187
山厦社区老村,龙岗区,平湖街道,龙岗区平湖街道山厦社区山厦社区老村,114.110864,22.706076,493,757,1167,1470
沙湖社区沙湖新村,坪山区,碧岭街道,坪山区碧岭街道沙湖社区沙湖社区沙湖新村,114.314751,22.673439,353,541,835,1052
六和社区飞东新村,坪山区,坪山街道,坪山区坪山街道六和社区六和社区飞东新村,114.337844,22.702031,360,553,853,1074
合水口社区上屯新村,光明区,马田街道,光明区马田街道合水口社区合水口社区上屯新村,113.884467,22.783273,438,672,1037,1305
坪山社区立北小区,坪山区,坪山街道,坪山区坪山街道坪山社区坪山社区立北小区,114.346574,22.692755,430,660,1018,1282
合水口社区上屯旧村,光明区,马田街道,光明区马田街道合水口社区合水口社区上屯旧村,113.879929,22.785078,410,629,970,1221
溪头社区溪头一区,宝安区,松岗街道,宝安区松岗街道溪头社区溪头社区溪头一区,113.830684,22.774622,478,734,1132,1426
碧波社区天井湖小区,罗湖区,黄贝街道,罗湖区黄贝街道碧波社区碧波社区天井湖小区,114.135066,22.562292,1348,2069,3192,4020
合水口社区中屯旧村,光明区,马田街道,光明区马田街道合水口社区合水口社区中屯旧村,113.878199,22.786013,423,649,1001,1261
北站社区笋岗南村,罗湖区,笋岗街道,罗湖区笋岗街道北站社区北站社区笋岗南村,114.110415,22.559215,1318,2024,3122,3932
龙眼山新村,宝安区,石岩街道,宝安区石岩街道罗租社区龙眼山新村,113.942225,22.670113,500,767,1183,1490
三溪社区澳头,大鹏新区,葵涌街道,大鹏新区葵涌街道葵新社区三溪社区澳头,114.432201,22.621844,463,711,1097,1381
大芬社区大芬村,龙岗区,布吉街道,龙岗区布吉街道大芬社区大芬社区大芬村,114.129993,22.617241,856,1313,2026,2552
衙边社区衙边新村,宝安区,沙井街道,宝安区沙井街道衙边社区衙边社区衙边新村,113.810372,22.745127,551,846,1306,1644
马家龙社区荔园新村,南山区,南头街道,南山区南头街道马家龙社区马家龙社区荔园新村,113.924033,22.553278,1663,2553,3940,4961
田心社区新桥村,坪山区,石井街道,坪山区石井街道田心社区田心社区新桥村,114.407599,22.69699,334,513,792,997
合水口社区下屯旧村,光明区,马田街道,光明区马田街道合水口社区合水口社区下屯旧村,113.875759,22.786281,444,681,1051,1323
合水口社区荣达新村,光明区,马田街道,光明区马田街道合水口社区合水口社区荣达新村,113.871178,22.788395,443,680,1049,1321
龙田社区龙湖村,坪山区,龙田街道,坪山区龙田街道龙田社区龙田社区龙湖村,114.354037,22.756416,330,507,782,984
秀新社区新乔围小区,坪山区,坑梓街道,坪山区坑梓街道秀新社区秀新社区新乔围小区,114.378889,22.756081,343,527,813,1024
九围社区九围新村,宝安区,航城街道,宝安区航城街道九围社区九围社区九围新村,113.857809,22.648038,545,837,1292,1627
三围社区三围村东,宝安区,航城街道,宝安区航城街道三围社区三围社区三围村东,113.841874,22.6171,816,1253,1934,2435
公明社区南庄村,光明区,公明街道,光明区公明街道新庄社区公明社区南庄村,113.905494,22.778813,552,847,1306,1645
黄麻布社区簕竹村,宝安区,航城街道,宝安区航城街道黄麻布社区黄麻布社区簕竹村,113.858714,22.661948,592,909,1403,1766
金沙社区青排老村,坪山区,坑梓街道,坪山区坑梓街道金沙社区金沙社区青排老村,114.389618,22.7503,300,460,710,893
金沙社区薛屋老村,坪山区,坑梓街道,坪山区坑梓街道金沙社区金沙社区薛屋老村,114.392958,22.750324,316,485,748,942
东方社区水围新村二区,宝安区,松岗街道,宝安区松岗街道东方社区东方社区水围新村二区,113.839127,22.768023,508,780,1204,1516
桥东社区桥东新村,盐田区,沙头角街道,盐田区沙头角街道桥东社区桥东社区桥东新村,114.226315,22.550312,958,1471,2269,2857
沙田社区沙田村,坪山区,坑梓街道,坪山区坑梓街道沙田社区沙田社区沙田村,114.405496,22.764711,328,503,776,977
九围社区九围旧村,宝安区,航城街道,宝安区航城街道九围社区九围社区九围旧村,113.858071,22.651053,488,749,1156,1456
汤星村,坪山区,碧岭街道,坪山区碧岭街道汤坑社区汤星村,114.298248,22.670204,420,645,995,1253
金沙社区五岭村,坪山区,坑梓街道,坪山区坑梓街道金沙社区金沙社区五岭村,114.392153,22.756938,332,510,786,990
兴围社区兴围村,宝安区,福永街道,宝安区福永街道兴围社区兴围社区兴围村,113.826383,22.641709,813,1248,1926,2426
三围社区三围村西,宝安区,航城街道,宝安区航城街道三围社区三围社区三围村西,113.840169,22.616343,824,1265,1952,2458
正龙新村,光明区,马田街道,光明区马田街道根竹园社区正龙新村,113.871286,22.773567,441,677,1045,1316
龙湾片区,光明区,玉塘街道,光明区玉塘街道田寮社区龙湾片区,113.900972,22.733081,414,635,980,1234
羌下旧村,光明区,新湖街道,光明区新湖街道新羌社区羌下旧村,113.958206,22.809657,354,544,839,1056
鹏城社区围仔村,大鹏新区,大鹏街道,大鹏新区大鹏街道鹏城社区鹏城社区围仔村,114.50213,22.595218,494,758,1169,1472
南约社区水一新村,龙岗区,宝龙街道,龙岗区宝龙街道南约社区南约社区水一新村,114.273735,22.695225,521,799,1233,1553
石井居民小组,坪山区,石井街道,坪山区石井街道石井社区石井居民小组,114.378823,22.693154,366,562,867,1092
向南二区,龙华区,民治街道,龙华区民治街道民强社区向南二区,114.033413,22.622723,1041,1598,2465,3104
怀德社区翠岗一区,宝安区,福永街道,宝安区福永街道怀德社区怀德社区翠岗一区,113.816197,22.661096,715,1098,1694,2133
怀德社区怀德新村,宝安区,福永街道,宝安区福永街道怀德社区怀德社区怀德新村,113.811119,22.667462,747,1147,1769,2228
福永社区福永村,宝安区,福永街道,宝安区福永街道福永社区福永社区福永村,113.807038,22.669083,718,1102,1700,2140
福永社区陈屋村,宝安区,福永街道,宝安区福永街道福永社区福永社区陈屋村,113.807458,22.670275,705,1082,1669,2102
福永社区庄屋村,宝安区,福永街道,宝安区福永街道福永社区福永社区庄屋村,113.809192,22.669182,750,1151,1776,2236
新和社区新和村西区,宝安区,福海街道,宝安区福海街道新和社区新和社区新和村西区,113.803212,22.669908,633,971,1499,1887
公明社区永春街,光明区,公明街道,光明区公明街道公明社区公明社区永春街,113.88817,22.787096,499,766,1182,1488
稔田社区稔田旧村,宝安区,福海街道,宝安区福海街道稔田社区稔田社区稔田旧村,113.825686,22.706512,698,1072,1654,2083
阁溪村,龙岗区,龙城街道,龙岗区龙城街道黄阁坑社区阁溪村,114.208386,22.711508,651,1000,1542,1942
西乡社区共乐村,宝安区,西乡街道,宝安区西乡街道共乐社区西乡社区共乐村,113.868142,22.580098,1016,1560,2407,3031
红花园社区红花园村,南山区,南头街道,南山区南头街道红花园社区红花园社区红花园村,113.91795,22.54113,1730,2655,4097,5159
西乡社区盐田新一村,宝安区,西乡街道,宝安区西乡街道盐田社区西乡社区盐田新一村,113.858677,22.58089,1319,2025,3124,3934
西坑社区西坑村,龙岗区,园山街道,龙岗区园山街道西坑社区西坑社区西坑村,114.218126,22.62106,536,823,1270,1599
皇岗社区皇岗新村,福田区,福田街道,福田区福田街道皇岗社区皇岗社区皇岗新村,114.055265,22.524586,1726,2650,4088,5148
饭堂门,宝安区,西乡街道,宝安区西乡街道河东社区饭堂门,113.875391,22.572764,1248,1916,2956,3722
杨屋村,龙岗区,龙城街道,龙岗区龙城街道盛平社区杨屋村,114.254678,22.735384,514,788,1217,1532
西乡社区盐田新二村,宝安区,西乡街道,宝安区西乡街道盐田社区西乡社区盐田新二村,113.85916,22.582246,1294,1987,3065,3860
西乡社区高树围村,宝安区,西乡街道,宝安区西乡街道盐田社区西乡社区高树围村,113.860341,22.582261,1293,1985,3063,3857
西乡社区宝莲新村,宝安区,西乡街道,宝安区西乡街道共乐社区西乡社区宝莲新村,113.865459,22.580907,1047,1607,2480,3123
田心社区散屋,坪山区,石井街道,坪山区石井街道田心社区田心社区散屋,114.421583,22.695694,323,495,764,962
上村,坪山区,石井街道,坪山区石井街道田头社区上村,114.400788,22.693665,330,507,782,985
竹坑居民小组,坪山区,龙田街道,坪山区龙田街道竹坑社区竹坑居民小组,114.37604,22.713658,348,534,824,1037
上坝居民小组,坪山区,龙田街道,坪山区龙田街道竹坑社区上坝居民小组,114.392974,22.711271,399,613,946,1191
三洋湖,坪山区,坪山街道,坪山区坪山街道坪山社区三洋湖,114.350095,22.692236,424,652,1005,1266
钟屋社区沙边旧村,宝安区,航城街道,宝安区航城街道钟屋社区钟屋社区沙边旧村,113.838365,22.626876,771,1184,1826,2299
流塘社区流塘西区,宝安区,西乡街道,宝安区西乡街道流塘社区流塘社区流塘西区,113.883953,22.588225,1174,1801,2779,3500
流塘社区流塘旧村,宝安区,西乡街道,宝安区西乡街道流塘社区流塘社区流塘旧村,113.885595,22.58266,1217,1869,2883,3631
龙东社区大浦新村,龙岗区,宝龙街道,龙岗区宝龙街道龙东社区龙东社区大浦新村,114.287385,22.72156,429,658,1016,1279
臣田社区臣田村,宝安区,西乡街道,宝安区西乡街道臣田社区臣田社区臣田村,113.87245,22.594382,1166,1789,2761,3476
黄竹村,龙岗区,坪地街道,龙岗区坪地街道中心社区黄竹村,114.300538,22.763825,373,573,884,1114
五联社区移民新村,龙岗区,龙岗街道,龙岗区龙岗街道五联社区五联社区移民新村,114.22689,22.750493,428,657,1014,1277
保安社区大富村,龙岗区,园山街道,龙岗区园山街道保安社区保安社区大富村,114.231176,22.663448,477,733,1130,1423
万安堂村,龙华区,观澜街道,龙华区观澜街道新澜社区万安堂村,114.048913,22.721163,644,988,1524,1920
西乡社区盐田新三村,宝安区,西乡街道,宝安区西乡街道盐田社区西乡社区盐田新三村,113.85506,22.583976,1291,1981,3056,3849
翻身社区和丰小区,宝安区,新安街道,宝安区新安街道翻身社区翻身社区和丰小区,113.886808,22.568231,1357,2084,3215,4048
安乐社区翻身村,宝安区,新安街道,宝安区新安街道安乐社区安乐社区翻身村,113.890215,22.562103,1295,1987,3066,3861
葵丰社区荔枝村,大鹏新区,葵涌街道,大鹏新区葵涌街道葵丰社区葵丰社区荔枝村,114.416388,22.632457,439,674,1039,1309
上屋老村,宝安区,石岩街道,宝安区石岩街道上屋社区上屋老村,113.932205,22.684051,547,839,1295,1631
东渔村,大鹏新区,南澳街道,大鹏新区南澳街道东渔社区东渔村,114.523632,22.556672,506,776,1197,1508
盛平社区塘背坜村,龙岗区,龙城街道,龙岗区龙城街道盛平社区盛平社区塘背坜村,114.253932,22.739185,446,685,1057,1331
大磡社区王京坑村,南山区,西丽街道,南山区西丽街道大磡社区大磡社区王京坑村,113.965363,22.635701,1022,1568,2420,3047
白石村,宝安区,西乡街道,宝安区西乡街道乐群社区白石村,113.872018,22.57997,1087,1669,2575,3242
龙田新村,坪山区,龙田街道,坪山区龙田街道龙田社区龙田新村,114.361265,22.751834,365,560,864,1088
水头沙,大鹏新区,南澳街道,大鹏新区南澳街道水头沙社区水头沙,114.474818,22.552447,488,750,1157,1456
流塘社区荔景新村,宝安区,西乡街道,宝安区西乡街道流塘社区流塘社区荔景新村,113.882725,22.583601,1386,2128,3284,4135
保安社区马六村(含龙苑新村),龙岗区,园山街道,龙岗区园山街道保安社区保安社区马六村(含龙苑新村),114.210935,22.646554,630,968,1493,1880
龙田社区新屋村,坪山区,龙田街道,坪山区龙田街道龙田社区龙田社区新屋村,114.355236,22.761642,325,500,771,971
悦兴二组小区,龙华区,福城街道,龙华区福城街道福民社区悦兴二组小区,114.029688,22.714133,451,692,1068,1345
沙坣新村,宝安区,沙井街道,宝安区沙井街道坣岗社区沙坣新村,113.808851,22.732208,585,899,1387,1746
水库新村,罗湖区,翠竹街道,罗湖区翠竹街道新村社区水库新村,114.133514,22.567473,1357,2083,3213,4046
新围村,光明区,光明街道,光明区光明街道白花社区新围村,113.989911,22.736369,468,719,1109,1397
鹏城社区鹏城花园,大鹏新区,大鹏街道,大鹏新区大鹏街道鹏城社区鹏城社区鹏城花园,114.498732,22.597434,480,737,1138,1433
下企沙,大鹏新区,南澳街道,大鹏新区南澳街道南隆社区下企沙,114.482177,22.540315,438,672,1037,1306
凤凰岗社区凤田中心区,宝安区,西乡街道,宝安区西乡街道凤凰岗社区凤凰岗社区凤田中心区,113.870823,22.599013,1143,1755,2707,3409
上企沙,大鹏新区,南澳街道,大鹏新区南澳街道南隆社区上企沙,114.484646,22.542827,477,732,1130,1422
南隆社区枫南,大鹏新区,南澳街道,大鹏新区南澳街道南隆社区南隆社区枫南,114.492791,22.536606,500,767,1184,1491
南渔村,大鹏新区,南澳街道,大鹏新区南澳街道南渔社区南渔村,114.488379,22.53467,495,760,1173,1477
新田旧村,宝安区,福海街道,宝安区福海街道新田社区新田旧村,113.826182,22.695533,628,964,1488,1874
牛湾新村,宝安区,西乡街道,宝安区西乡街道盐田社区牛湾新村,113.849809,22.583879,1511,2319,3578,4505
新丰新村,龙华区,观湖街道,龙华区观湖街道新田社区新丰新村,114.085237,22.705732,482,739,1141,1436
横岗社区上围老村,龙岗区,横岗街道,龙岗区横岗街道横岗社区横岗社区上围老村,114.203892,22.646373,709,1088,1678,2113
马坑村,大鹏新区,南澳街道,大鹏新区南澳街道南澳社区马坑村,114.487876,22.532522,484,742,1145,1442
沙埔村,大鹏新区,南澳街道,大鹏新区南澳街道东渔社区沙埔村,114.520859,22.554795,499,766,1182,1489
高岭村,大鹏新区,南澳街道,大鹏新区南澳街道东山社区高岭村,114.538896,22.553699,416,639,985,1241
大碓二,大鹏新区,南澳街道,大鹏新区南澳街道东山社区大碓二,114.537585,22.559428,410,630,972,1224
沙博小区,龙华区,观湖街道,龙华区观湖街道新田社区沙博小区,114.076175,22.708104,392,601,927,1168
楼角村,龙岗区,坪地街道,龙岗区坪地街道六联社区楼角村,114.317734,22.785421,309,474,731,921
山塘尾老屋村,龙岗区,坪地街道,龙岗区坪地街道中心社区山塘尾老屋村,114.291858,22.763806,376,578,891,1123
民乐社区民乐老村,龙华区,民治街道,龙华区民治街道民乐社区民乐社区民乐老村,114.046057,22.601024,1224,1879,2898,3650
刘屋村,龙岗区,坪地街道,龙岗区坪地街道六联社区刘屋村,114.318791,22.784177,313,480,740,932
新香村,龙岗区,坪地街道,龙岗区坪地街道六联社区新香村,114.314467,22.77927,347,533,822,1036
老香村,龙岗区,坪地街道,龙岗区坪地街道六联社区老香村,114.312303,22.777255,357,547,844,1063
屯圩村,龙岗区,坪地街道,龙岗区坪地街道六联社区屯圩村,114.321374,22.786106,332,510,787,990
吉坑村,龙岗区,坪地街道,龙岗区坪地街道六联社区吉坑村,114.3295,22.789895,344,527,814,1025
石碧村,龙岗区,坪地街道,龙岗区坪地街道六联社区石碧村,114.330565,22.796277,312,479,739,931
围肚老屋村,龙岗区,坪地街道,龙岗区坪地街道年丰社区围肚老屋村,114.326574,22.770835,347,533,822,1035
裕民新村居民小组,坪山区,坑梓街道,坪山区坑梓街道坑梓社区裕民新村居民小组,114.366963,22.747501,380,584,900,1134
发方村,龙岗区,坪地街道,龙岗区坪地街道六联社区发方村,114.334217,22.79941,320,491,757,953
赤花岭老村,龙华区,观澜街道,龙华区观澜街道桂花社区赤花岭老村,114.054267,22.726183,509,782,1206,1519
新围村,龙岗区,坪地街道,龙岗区坪地街道六联社区新围村,114.316756,22.786888,311,478,737,928
鹤坑村,龙岗区,坪地街道,龙岗区坪地街道六联社区鹤坑村,114.329697,22.787764,342,525,810,1020
高桥村,龙岗区,坪地街道,龙岗区坪地街道坪西社区高桥村,114.284335,22.779518,433,664,1025,1291
香元排村,龙岗区,坪地街道,龙岗区坪地街道坪西社区香元排村,114.286218,22.771999,393,603,930,1171
香元村,龙岗区,坪地街道,龙岗区坪地街道坪西社区香元村,114.286284,22.77511,416,638,985,1240
花园村,龙岗区,坪地街道,龙岗区坪地街道坪西社区花园村,114.286684,22.760731,384,590,910,1146
岭背村,龙岗区,坪地街道,龙岗区坪地街道坪西社区岭背村,114.271474,22.769488,360,552,852,1073
骆屋老屋村,龙岗区,坪地街道,龙岗区坪地街道年丰社区骆屋老屋村,114.327045,22.770138,353,542,836,1052
果园村,龙岗区,坪地街道,龙岗区坪地街道坪西社区果园村,114.274254,22.77381,353,542,837,1053
寿利村,龙岗区,坪地街道,龙岗区坪地街道中心社区寿利村,114.297159,22.762993,405,622,959,1208
河背村,龙岗区,坪地街道,龙岗区坪地街道中心社区河背村,114.300321,22.768345,400,613,946,1192
上輋村,龙岗区,坪地街道,龙岗区坪地街道中心社区上輋村,114.301283,22.756602,361,554,855,1077
山塘尾村,龙岗区,坪地街道,龙岗区坪地街道中心社区山塘尾村,114.292084,22.767766,400,614,947,1193
上围村,龙岗区,坪地街道,龙岗区坪地街道年丰社区上围村,114.325131,22.772064,338,518,799,1007
田坑村,龙岗区,坪地街道,龙岗区坪地街道年丰社区田坑村,114.323949,22.774577,328,504,778,979
牛眠岭村,龙岗区,坪地街道,龙岗区坪地街道四方埔社区牛眠岭村,114.325328,22.760097,320,491,758,955
坪地圩村,龙岗区,坪地街道,龙岗区坪地街道中心社区坪地圩村,114.307579,22.777083,392,601,927,1168
刘屋老屋村,龙岗区,坪地街道,龙岗区坪地街道六联社区刘屋老屋村,114.319505,22.783087,332,510,786,990
屯圩老屋村,龙岗区,坪地街道,龙岗区坪地街道六联社区屯圩老屋村,114.320651,22.787439,329,505,779,981
元岗老村,龙华区,观湖街道,龙华区观湖街道新田社区元岗老村,114.086904,22.699453,404,620,956,1204
吉坑老屋村,龙岗区,坪地街道,龙岗区坪地街道六联社区吉坑老屋村,114.329342,22.790976,353,543,837,1054
石碧老屋村,龙岗区,坪地街道,龙岗区坪地街道六联社区石碧老屋村,114.330854,22.794098,325,498,769,968
发方老屋村,龙岗区,坪地街道,龙岗区坪地街道六联社区发方老屋村,114.332727,22.798812,294,451,695,875
鹤坑老屋村,龙岗区,坪地街道,龙岗区坪地街道六联社区鹤坑老屋村,114.328852,22.786229,333,512,789,994
黎屋老屋村,龙岗区,坪地街道,龙岗区坪地街道六联社区黎屋老屋村,114.320371,22.792684,318,488,753,949
李屋老屋村,龙岗区,坪地街道,龙岗区坪地街道六联社区李屋老屋村,114.322782,22.789473,360,553,853,1074
老围老屋村,龙岗区,坪地街道,龙岗区坪地街道六联社区老围老屋村,114.315365,22.785845,308,473,730,919
罗屋老屋村,龙岗区,坪地街道,龙岗区坪地街道六联社区罗屋老屋村,114.324048,22.789802,364,559,862,1086
花园老屋村,龙岗区,坪地街道,龙岗区坪地街道坪西社区花园老屋村,114.287381,22.76193,382,587,905,1140
新屋场老屋村,龙岗区,坪地街道,龙岗区坪地街道坪西社区新屋场老屋村,114.278912,22.767919,373,573,884,1113
料龙老屋村,龙岗区,坪地街道,龙岗区坪地街道坪西社区料龙老屋村,114.27602,22.765734,394,604,932,1174
民治社区华侨新村,龙华区,民治街道,龙华区民治街道民治社区民治社区华侨新村,114.041357,22.631488,1080,1657,2557,3220
沃头老屋村,龙岗区,坪地街道,龙岗区坪地街道坪西社区沃头老屋村,114.275099,22.767801,357,549,847,1066
寿利老屋村,龙岗区,坪地街道,龙岗区坪地街道中心社区寿利老屋村,114.295565,22.762877,390,598,923,1162
黄竹老屋村,龙岗区,坪地街道,龙岗区坪地街道中心社区黄竹老屋村,114.300714,22.762054,381,585,902,1136
富乐老屋村,龙岗区,坪地街道,龙岗区坪地街道中心社区富乐老屋村,114.309191,22.756724,370,568,877,1104
梨园老屋村,龙岗区,坪地街道,龙岗区坪地街道中心社区梨园老屋村,114.295767,22.764701,417,640,988,1244
石灰围老屋村,龙岗区,坪地街道,龙岗区坪地街道中心社区石灰围老屋村,114.3061,22.764257,383,587,906,1141
上輋老屋村,龙岗区,坪地街道,龙岗区坪地街道中心社区上輋老屋村,114.302102,22.755377,364,559,863,1087
江子背老屋村,龙岗区,坪地街道,龙岗区坪地街道中心社区江子背老屋村,114.296613,22.761122,365,560,864,1088
横岭老屋村,龙岗区,坪地街道,龙岗区坪地街道年丰社区横岭老屋村,114.3456,22.779035,388,596,919,1158
矮岗老屋村,龙岗区,坪地街道,龙岗区坪地街道年丰社区矮岗老屋村,114.329939,22.765945,334,513,792,998
石二村,龙华区,观澜街道,龙华区观澜街道牛湖社区石二村,114.085939,22.719512,365,560,864,1087
新屋老屋村,龙岗区,坪地街道,龙岗区坪地街道年丰社区新屋老屋村,114.328478,22.769462,348,535,825,1039
景田小区,龙华区,观湖街道,龙华区观湖街道新田社区景田小区,114.07854,22.70363,503,772,1191,1499
马塘老屋村,龙岗区,坪地街道,龙岗区坪地街道四方埔社区马塘老屋村,114.317249,22.757071,370,567,875,1102
牛眠岭老屋村,龙岗区,坪地街道,龙岗区坪地街道四方埔社区牛眠岭老屋村,114.323725,22.759919,306,470,724,912
四方埔老屋村,龙岗区,坪地街道,龙岗区坪地街道四方埔社区四方埔老屋村,114.317709,22.764597,411,631,974,1227
二十二小区,龙岗区,坪地街道,龙岗区坪地街道坪地社区二十二小区,114.307643,22.777437,400,615,949,1194
新兴村片区,龙岗区,坪地街道,龙岗区坪地街道坪地社区新兴村片区,114.299626,22.771301,414,636,981,1236
白石塘安置小区,龙岗区,坪地街道,龙岗区坪地街道高桥社区白石塘安置小区,114.292054,22.782455,409,628,969,1221
太元村,龙岗区,坪地街道,龙岗区坪地街道六联社区太元村,114.320225,22.783932,318,489,754,950
李屋村,龙岗区,坪地街道,龙岗区坪地街道六联社区李屋村,114.324168,22.788687,359,551,850,1071
罗屋村,龙岗区,坪地街道,龙岗区坪地街道六联社区罗屋村,114.32459,22.790609,354,543,837,1054
梨园村,龙岗区,坪地街道,龙岗区坪地街道中心社区梨园村,114.295953,22.770794,430,660,1018,1282
矮岗新村,龙岗区,坪地街道,龙岗区坪地街道年丰社区矮岗新村,114.329434,22.767744,345,530,818,1030
骆屋村,龙岗区,坪地街道,龙岗区坪地街道年丰社区骆屋村,114.327563,22.767778,354,543,838,1055
围肚村,龙岗区,坪地街道,龙岗区坪地街道年丰社区围肚村,114.328266,22.767755,354,544,840,1057
四方埔村,龙岗区,坪地街道,龙岗区坪地街道四方埔社区四方埔村,114.318683,22.764554,400,614,947,1193
江子背村,龙岗区,坪地街道,龙岗区坪地街道中心社区江子背村,114.297543,22.761752,367,563,869,1095
年丰市场片区,龙岗区,坪地街道,龙岗区坪地街道年丰社区年丰市场片区,114.325461,22.769493,358,549,847,1067
横岭村,龙岗区,坪地街道,龙岗区坪地街道年丰社区横岭村,114.344528,22.777024,382,587,906,1140
大埔三,龙岗区,宝龙街道,龙岗区宝龙街道龙东社区大埔三,114.288602,22.718492,358,549,847,1066
大埔一,龙岗区,宝龙街道,龙岗区宝龙街道龙东社区大埔一,114.289887,22.721503,404,620,956,1204
浪背村,龙岗区,宝龙街道,龙岗区宝龙街道同德社区浪背村,114.321324,22.735252,594,912,1406,1771
赖屋村,龙岗区,宝龙街道,龙岗区宝龙街道同乐社区赖屋村,114.299714,22.716218,469,721,1112,1400
大浪村,龙岗区,宝龙街道,龙岗区宝龙街道南约社区大浪村,114.270473,22.707359,555,852,1315,1656
同乐社区大新村,龙岗区,宝龙街道,龙岗区宝龙街道同乐社区同乐社区大新村,114.305018,22.712029,470,722,1114,1402
同乐社区黄屋村,龙岗区,宝龙街道,龙岗区宝龙街道同乐社区同乐社区黄屋村,114.300679,22.718193,448,688,1061,1336
南约社区汉田新村,龙岗区,宝龙街道,龙岗区宝龙街道南约社区南约社区汉田新村,114.267145,22.703453,515,790,1219,1535
南约社区联和村,龙岗区,宝龙街道,龙岗区宝龙街道南约社区南约社区联和村,114.282295,22.699503,520,799,1232,1552
南约社区马桥村,龙岗区,宝龙街道,龙岗区宝龙街道南约社区南约社区马桥村,114.274831,22.698609,605,929,1433,1805
新布村,龙岗区,宝龙街道,龙岗区宝龙街道同心社区新布村,114.320242,22.726465,342,525,810,1020
南约社区广场新村,龙岗区,宝龙街道,龙岗区宝龙街道南约社区南约社区广场新村,114.274332,22.697096,504,773,1193,1502
龙新社区赤石岗村,龙岗区,宝龙街道,龙岗区宝龙街道龙新社区龙新社区赤石岗村,114.290421,22.728364,421,647,998,1256
龙新社区沙背沥村,龙岗区,宝龙街道,龙岗区宝龙街道龙新社区龙新社区沙背沥村,114.29287,22.73569,517,793,1224,1541
龙新社区大围村,龙岗区,宝龙街道,龙岗区宝龙街道龙新社区龙新社区大围村,114.290591,22.739167,483,741,1143,1440
龙新社区桥背村,龙岗区,宝龙街道,龙岗区宝龙街道龙新社区龙新社区桥背村,114.284184,22.731561,424,651,1005,1265
同乐社区老太坑东、西区,龙岗区,宝龙街道,龙岗区宝龙街道同乐社区同乐社区老太坑东、西区,114.303247,22.699382,398,611,943,1187
龙东社区龙湖小区,龙岗区,宝龙街道,龙岗区宝龙街道龙东社区龙东社区龙湖小区,114.284683,22.724339,439,674,1040,1310
龙东社区吓井一村,龙岗区,宝龙街道,龙岗区宝龙街道龙东社区龙东社区吓井一村,114.279257,22.721992,415,637,983,1238
龙东社区石湖龙村,龙岗区,宝龙街道,龙岗区宝龙街道龙东社区龙东社区石湖龙村,114.287633,22.724794,432,663,1024,1289
曾屋村,龙岗区,坪地街道,龙岗区坪地街道年丰社区曾屋村,114.324847,22.764771,337,517,798,1005
龙东社区大浦二村,龙岗区,宝龙街道,龙岗区宝龙街道龙东社区龙东社区大浦二村,114.29035,22.718781,386,593,915,1153
龙东社区三和二村,龙岗区,宝龙街道,龙岗区宝龙街道龙东社区龙东社区三和二村,114.274214,22.72864,445,683,1054,1327
龙东社区三和一村,龙岗区,宝龙街道,龙岗区宝龙街道龙东社区龙东社区三和一村,114.276385,22.729673,436,669,1032,1299
同德社区吓坑村,龙岗区,宝龙街道,龙岗区宝龙街道同德社区同德社区吓坑村,114.312048,22.732294,488,749,1155,1455
同心社区丰顺村,龙岗区,宝龙街道,龙岗区宝龙街道同心社区同心社区丰顺村,114.309178,22.714425,454,697,1076,1355
同乐社区水流田B区,龙岗区,宝龙街道,龙岗区宝龙街道同乐社区同乐社区水流田B区,114.302287,22.701914,453,696,1073,1351
同乐社区坑尾村,龙岗区,宝龙街道,龙岗区宝龙街道同乐社区同乐社区坑尾村,114.29418,22.70132,495,760,1172,1476
同乐社区其面村,龙岗区,宝龙街道,龙岗区宝龙街道同乐社区同乐社区其面村,114.306501,22.708106,466,716,1104,1391
同乐社区企岭村,龙岗区,宝龙街道,龙岗区宝龙街道同乐社区同乐社区企岭村,114.308083,22.710495,483,741,1143,1439
南约社区大浪村北区,龙岗区,宝龙街道,龙岗区宝龙街道南约社区南约社区大浪村北区,114.268798,22.70788,514,789,1218,1534
南约社区水二村,龙岗区,宝龙街道,龙岗区宝龙街道南约社区南约社区水二村,114.270254,22.695396,509,781,1204,1517
南约社区水一村,龙岗区,宝龙街道,龙岗区宝龙街道南约社区南约社区水一村,114.271573,22.696971,507,778,1201,1512
龙新社区兰二村,龙岗区,宝龙街道,龙岗区宝龙街道龙新社区龙新社区兰二村,114.301388,22.731071,390,598,923,1163
龙新社区兰一村,龙岗区,宝龙街道,龙岗区宝龙街道龙新社区龙新社区兰一村,114.299136,22.734454,438,672,1037,1306
龙东社区陈源盛村,龙岗区,宝龙街道,龙岗区宝龙街道龙东社区龙东社区陈源盛村,114.283513,22.717263,468,718,1109,1396
新屋场村,龙岗区,坪地街道,龙岗区坪地街道坪西社区新屋场村,114.281175,22.765579,378,581,896,1128
同德社区池屋村,龙岗区,宝龙街道,龙岗区宝龙街道同德社区同德社区池屋村,114.307458,22.732726,383,588,908,1143
龙东社区上井B区,龙岗区,宝龙街道,龙岗区宝龙街道龙东社区龙东社区上井B区,114.277229,22.715204,429,658,1015,1278
龙东社区新大坑村,龙岗区,宝龙街道,龙岗区宝龙街道龙东社区龙东社区新大坑村,114.295511,22.720432,442,679,1047,1318
上角环新村,龙岗区,龙城街道,龙岗区龙城街道回龙埔社区上角环新村,114.229051,22.734818,567,870,1343,1691
吓二村,龙岗区,龙城街道,龙岗区龙城街道回龙埔社区吓二村,114.233619,22.738865,561,861,1328,1673
吓一村,龙岗区,龙城街道,龙岗区龙城街道回龙埔社区吓一村,114.231112,22.737905,520,799,1232,1551
荔枝园村,龙岗区,龙城街道,龙岗区龙城街道盛平社区荔枝园村,114.245614,22.735241,592,909,1402,1766
陈屋村,龙岗区,龙城街道,龙岗区龙城街道盛平社区陈屋村,114.253805,22.733911,487,748,1154,1454
徐屋村,龙岗区,龙城街道,龙岗区龙城街道盛平社区徐屋村,114.251509,22.732175,479,735,1134,1428
同心社区榕树吓村,龙岗区,宝龙街道,龙岗区宝龙街道同心社区同心社区榕树吓村,114.305301,22.722354,314,482,744,936
田段心村,龙岗区,龙城街道,龙岗区龙城街道盛平社区田段心村,114.249946,22.73261,494,759,1171,1474
松子岭村,龙岗区,龙城街道,龙岗区龙城街道盛平社区松子岭村,114.249026,22.729211,455,699,1078,1358
嶂背二村,龙岗区,龙城街道,龙岗区龙城街道嶂背社区嶂背二村,114.246247,22.689759,587,901,1390,1751
蒲排村,龙岗区,龙城街道,龙岗区龙城街道新联社区蒲排村,114.235994,22.697554,622,956,1474,1857
新屯村,龙岗区,龙城街道,龙岗区龙城街道新联社区新屯村,114.234137,22.70208,632,970,1497,1885
輋吓村,龙岗区,龙城街道,龙岗区龙城街道爱联社区輋吓村,114.226184,22.70802,632,970,1497,1885
前进村,龙岗区,龙城街道,龙岗区龙城街道爱联社区前进村,114.224603,22.697188,655,1006,1552,1954
白灰围村,龙岗区,龙城街道,龙岗区龙城街道黄阁坑社区白灰围村,114.217779,22.724615,585,897,1384,1743
新秀新村,龙岗区,龙城街道,龙岗区龙城街道黄阁坑社区新秀新村,114.214153,22.726477,535,821,1267,1596
松元角村,龙岗区,龙城街道,龙岗区龙城街道盛平社区松元角村,114.252954,22.737229,566,868,1340,1687
官新合村,龙岗区,龙城街道,龙岗区龙城街道盛平社区官新合村,114.254566,22.737663,583,895,1381,1739
老围新村,龙岗区,龙城街道,龙岗区龙城街道回龙埔社区老围新村,114.236578,22.733185,552,847,1307,1645
嶂背一村,龙岗区,龙城街道,龙岗区龙城街道嶂背社区嶂背一村,114.235526,22.688471,599,920,1420,1788
新联B区,龙岗区,龙城街道,龙岗区龙城街道新联社区新联B区,114.228913,22.696107,660,1013,1564,1969
岗贝村,龙岗区,龙城街道,龙岗区龙城街道吉祥社区岗贝村,114.236188,22.708906,677,1040,1605,2021
西湖村,龙岗区,龙城街道,龙岗区龙城街道爱联社区西湖村,114.218312,22.706499,593,910,1405,1769
陂头背村,龙岗区,龙城街道,龙岗区龙城街道爱联社区陂头背村,114.21969,22.703355,641,984,1518,1911
太平村,龙岗区,龙城街道,龙岗区龙城街道爱联社区太平村,114.230425,22.705075,630,967,1492,1879
仙人岭村,龙岗区,龙岗街道,龙岗区龙岗街道新生社区仙人岭村,114.273082,22.744529,539,827,1277,1608
瓦窑坑村,龙岗区,龙岗街道,龙岗区龙岗街道五联社区瓦窑坑村,114.238338,22.755591,453,696,1073,1352
楼村南边坑,光明区,新湖街道,光明区新湖街道楼村社区楼村南边坑,113.916518,22.778143,449,690,1064,1340
龙峰庄,龙岗区,龙岗街道,龙岗区龙岗街道南联社区龙峰庄,114.265879,22.712679,531,816,1259,1585
龙岭苑,龙岗区,龙岗街道,龙岗区龙岗街道南联社区龙岭苑,114.266972,22.712995,521,800,1235,1555
凤凰庄,龙岗区,龙岗街道,龙岗区龙岗街道南联社区凤凰庄,114.266236,22.714172,533,819,1263,1590
竹湾村,龙岗区,龙岗街道,龙岗区龙岗街道南联社区竹湾村,114.262827,22.715963,540,829,1279,1610
大布巷村,龙华区,观澜街道,龙华区观澜街道新澜社区大布巷村,114.045587,22.722577,584,896,1382,1741
田寮村,龙岗区,龙城街道,龙岗区龙城街道爱联社区田寮村,114.226967,22.702794,622,955,1473,1855
对面领居民小组,龙岗区,龙岗街道,龙岗区龙岗街道龙西社区对面领居民小组,114.239096,22.743771,441,676,1043,1314
楼吓居民小组,龙岗区,龙岗街道,龙岗区龙岗街道龙西社区楼吓居民小组,114.242984,22.745259,453,695,1072,1350
老围居民小组,龙岗区,龙岗街道,龙岗区龙岗街道龙西社区老围居民小组,114.239385,22.746259,421,646,997,1255
沙地巷,龙岗区,龙岗街道,龙岗区龙岗街道龙岗社区沙地巷,114.251605,22.741422,435,668,1031,1299
吓埔居民小组,龙岗区,龙岗街道,龙岗区龙岗街道龙岗墟社区吓埔居民小组,114.27465,22.734902,509,781,1205,1517
东三村,龙岗区,龙岗街道,龙岗区龙岗街道龙岗墟社区东三村,114.279096,22.732739,524,804,1240,1562
东二村,龙岗区,宝龙街道,龙岗区宝龙街道龙新社区东二村,114.279692,22.735019,512,786,1212,1526
朱古石村,龙岗区,龙岗街道,龙岗区龙岗街道五联社区朱古石村,114.220945,22.751597,420,645,995,1253
将军帽村,龙岗区,龙岗街道,龙岗区龙岗街道五联社区将军帽村,114.224565,22.747782,458,704,1086,1367
黄龙塘村,龙岗区,龙岗街道,龙岗区龙岗街道南联社区黄龙塘村,114.253332,22.720012,557,855,1319,1662
麻岭村,龙岗区,龙岗街道,龙岗区龙岗街道南联社区麻岭村,114.256183,22.710954,527,808,1247,1570
邱屋村,龙岗区,龙岗街道,龙岗区龙岗街道南联社区邱屋村,114.257052,22.713291,554,851,1313,1653
吓岗二村,龙岗区,龙岗街道,龙岗区龙岗街道南联社区吓岗二村,114.264361,22.721604,545,836,1291,1625
简二村,龙岗区,龙岗街道,龙岗区龙岗街道南联社区简二村,114.253435,22.723841,544,836,1289,1624
罗瑞合村,龙岗区,龙岗街道,龙岗区龙岗街道南联社区罗瑞合村,114.261859,22.729356,561,861,1328,1672
巫屋村,龙岗区,龙岗街道,龙岗区龙岗街道南联社区巫屋村,114.267305,22.730616,598,918,1416,1783
龙西新村,龙岗区,龙岗街道,龙岗区龙岗街道龙西社区龙西新村,114.244033,22.747145,473,726,1120,1410
石溪村,龙岗区,龙岗街道,龙岗区龙岗街道龙西社区石溪村,114.242086,22.748993,476,731,1128,1421
新联村,龙岗区,龙岗街道,龙岗区龙岗街道龙西社区新联村,114.241058,22.752005,456,700,1080,1359
铁岗村,宝安区,西乡街道,宝安区西乡街道铁岗社区铁岗村,113.882632,22.603516,915,1405,2168,2730
白沙水村,龙岗区,龙岗街道,龙岗区龙岗街道龙西社区白沙水村,114.243725,22.754322,474,728,1123,1414
余屋村,龙岗区,坪地街道,龙岗区坪地街道年丰社区余屋村,114.336161,22.764345,345,529,817,1028
后尾坜村,龙岗区,龙岗街道,龙岗区龙岗街道龙岗社区后尾坜村,114.273671,22.736971,515,791,1220,1537
罗卜坝村,龙岗区,龙岗街道,龙岗区龙岗街道龙岗社区罗卜坝村,114.270073,22.736911,537,824,1272,1602
石湖村,龙岗区,龙岗街道,龙岗区龙岗街道龙岗社区石湖村,114.259609,22.733413,519,797,1229,1548
杨梅岗村,龙岗区,龙岗街道,龙岗区龙岗街道龙岗社区杨梅岗村,114.262088,22.741473,518,795,1226,1544
塘尾社区高墩村,光明区,凤凰街道,光明区凤凰街道塘尾社区塘尾社区高墩村,113.899492,22.752446,458,704,1086,1367
西二村,龙岗区,龙岗街道,龙岗区龙岗街道平南社区西二村,114.264888,22.730857,585,898,1385,1744
车村老村,龙岗区,龙岗街道,龙岗区龙岗街道新生社区车村老村,114.256988,22.746806,471,722,1115,1404
田祖上村,龙岗区,龙岗街道,龙岗区龙岗街道新生社区田祖上村,114.261235,22.746756,548,840,1297,1633
同心社区长湖围A、B、C区,龙岗区,宝龙街道,龙岗区宝龙街道同心社区同心社区长湖围A、B、C区,114.307321,22.714156,464,712,1099,1384
东一村,龙岗区,龙岗街道,龙岗区龙岗街道龙岗墟社区东一村,114.277842,22.735708,511,785,1211,1525
南约社区大行村,龙岗区,宝龙街道,龙岗区宝龙街道南约社区南约社区大行村,114.271346,22.700415,523,803,1239,1560
西一村,龙岗区,龙岗街道,龙岗区龙岗街道龙岗墟社区西一村,114.271788,22.734264,539,827,1276,1607
罗瑞合新瑞、瑞园片区,龙岗区,龙岗街道,龙岗区龙岗街道南联社区罗瑞合新瑞、瑞园片区,114.262087,22.732109,500,767,1184,1490
移民新村,龙岗区,龙岗街道,龙岗区龙岗街道五联社区移民新村,114.226699,22.748761,422,648,999,1259
竹头背村,龙岗区,龙岗街道,龙岗区龙岗街道五联社区竹头背村,114.232566,22.750819,571,876,1352,1702
协平村,龙岗区,龙岗街道,龙岗区龙岗街道五联社区协平村,114.234013,22.753807,457,702,1083,1363
龙腾苑,龙岗区,龙岗街道,龙岗区龙岗街道南联社区龙腾苑,114.263292,22.7135,553,849,1310,1649
水口村,龙岗区,龙岗街道,龙岗区龙岗街道南联社区水口村,114.261383,22.711492,583,896,1382,1740
银珠岭,龙岗区,龙岗街道,龙岗区龙岗街道南联社区银珠岭,114.252323,22.711177,520,799,1232,1552
黄龙陂,龙岗区,龙岗街道,龙岗区龙岗街道南联社区黄龙陂,114.254683,22.726858,618,948,1463,1843
南联社区简一,龙岗区,龙岗街道,龙岗区龙岗街道南联社区南联社区简一,114.257157,22.725053,503,772,1191,1499
李屋居民小组,龙岗区,龙岗街道,龙岗区龙岗街道龙西社区李屋居民小组,114.239263,22.748678,429,658,1015,1278
龙苑新村(1-6巷),龙岗区,宝龙街道,龙岗区宝龙街道龙新社区龙苑新村(1-6巷),114.280868,22.730426,512,786,1213,1528
玉湖居民小组,龙岗区,龙岗街道,龙岗区龙岗街道龙西社区玉湖居民小组,114.242147,22.756625,467,717,1107,1394
务地埔居民小组,龙岗区,龙岗街道,龙岗区龙岗街道龙西社区务地埔居民小组,114.249286,22.751048,495,760,1172,1476
陂头肚居民小组,龙岗区,龙岗街道,龙岗区龙岗街道龙西社区陂头肚居民小组,114.248321,22.747983,504,774,1195,1504
第六工业区,龙岗区,龙岗街道,龙岗区龙岗街道南联社区第六工业区,114.251597,22.707457,410,629,971,1222
梨园居民小组,龙岗区,龙岗街道,龙岗区龙岗街道龙岗社区梨园居民小组,114.275559,22.736919,579,889,1371,1727
梨一居民小组,龙岗区,龙岗街道,龙岗区龙岗街道龙岗社区梨一居民小组,114.275999,22.738707,529,813,1254,1579
上圩居民小组,龙岗区,龙岗街道,龙岗区龙岗街道龙岗社区上圩居民小组,114.265549,22.734909,550,844,1302,1640
梁屋居民小组,龙岗区,龙岗街道,龙岗区龙岗街道龙岗社区梁屋居民小组,114.26056,22.734898,506,777,1199,1510
格水居民小组,龙岗区,龙岗街道,龙岗区龙岗街道龙岗社区格水居民小组,114.262522,22.738178,521,800,1234,1554
荷坳新村,龙岗区,园山街道,龙岗区园山街道荷坳社区荷坳新村,114.216106,22.684055,646,992,1531,1927
大康社区莘塘村,龙岗区,园山街道,龙岗区园山街道大康社区大康社区莘塘村,114.220822,22.642915,512,786,1213,1527
安良社区七村,龙岗区,园山街道,龙岗区园山街道安良社区安良社区七村,114.215075,22.630386,541,830,1281,1613
保安社区上下围,龙岗区,园山街道,龙岗区园山街道保安社区保安社区上下围,114.237777,22.668441,689,1057,1631,2054
宝龙小区,龙岗区,龙岗街道,龙岗区龙岗街道南联社区宝龙小区,114.255109,22.718099,544,835,1289,1623
保安社区旱塘村,龙岗区,园山街道,龙岗区园山街道保安社区保安社区旱塘村,114.202008,22.656089,694,1065,1643,2069
大康社区福田村,龙岗区,园山街道,龙岗区园山街道大康社区大康社区福田村,114.242332,22.649286,403,619,955,1203
大康社区大凤新村,龙岗区,园山街道,龙岗区园山街道大康社区大康社区大凤新村,114.235997,22.647411,455,698,1078,1357
圳埔岭,龙岗区,龙岗街道,龙岗区龙岗街道南联社区圳埔岭,114.249048,22.710514,560,860,1327,1672
大康社区龙村,龙岗区,园山街道,龙岗区园山街道大康社区大康社区龙村,114.227366,22.642341,450,691,1066,1342
旱塘仔,大鹏新区,大鹏街道,大鹏新区大鹏街道王母社区旱塘仔,114.470827,22.601021,560,860,1327,1671
保安社区马五村,龙岗区,园山街道,龙岗区园山街道保安社区保安社区马五村,114.207845,22.646103,619,950,1466,1847
保安社区水浸围村,龙岗区,园山街道,龙岗区园山街道保安社区保安社区水浸围村,114.214347,22.659145,620,952,1469,1850
大康社区下中村,龙岗区,园山街道,龙岗区园山街道大康社区大康社区下中村,114.230313,22.649092,418,641,989,1245
羌下大松园,光明区,新湖街道,光明区新湖街道新羌社区羌下大松园,113.963187,22.804286,440,675,1041,1311
江边旧村,宝安区,松岗街道,宝安区松岗街道江边社区江边旧村,113.809494,22.776532,417,640,987,1243
狮径二组虾地,龙华区,福城街道,龙华区福城街道福民社区狮径二组虾地,114.02522,22.714173,436,670,1033,1301
围浅小区,宝安区,沙井街道,宝安区沙井街道衙边社区围浅小区,113.806979,22.746238,571,877,1353,1703
沙头南园,宝安区,沙井街道,宝安区沙井街道沙头社区沙头南园,113.801612,22.731276,513,788,1215,1531
沙头东园,宝安区,沙井街道,宝安区沙井街道沙头社区沙头东园,113.804599,22.730602,590,906,1398,1760
石陂头居民小组,坪山区,龙田街道,坪山区龙田街道龙田社区石陂头居民小组,114.361058,22.748548,326,500,772,972
碧眼新村,光明区,光明街道,光明区光明街道碧眼社区碧眼新村,113.944207,22.759766,627,962,1484,1869
迳口侨村,光明区,光明街道,光明区光明街道迳口社区迳口侨村,113.966167,22.768165,504,774,1194,1504
蚝三围仔小区,宝安区,沙井街道,宝安区沙井街道沙蚝社区蚝三围仔小区,113.800571,22.743784,536,822,1268,1597
大王山旧村,宝安区,沙井街道,宝安区沙井街道大王山社区大王山旧村,113.801292,22.715819,581,891,1375,1732
北一区,宝安区,沙井街道,宝安区沙井街道坣岗社区北一区,113.815865,22.734751,575,882,1361,1714
觉园新村,宝安区,沙井街道,宝安区沙井街道坣岗社区觉园新村,113.814729,22.738482,616,946,1459,1838
水斗老围村,龙华区,龙华街道,龙华区龙华街道油松社区水斗老围村,114.043417,22.635972,733,1124,1735,2185
玉翠新村ABC区,龙华区,龙华街道,龙华区龙华街道玉翠社区玉翠新村ABC区,114.022833,22.676819,778,1195,1844,2322
高坳新村,龙华区,龙华街道,龙华区龙华街道玉翠社区高坳新村,114.021309,22.672678,772,1185,1829,2303
共和花园,龙华区,龙华街道,龙华区龙华街道松和社区共和花园,114.031807,22.650929,709,1088,1678,2113
玉翠新村南A区,龙华区,福城街道,龙华区福城街道玉翠社区玉翠新村南A区,114.028129,22.675413,789,1211,1868,2352
龙马新村,龙华区,龙华街道,龙华区龙华街道玉翠社区龙马新村,114.021083,22.679997,646,992,1531,1928
荔园小区,宝安区,福海街道,宝安区福海街道塘尾社区荔园小区,113.797171,22.700188,672,1032,1593,2005
同乐村,南山区,南头街道,南山区南头街道同乐社区同乐村,113.917355,22.570387,1202,1846,2848,3586
西边旧区,宝安区,沙井街道,宝安区沙井街道步涌社区西边旧区,113.804358,22.757371,469,721,1112,1400
荔园村,福田区,梅林街道,福田区梅林街道新兴社区荔园村,114.042483,22.568836,1456,2235,3448,4342
下沙七坊,福田区,沙头街道,福田区沙头街道下沙社区下沙七坊,114.023853,22.52678,1461,2243,3461,4358
下沙六坊,福田区,沙头街道,福田区沙头街道下沙社区下沙六坊,114.022752,22.526781,1551,2381,3674,4627
下沙五坊,福田区,沙头街道,福田区沙头街道下沙社区下沙五坊,114.022025,22.527359,1638,2515,3880,4886
下沙四坊,福田区,沙头街道,福田区沙头街道下沙社区下沙四坊,114.020798,22.527409,1718,2638,4069,5125
大塘居民小组,坪山区,龙田街道,坪山区龙田街道龙田社区大塘居民小组,114.345241,22.76055,333,511,788,992
大水湾居民小组,坪山区,龙田街道,坪山区龙田街道龙田社区大水湾居民小组,114.364315,22.758043,348,534,823,1037
湖心新村居民小组,坪山区,坑梓街道,坪山区坑梓街道坑梓社区湖心新村居民小组,114.368933,22.746012,382,586,904,1138
禾场吓居民小组,坪山区,坑梓街道,坪山区坑梓街道秀新社区禾场吓居民小组,114.374981,22.742644,351,539,831,1047
下沙三坊,福田区,沙头街道,福田区沙头街道下沙社区下沙三坊,114.021778,22.528901,1602,2460,3795,4778
下沙二坊,福田区,沙头街道,福田区沙头街道下沙社区下沙二坊,114.019574,22.528326,1763,2706,4175,5258
下沙一坊,福田区,沙头街道,福田区沙头街道下沙社区下沙一坊,114.020179,22.529853,1666,2558,3947,4970
沙尾村,福田区,沙头街道,福田区沙头街道沙尾社区沙尾村,114.036892,22.521507,1741,2672,4123,5192
凤凰社区凤凰山庄,龙岗区,布吉街道,龙岗区布吉街道凤凰社区凤凰社区凤凰山庄,114.100531,22.601072,502,771,1189,1498
河背老村,龙华区,龙华街道,龙华区龙华街道华联社区河背老村,114.011514,22.675651,810,1244,1919,2416
集瑞小区,龙华区,龙华街道,龙华区龙华街道景龙社区集瑞小区,114.028049,22.652432,713,1094,1688,2125
景华新村,龙华区,龙华街道,龙华区龙华街道景龙社区景华新村,114.018915,22.657249,752,1154,1781,2242
景龙新村,龙华区,龙华街道,龙华区龙华街道景龙社区景龙新村,114.016003,22.659581,778,1195,1844,2322
荔园新村,龙华区,龙华街道,龙华区龙华街道龙园社区荔园新村,114.013522,22.656367,819,1258,1940,2443
花园新村,龙华区,龙华街道,龙华区龙华街道龙园社区花园新村,114.01392,22.663629,720,1105,1705,2147
自由七队,宝安区,西乡街道,宝安区西乡街道河东社区自由七队,113.876493,22.573888,1288,1977,3051,3842
湖贝新村,罗湖区,东门街道,罗湖区东门街道湖贝社区湖贝新村,114.123766,22.551118,1399,2148,3314,4173
新兴村,福田区,梅林街道,福田区梅林街道新兴社区新兴村,114.046981,22.568342,1352,2075,3202,4032
八九区,龙华区,大浪街道,龙华区大浪街道浪口社区八九区,114.001166,22.680794,511,784,1209,1523
石凹村,龙华区,大浪街道,龙华区大浪街道新石社区石凹村,113.985649,22.699728,503,772,1191,1499
水围新村,龙华区,大浪街道,龙华区大浪街道浪口社区水围新村,113.998452,22.687305,577,886,1367,1721
浪口三区,龙华区,大浪街道,龙华区大浪街道浪口社区浪口三区,114.002434,22.679002,507,779,1201,1513
金盈新村,龙华区,大浪街道,龙华区大浪街道浪口社区金盈新村,113.995174,22.676427,548,842,1299,1635
凤凰社区新村,龙岗区,平湖街道,龙岗区平湖街道凤凰社区凤凰社区新村,114.128774,22.693857,563,864,1333,1678
应人石老村,宝安区,石岩街道,宝安区石岩街道应人石社区应人石老村,113.920486,22.651783,541,830,1280,1612
塘头又一村,宝安区,石岩街道,宝安区石岩街道塘头社区塘头又一村,113.913432,22.655974,519,797,1230,1549
新围新村,龙华区,大浪街道,龙华区大浪街道新石社区新围新村,113.9879,22.694315,541,830,1281,1613
新围旧村,龙华区,大浪街道,龙华区大浪街道新石社区新围旧村,113.99386,22.692476,493,757,1168,1471
龙东社区吓井二村,龙岗区,宝龙街道,龙岗区宝龙街道龙东社区龙东社区吓井二村,114.280752,22.726066,430,660,1018,1282
福轩新村,龙华区,大浪街道,龙华区大浪街道浪口社区福轩新村,113.997932,22.678895,566,869,1340,1688
东兴花园,宝安区,沙井街道,宝安区沙井街道东塘社区东兴花园,113.79851,22.73291,617,947,1461,1839
龙胜老街,龙华区,大浪街道,龙华区大浪街道龙胜社区龙胜老街,114.010008,22.65615,731,1122,1731,2180
六联社区丰田,坪山区,坪山街道,坪山区坪山街道六联社区六联社区丰田,114.322453,22.687807,345,529,816,1028
澳子头,坪山区,坪山街道,坪山区坪山街道六联社区澳子头,114.31272,22.684088,363,557,859,1081
桔岭新村,龙华区,福城街道,龙华区福城街道桔塘社区桔岭新村,114.016465,22.731502,379,582,898,1131
桔老住宅小区,龙华区,福城街道,龙华区福城街道桔塘社区桔老住宅小区,114.019298,22.734598,409,628,970,1221
迳口旧村,光明区,光明街道,光明区光明街道迳口社区迳口旧村,113.964471,22.768621,489,750,1157,1457
下新塘老村小区(新村),龙华区,福城街道,龙华区福城街道桔塘社区下新塘老村小区(新村),114.020759,22.723249,375,576,888,1118
龙胜一队小区,龙华区,大浪街道,龙华区大浪街道龙胜社区龙胜一队小区,114.010016,22.65186,782,1200,1851,2331
龙胜新村E区,龙华区,大浪街道,龙华区大浪街道龙胜社区龙胜新村E区,114.008135,22.654057,768,1179,1819,2291
龙胜新村D区,龙华区,大浪街道,龙华区大浪街道龙胜社区龙胜新村D区,114.008727,22.649776,789,1212,1869,2354
龙胜新村C区,龙华区,大浪街道,龙华区大浪街道龙胜社区龙胜新村C区,114.008013,22.651332,788,1210,1867,2351
龙胜新村A区,龙华区,大浪街道,龙华区大浪街道龙胜社区龙胜新村A区,114.007826,22.654878,764,1173,1810,2280
龙胜旧村,龙华区,大浪街道,龙华区大浪街道龙胜社区龙胜旧村,114.007964,22.657274,689,1058,1632,2055
义学街村,南山区,南头街道,南山区南头街道莲城社区义学街村,113.919686,22.546941,1489,2286,3527,4441
泥头咀村,龙华区,大浪街道,龙华区大浪街道大浪社区泥头咀村,114.002953,22.683141,535,821,1266,1594
新屋地,坪山区,石井街道,坪山区石井街道田心社区新屋地,114.415799,22.694707,344,527,814,1025
上廖居民小组,坪山区,坑梓街道,坪山区坑梓街道沙田社区上廖居民小组,114.392177,22.764482,328,504,778,980
六和社区甲片,坪山区,坪山街道,坪山区坪山街道六和社区六和社区甲片,114.339823,22.702929,346,532,820,1033
六和社区山吓,坪山区,坪山街道,坪山区坪山街道六和社区六和社区山吓,114.341311,22.701616,401,616,951,1197
六和社区正坑,坪山区,坪山街道,坪山区坪山街道六和社区六和社区正坑,114.340141,22.704272,443,681,1050,1322
罗屋围村(含一区、二区),龙华区,大浪街道,龙华区大浪街道大浪社区罗屋围村(含一区、二区),114.006852,22.690307,537,824,1271,1601
下岭排新村,龙华区,大浪街道,龙华区大浪街道大浪社区下岭排新村,113.994998,22.695354,490,753,1161,1462
上岭排老村,龙华区,大浪街道,龙华区大浪街道大浪社区上岭排老村,113.998019,22.693721,456,700,1080,1360
上岭排新村,龙华区,大浪街道,龙华区大浪街道大浪社区上岭排新村,113.999519,22.693359,498,764,1179,1484
陶吓锦华片区,龙华区,大浪街道,龙华区大浪街道陶元社区陶吓锦华片区,114.000965,22.651742,716,1099,1696,2136
陶吓旧村,龙华区,大浪街道,龙华区大浪街道陶元社区陶吓旧村,113.997529,22.653671,601,922,1423,1792
兰姜新村,宝安区,石岩街道,宝安区石岩街道水田社区兰姜新村,113.952146,22.691454,496,761,1174,1479
下油松A区,龙华区,龙华街道,龙华区龙华街道松和社区下油松A区,114.035057,22.644402,719,1103,1702,2144
黎光村南区,宝安区,石岩街道,宝安区石岩街道官田社区黎光村南区,113.938851,22.678332,546,839,1294,1630
塘坑老村,宝安区,石岩街道,宝安区石岩街道官田社区塘坑老村,113.947746,22.680451,517,793,1224,1541
塘坑新村,宝安区,石岩街道,宝安区石岩街道官田社区塘坑新村,113.946881,22.681944,511,784,1209,1523
梨园新村,宝安区,石岩街道,宝安区石岩街道官田社区梨园新村,113.936023,22.675831,565,867,1337,1684
官田中心小区,宝安区,石岩街道,宝安区石岩街道官田社区官田中心小区,113.938202,22.681625,532,817,1261,1588
陶吓新村,龙华区,大浪街道,龙华区大浪街道陶元社区陶吓新村,113.99908,22.650626,684,1050,1619,2039
澳华新村,龙华区,大浪街道,龙华区大浪街道高峰社区澳华新村,114.001254,22.668077,648,995,1536,1934
桃苑新村,龙华区,大浪街道,龙华区大浪街道高峰社区桃苑新村,114.006156,22.660086,680,1043,1610,2027
下早老村,龙华区,大浪街道,龙华区大浪街道高峰社区下早老村,114.003709,22.659789,649,997,1538,1936
下早新村,龙华区,大浪街道,龙华区大浪街道高峰社区下早新村,114.004308,22.662408,687,1055,1628,2050
中兴小区,龙华区,大浪街道,龙华区大浪街道陶元社区中兴小区,113.99482,22.661405,672,1031,1591,2004
江围新村,龙华区,福城街道,龙华区福城街道新和社区江围新村,114.038569,22.712119,537,824,1271,1601
松元围,龙华区,福城街道,龙华区福城街道新和社区松元围,114.039054,22.714343,569,873,1347,1696
武馆村,龙华区,观湖街道,龙华区观湖街道润城社区武馆村,114.038187,22.707893,512,786,1213,1528
上川社区上川六片,宝安区,新安街道,宝安区新安街道上川社区上川社区上川六片,113.897124,22.579717,1457,2237,3451,4346
田背一村,龙华区,福城街道,龙华区福城街道新和社区田背一村,114.035024,22.697385,474,728,1123,1415
茜坑新村,龙华区,福城街道,龙华区福城街道茜坑社区茜坑新村,114.02857,22.698628,514,789,1217,1533
羊龙新村,龙华区,大浪街道,龙华区大浪街道陶元社区羊龙新村,114.003072,22.654517,721,1107,1708,2151
元芬老村,龙华区,大浪街道,龙华区大浪街道陶元社区元芬老村,113.999948,22.656964,624,957,1477,1860
元芬新村,龙华区,大浪街道,龙华区大浪街道陶元社区元芬新村,113.999472,22.655462,639,982,1515,1907
上早村,龙华区,大浪街道,龙华区大浪街道高峰社区上早村,114.003065,22.657335,664,1019,1573,1981
鹊山新二村,龙华区,大浪街道,龙华区大浪街道高峰社区鹊山新二村,113.998931,22.65946,599,920,1419,1787
梅苑新村,龙华区,龙华街道,龙华区龙华街道龙园社区梅苑新村,114.010218,22.661749,760,1166,1800,2266
清湖老村,龙华区,龙华街道,龙华区龙华街道清湖社区清湖老村,114.044493,22.672823,812,1246,1923,2422
金沙社区红岭小区,坪山区,坑梓街道,坪山区坑梓街道金沙社区金沙社区红岭小区,114.381965,22.749613,359,551,850,1071
清湖新村,龙华区,龙华街道,龙华区龙华街道清湖社区清湖新村,114.043781,22.670954,871,1337,2063,2598
新碑村,龙华区,龙华街道,龙华区龙华街道清华社区新碑村,114.032463,22.673617,758,1164,1795,2261
山咀头一期、二期,龙华区,龙华街道,龙华区龙华街道和联社区山咀头一期、二期,114.019754,22.658885,801,1229,1897,2389
鹊山新村,龙华区,大浪街道,龙华区大浪街道高峰社区鹊山新村,114.00044,22.660924,699,1073,1656,2085
羊台新村,龙华区,大浪街道,龙华区大浪街道高峰社区羊台新村,114.002114,22.651994,770,1183,1825,2298
赤岭头新二村,龙华区,大浪街道,龙华区大浪街道高峰社区赤岭头新二村,114.003872,22.650866,794,1219,1880,2367
赤岭头新一村,龙华区,大浪街道,龙华区大浪街道高峰社区赤岭头新一村,114.00537,22.654092,762,1170,1805,2273
白云山新村,龙华区,大浪街道,龙华区大浪街道横朗社区白云山新村,113.973876,22.676826,437,670,1034,1302
官田北环住宅区(北区),宝安区,石岩街道,宝安区石岩街道官田社区官田北环住宅区(北区),113.941068,22.687477,501,768,1186,1493
官田北环南区,宝安区,石岩街道,宝安区石岩街道官田社区官田北环南区,113.940969,22.685806,538,826,1274,1604
官田新村住宅小区,宝安区,石岩街道,宝安区石岩街道官田社区官田新村住宅小区,113.941194,22.684528,544,835,1289,1623
石龙新村(5、7区),宝安区,石岩街道,宝安区石岩街道石龙社区石龙新村(5、7区),113.96584,22.70066,539,828,1277,1608
罗田二村,宝安区,燕罗街道,宝安区燕罗街道罗田社区罗田二村,113.869082,22.799355,422,648,1000,1260
围后底小区,宝安区,沙井街道,宝安区沙井街道步涌社区围后底小区,113.805575,22.758928,475,729,1124,1415
上横朗新村,龙华区,大浪街道,龙华区大浪街道横朗社区上横朗新村,113.974253,22.684729,533,818,1262,1590
三合村石妹小区,龙华区,大浪街道,龙华区大浪街道同胜社区三合村石妹小区,113.996987,22.672243,630,967,1492,1879
茶角坎新村,龙华区,大浪街道,龙华区大浪街道同胜社区茶角坎新村,113.989768,22.666785,737,1131,1745,2197
三合二新村,龙华区,大浪街道,龙华区大浪街道同胜社区三合二新村,113.99326,22.66782,606,931,1436,1808
三合新村,龙华区,大浪街道,龙华区大浪街道高峰社区三合新村,113.996094,22.666259,639,981,1513,1906
井水龙村,坪山区,坑梓街道,坪山区坑梓街道秀新社区井水龙村,114.366944,22.738022,353,542,835,1052
章阁新村,龙华区,福城街道,龙华区福城街道章阁社区章阁新村,114.012325,22.7484,371,569,878,1106
长湖头东村,龙华区,福城街道,龙华区福城街道福民社区长湖头东村,114.035661,22.713171,520,798,1232,1551
井子吓居民小组,坪山区,石井街道,坪山区石井街道石井社区井子吓居民小组,114.388132,22.695905,346,531,819,1031
丹坑村园区,龙华区,福城街道,龙华区福城街道福民社区丹坑村园区,114.035219,22.717115,509,781,1206,1518
谭罗别墅区,龙华区,大浪街道,龙华区大浪街道同胜社区谭罗别墅区,113.985106,22.66613,831,1276,1968,2479
华侨新村三区,龙华区,大浪街道,龙华区大浪街道同胜社区华侨新村三区,113.992715,22.674282,613,941,1452,1828
华侨新村一区、二区,龙华区,大浪街道,龙华区大浪街道同胜社区华侨新村一区、二区,113.994264,22.670494,621,954,1471,1853
谭罗新二村,龙华区,大浪街道,龙华区大浪街道同胜社区谭罗新二村,113.991881,22.6688,616,946,1459,1838
宝山新村,龙华区,大浪街道,龙华区大浪街道同胜社区宝山新村,113.983212,22.670374,685,1051,1622,2042
羊台山庄,龙华区,大浪街道,龙华区大浪街道同胜社区羊台山庄,113.986792,22.66874,641,984,1519,1912
赖屋山东区,龙华区,大浪街道,龙华区大浪街道同胜社区赖屋山东区,113.990797,22.675756,621,953,1471,1852
沙梨园居民小组,坪山区,坑梓街道,坪山区坑梓街道秀新社区沙梨园居民小组,114.365229,22.741464,366,562,867,1092
草堆岭居民小组,坪山区,坑梓街道,坪山区坑梓街道秀新社区草堆岭居民小组,114.37716,22.744504,367,564,869,1095
城内居民小组,坪山区,坑梓街道,坪山区坑梓街道秀新社区城内居民小组,114.36968,22.743638,360,553,854,1075
东一居民小组,坪山区,坑梓街道,坪山区坑梓街道秀新社区东一居民小组,114.37449,22.747879,386,593,915,1152
新乔围居民小组,坪山区,坑梓街道,坪山区坑梓街道秀新社区新乔围居民小组,114.373643,22.749917,373,572,883,1112
东二居民小组,坪山区,坑梓街道,坪山区坑梓街道秀新社区东二居民小组,114.373493,22.750924,380,583,900,1133
赖屋山新村,龙华区,大浪街道,龙华区大浪街道同胜社区赖屋山新村,113.987854,22.672709,665,1020,1574,1982
华侨新村C区,龙华区,大浪街道,龙华区大浪街道同胜社区华侨新村C区,113.996479,22.672487,590,905,1397,1759
菠萝斜新村,龙华区,大浪街道,龙华区大浪街道同胜社区菠萝斜新村,113.998048,22.667117,628,965,1488,1874
富裕新村,龙华区,大浪街道,龙华区大浪街道横朗社区富裕新村,113.979519,22.680517,542,832,1284,1617
玉田花园,龙华区,大浪街道,龙华区大浪街道横朗社区玉田花园,113.982496,22.682387,625,959,1480,1864
下横朗新村,龙华区,大浪街道,龙华区大浪街道横朗社区下横朗新村,113.981653,22.675472,511,785,1211,1525
罗田一村,宝安区,燕罗街道,宝安区燕罗街道罗田社区罗田一村,113.869622,22.802116,453,695,1072,1350
康乐新村,龙华区,龙华街道,龙华区龙华街道三联社区康乐新村,114.024514,22.660388,746,1145,1766,2224
石龙新村6区,宝安区,石岩街道,宝安区石岩街道石龙社区石龙新村6区,113.964277,22.699224,545,836,1291,1625
石龙新村(3-4区),宝安区,石岩街道,宝安区石岩街道石龙社区石龙新村(3-4区),113.963622,22.699673,533,819,1263,1590
石龙仔八区,宝安区,石岩街道,宝安区石岩街道石龙社区石龙仔八区,113.964338,22.702032,529,813,1254,1579
下山门旧村,宝安区,燕罗街道,宝安区燕罗街道山门社区下山门旧村,113.846215,22.777304,490,753,1161,1462
同胜综合开发区,龙华区,大浪街道,龙华区大浪街道横朗社区同胜综合开发区,113.985262,22.680015,592,909,1402,1765
东边老村,龙华区,民治街道,龙华区民治街道民强社区东边老村,114.03359,22.625904,1049,1611,2485,3129
东边新村,龙华区,民治街道,龙华区民治街道民强社区东边新村,114.033911,22.621877,1226,1883,2905,3658
樟坑老村,龙华区,民治街道,龙华区民治街道樟坑社区樟坑老村,114.031316,22.62082,977,1500,2314,2914
樟坑村(三区),龙华区,民治街道,龙华区民治街道樟坑社区樟坑村(三区),114.03498,22.613828,1009,1549,2391,3010
樟坑村(二区),龙华区,民治街道,龙华区民治街道樟坑社区樟坑村(二区),114.030459,22.61916,1185,1820,2807,3535
樟坑村(一区),龙华区,民治街道,龙华区民治街道樟坑社区樟坑村(一区),114.033776,22.617504,958,1471,2270,2859
大三老村,龙华区,福城街道,龙华区福城街道大水坑社区大三老村,114.006048,22.733376,445,683,1053,1326
新村小区(新村),龙华区,福城街道,龙华区福城街道桔塘社区新村小区(新村),114.012537,22.734667,439,674,1039,1309
学湖浪,坪山区,坪山街道,坪山区坪山街道坪山社区学湖浪,114.344683,22.688846,422,648,999,1258
石介头村,光明区,新湖街道,光明区新湖街道圳美社区石介头村,113.955359,22.794514,475,729,1124,1416
牛角龙,坪山区,马峦街道,坪山区马峦街道坪环社区牛角龙,114.330489,22.682106,406,623,961,1210
万众生活村,龙华区,民治街道,龙华区民治街道新牛社区万众生活村,114.033736,22.63745,783,1202,1854,2335
东二村,龙华区,民治街道,龙华区民治街道上芬社区东二村,114.020909,22.641063,826,1268,1956,2463
东一新村,龙华区,民治街道,龙华区民治街道上芬社区东一新村,114.018397,22.641402,797,1223,1887,2376
西头坳头新村,龙华区,民治街道,龙华区民治街道上芬社区西头坳头新村,114.015959,22.64599,775,1189,1835,2311
西头新村,龙华区,民治街道,龙华区民治街道上芬社区西头新村,114.013001,22.643758,887,1362,2101,2646
西头瓜地新村,龙华区,民治街道,龙华区民治街道上芬社区西头瓜地新村,114.01524,22.642321,864,1326,2046,2577
景乐南区,龙华区,龙华街道,龙华区龙华街道和联社区景乐南区,114.018016,22.662546,764,1172,1809,2277
狮头岭东区、西区,龙华区,龙华街道,龙华区龙华街道和联社区狮头岭东区、西区,114.017155,22.665254,709,1088,1679,2114
狮头岭老村,龙华区,龙华街道,龙华区龙华街道和联社区狮头岭老村,114.018913,22.666011,651,999,1542,1941
庄边社区庄边新庄园,宝安区,西乡街道,宝安区西乡街道庄边社区庄边社区庄边新庄园,113.883178,22.590109,1065,1634,2522,3175
三联社区弓村,龙华区,龙华街道,龙华区龙华街道三联社区三联社区弓村,114.022893,22.663598,776,1191,1837,2313
横岭五区,龙华区,民治街道,龙华区民治街道民新社区横岭五区,114.041727,22.609778,1047,1607,2479,3122
横岭四区,龙华区,民治街道,龙华区民治街道民新社区横岭四区,114.041233,22.614164,1007,1546,2385,3004
横岭三区,龙华区,民治街道,龙华区民治街道民新社区横岭三区,114.039327,22.611121,1060,1628,2512,3163
横岭二区,龙华区,民治街道,龙华区民治街道民新社区横岭二区,114.038859,22.615745,1007,1546,2385,3003
向南一区,龙华区,民治街道,龙华区民治街道民强社区向南一区,114.031544,22.625405,1030,1580,2438,3071
朝阳新村,龙华区,民治街道,龙华区民治街道民强社区朝阳新村,114.034631,22.620996,1223,1877,2896,3646
华侨新村,龙华区,民治街道,龙华区民治街道民强社区华侨新村,114.031777,22.623693,1193,1832,2826,3559
水尾三区,龙华区,民治街道,龙华区民治街道民强社区水尾三区,114.031346,22.631101,960,1474,2274,2864
骏龙新村,龙华区,龙华街道,龙华区龙华街道油松社区骏龙新村,114.041055,22.64246,725,1112,1716,2161
下山门村,宝安区,燕罗街道,宝安区燕罗街道山门社区下山门村,113.846251,22.777445,500,767,1184,1491
上山门旧村,宝安区,燕罗街道,宝安区燕罗街道山门社区上山门旧村,113.85035,22.778081,472,724,1117,1407
上山门村,宝安区,燕罗街道,宝安区燕罗街道山门社区上山门村,113.850028,22.775757,474,727,1122,1413
石龙老村,宝安区,石岩街道,宝安区石岩街道石龙社区石龙老村,113.961426,22.702172,537,825,1272,1602
燕川一村,宝安区,燕罗街道,宝安区燕罗街道燕川社区燕川一村,113.857979,22.80146,437,671,1035,1304
水尾二区,龙华区,民治街道,龙华区民治街道民强社区水尾二区,114.031648,22.629109,996,1529,2359,2971
料坑新村西,宝安区,石岩街道,宝安区石岩街道宝源社区料坑新村西,113.886011,22.671606,559,858,1323,1666
水尾一区,龙华区,民治街道,龙华区民治街道民强社区水尾一区,114.032959,22.628032,1031,1582,2442,3075
塘水围二区,龙华区,民治街道,龙华区民治街道民强社区塘水围二区,114.030882,22.627389,968,1486,2293,2887
塘水围一区,龙华区,民治街道,龙华区民治街道民强社区塘水围一区,114.031911,22.625463,1014,1556,2401,3023
华池小区,龙华区,福城街道,龙华区福城街道大水坑社区华池小区,114.008421,22.73422,516,791,1221,1538
坪山围,坪山区,坪山街道,坪山区坪山街道六联社区坪山围,114.336481,22.693143,517,794,1224,1542
珠洋坑,坪山区,坪山街道,坪山区坪山街道六联社区珠洋坑,114.322781,22.700251,368,565,872,1098
六联社区浪尾,坪山区,坪山街道,坪山区坪山街道六联社区六联社区浪尾,114.321234,22.69394,405,622,960,1209
塘水围老村,龙华区,民治街道,龙华区民治街道民强社区塘水围老村,114.032194,22.627518,998,1532,2364,2977
民乐村,龙华区,民治街道,龙华区民治街道民乐社区民乐村,114.04586,22.602744,1230,1887,2912,3667
松仔园,龙华区,民治街道,龙华区民治街道大岭社区松仔园,114.018819,22.635532,987,1515,2337,2943
东泉新村,龙华区,民治街道,龙华区民治街道北站社区东泉新村,114.025372,22.626562,1109,1702,2625,3306
创业花园,龙华区,民治街道,龙华区民治街道北站社区创业花园,114.020189,22.619454,1203,1847,2850,3589
向南老村,龙华区,民治街道,龙华区民治街道民强社区向南老村,114.032478,22.626616,1003,1540,2376,2993
伍屋村,龙华区,龙华街道,龙华区龙华街道富康社区伍屋村,114.039034,22.657686,659,1011,1560,1965
瓦窑排村,龙华区,龙华街道,龙华区龙华街道富康社区瓦窑排村,114.038646,22.655057,692,1062,1639,2063
第二住宅小区,龙华区,龙华街道,龙华区龙华街道富康社区第二住宅小区,114.037427,22.649315,702,1077,1662,2093
恒泰小区,龙华区,龙华街道,龙华区龙华街道富康社区恒泰小区,114.042143,22.645719,734,1127,1739,2190
旭日小区,龙华区,龙华街道,龙华区龙华街道富康社区旭日小区,114.042954,22.645386,790,1213,1871,2356
牛地埔村,龙华区,龙华街道,龙华区龙华街道华联社区牛地埔村,114.009281,22.663528,736,1129,1742,2194
姜头新村,龙华区,龙华街道,龙华区龙华街道华联社区姜头新村,114.014441,22.670182,735,1129,1742,2193
龙园新村,龙华区,龙华街道,龙华区龙华街道华联社区龙园新村,114.011165,22.665341,719,1104,1704,2146
中保富裕新村,龙华区,大浪街道,龙华区大浪街道同胜社区中保富裕新村,113.990323,22.673441,628,964,1488,1873
逸秀新村,龙华区,民治街道,龙华区民治街道白石龙社区逸秀新村,114.030887,22.603703,1203,1846,2849,3587
白石龙村二区,龙华区,民治街道,龙华区民治街道白石龙社区白石龙村二区,114.037682,22.610273,1137,1746,2694,3392
白石龙村一区,龙华区,民治街道,龙华区民治街道白石龙社区白石龙村一区,114.033253,22.607494,1252,1922,2965,3734
简上村,龙华区,民治街道,龙华区民治街道龙塘社区简上村,114.005748,22.634657,1033,1586,2447,3081
隔圳新村,龙华区,民治街道,龙华区民治街道龙塘社区隔圳新村,114.013858,22.638092,856,1314,2028,2554
龙塘村,龙华区,民治街道,龙华区民治街道龙塘社区龙塘村,114.010281,22.633224,1056,1620,2500,3148
桂花别墅区,龙华区,观澜街道,龙华区观澜街道新澜社区桂花别墅区,114.048759,22.725398,638,979,1510,1902
燕川旧村,宝安区,燕罗街道,宝安区燕罗街道燕川社区燕川旧村,113.860745,22.800422,487,748,1154,1453
燕川三村,宝安区,燕罗街道,宝安区燕罗街道燕川社区燕川三村,113.859776,22.808461,488,749,1156,1456
燕川二村,宝安区,燕罗街道,宝安区燕罗街道燕川社区燕川二村,113.859381,22.80457,471,723,1115,1405
狮径二组新村,龙华区,福城街道,龙华区福城街道福民社区狮径二组新村,114.026174,22.714624,418,642,990,1247
沙浦围旧村,宝安区,松岗街道,宝安区松岗街道沙浦围社区沙浦围旧村,113.821673,22.778668,448,687,1060,1335
沙浦围村,宝安区,松岗街道,宝安区松岗街道沙浦围社区沙浦围村,113.817892,22.783656,475,729,1125,1417
桂花新村,龙华区,观澜街道,龙华区观澜街道桂花社区桂花新村,114.052786,22.729691,516,792,1222,1539
贵湖塘北区,龙华区,观澜街道,龙华区观澜街道桂花社区贵湖塘北区,114.050284,22.727031,532,817,1260,1587
贵湖塘老村,龙华区,观澜街道,龙华区观澜街道桂花社区贵湖塘老村,114.052903,22.72508,506,777,1200,1511
贵湖塘新村,龙华区,观澜街道,龙华区观澜街道桂花社区贵湖塘新村,114.0517,22.724344,497,762,1176,1481
新和村,坪山区,坪山街道,坪山区坪山街道六和社区新和村,114.330747,22.706059,392,602,928,1169
卢屋村,坪山区,碧岭街道,坪山区碧岭街道沙湖社区卢屋村,114.316141,22.680901,342,526,811,1021
六和社区飞西,坪山区,坪山街道,坪山区坪山街道六和社区六和社区飞西,114.335655,22.69783,424,651,1005,1265
大围,大鹏新区,南澳街道,大鹏新区南澳街道东涌社区大围,114.568766,22.496724,480,737,1137,1432
飞东村,坪山区,坪山街道,坪山区坪山街道六和社区飞东村,114.339981,22.698975,373,572,883,1112
洋母帐,坪山区,坪山街道,坪山区坪山街道六联社区洋母帐,114.33149,22.6901,415,637,983,1238
赤花岭新村,龙华区,观澜街道,龙华区观澜街道桂花社区赤花岭新村,114.052195,22.727801,585,897,1385,1744
东边新村二区,龙华区,民治街道,龙华区民治街道民强社区东边新村二区,114.032171,22.622871,1140,1750,2700,3400
放马埔老村,龙华区,观澜街道,龙华区观澜街道桂花社区放马埔老村,114.056956,22.72972,441,677,1045,1316
桥头公园小区,龙华区,观澜街道,龙华区观澜街道桂花社区桥头公园小区,114.052999,22.732437,542,833,1285,1618
放马埔新村,龙华区,观澜街道,龙华区观澜街道桂花社区放马埔新村,114.058259,22.729077,435,667,1029,1296
新石桥老村,龙华区,观澜街道,龙华区观澜街道桂花社区新石桥老村,114.05978,22.72902,505,775,1195,1505
富泉新村北区,龙华区,龙华街道,龙华区龙华街道和联社区富泉新村北区,114.028303,22.669367,815,1251,1930,2431
双桥花园,龙华区,龙华街道,龙华区龙华街道三联社区双桥花园,114.020638,22.661286,766,1176,1814,2284
和平小区,龙华区,龙华街道,龙华区龙华街道三联社区和平小区,114.030896,22.663223,793,1217,1877,2364
富联新村A区,龙华区,龙华街道,龙华区龙华街道三联社区富联新村A区,114.030606,22.668847,803,1233,1903,2396
富联新村B区,龙华区,龙华街道,龙华区龙华街道和联社区富联新村B区,114.029631,22.672877,791,1215,1874,2360
共和新村D区,龙华区,龙华街道,龙华区龙华街道松和社区共和新村D区,114.034018,22.648936,639,982,1515,1907
共和A小区,龙华区,龙华街道,龙华区龙华街道松和社区共和A小区,114.029551,22.65136,722,1108,1709,2153
共和新村C区,龙华区,龙华街道,龙华区龙华街道松和社区共和新村C区,114.036996,22.651584,705,1082,1669,2102
牛栏前新村,龙华区,民治街道,龙华区民治街道新牛社区牛栏前新村,114.028737,22.636664,971,1491,2301,2897
大沙河老村,龙华区,观澜街道,龙华区观澜街道桂香社区大沙河老村,114.055403,22.752675,322,494,762,959
大沙河新村,龙华区,观澜街道,龙华区观澜街道桂香社区大沙河新村,114.053362,22.74797,336,516,796,1003
大湖老村,龙华区,观澜街道,龙华区观澜街道桂香社区大湖老村,114.057419,22.739511,503,771,1190,1499
大湖新村,龙华区,观澜街道,龙华区观澜街道桂香社区大湖新村,114.058175,22.738697,519,797,1230,1548
渔业社区渔业新村,宝安区,西乡街道,宝安区西乡街道渔业社区渔业社区渔业新村,113.865297,22.569497,1405,2156,3327,4189
桂花第二市场小区,龙华区,观澜街道,龙华区观澜街道桂香社区桂花第二市场小区,114.050864,22.747006,453,696,1074,1352
龙门村,宝安区,松岗街道,宝安区松岗街道红星社区龙门村,113.837016,22.763854,471,724,1116,1406
湾头村,宝安区,松岗街道,宝安区松岗街道红星社区湾头村,113.834195,22.764181,409,628,969,1220
松新村,宝安区,松岗街道,宝安区松岗街道红星社区松新村,113.835085,22.769937,493,758,1169,1472
庙溪新村,龙华区,观澜街道,龙华区观澜街道桂香社区庙溪新村,114.056751,22.742407,368,566,872,1099
庙溪老村,龙华区,观澜街道,龙华区观澜街道桂香社区庙溪老村,114.05382,22.741671,358,549,847,1067
老围新村,龙华区,观澜街道,龙华区观澜街道君子布社区老围新村,114.100937,22.718949,419,643,993,1250
田心新村,龙华区,观澜街道,龙华区观澜街道君子布社区田心新村,114.09402,22.715434,471,723,1115,1404
新屋居民小组,坪山区,龙田街道,坪山区龙田街道龙田社区新屋居民小组,114.354495,22.760671,338,519,801,1008
黄坭元居民小组,坪山区,龙田街道,坪山区龙田街道竹坑社区黄坭元居民小组,114.37818,22.711242,353,541,835,1052
牛背居民小组,坪山区,龙田街道,坪山区龙田街道龙田社区牛背居民小组,114.359757,22.753684,337,517,798,1005
龙湖居民小组,坪山区,龙田街道,坪山区龙田街道龙田社区龙湖居民小组,114.355858,22.757048,336,516,797,1003
龙兴老村,龙华区,观澜街道,龙华区观澜街道君子布社区龙兴老村,114.09378,22.722096,407,625,964,1214
东龙新村,龙华区,民治街道,龙华区民治街道上芬社区东龙新村,114.018982,22.639105,871,1337,2063,2598
龙兴新村,龙华区,观澜街道,龙华区观澜街道君子布社区龙兴新村,114.101017,22.726491,443,679,1048,1320
大水田住宅区北区,龙华区,观澜街道,龙华区观澜街道大水田社区大水田住宅区北区,114.087439,22.74296,407,625,964,1214
大水田住宅区西区,龙华区,观澜街道,龙华区观澜街道大水田社区大水田住宅区西区,114.085363,22.741482,480,737,1136,1431
大水田住宅区东区,龙华区,观澜街道,龙华区观澜街道大水田社区大水田住宅区东区,114.086941,22.742137,398,611,943,1188
丹坑村西区,龙华区,福城街道,龙华区福城街道福民社区丹坑村西区,114.034828,22.715757,501,769,1186,1493
冼屋村,龙华区,福城街道,龙华区福城街道福民社区冼屋村,114.022773,22.711354,454,697,1075,1354
狮径一组,龙华区,福城街道,龙华区福城街道福民社区狮径一组,114.022682,22.714857,448,687,1060,1335
白石厦社区石龙头旧村,宝安区,福永街道,宝安区福永街道白石厦社区白石厦社区石龙头旧村,113.815357,22.677688,745,1144,1764,2222
悦兴围一组,龙华区,福城街道,龙华区福城街道福民社区悦兴围一组,114.032009,22.715682,459,704,1086,1368
坳顶新村,龙华区,观澜街道,龙华区观澜街道牛湖社区坳顶新村,114.082791,22.725037,481,738,1139,1434
方一新村,龙华区,观澜街道,龙华区观澜街道广培社区方一新村,114.079034,22.735018,469,720,1110,1398
南源新村,龙华区,民治街道,龙华区民治街道北站社区南源新村,114.025722,22.624597,1085,1665,2570,3236
吓围新村,龙华区,观澜街道,龙华区观澜街道广培社区吓围新村,114.076727,22.731092,574,882,1360,1713
企坪新村,龙华区,观澜街道,龙华区观澜街道桂香社区企坪新村,114.048948,22.748452,344,528,815,1026
石三村,龙华区,观澜街道,龙华区观澜街道牛湖社区石三村,114.088912,22.72617,387,593,916,1153
西坊村,宝安区,松岗街道,宝安区松岗街道红星社区西坊村,113.83661,22.765188,445,683,1054,1328
东新街,宝安区,松岗街道,宝安区松岗街道松涛社区东新街,113.842058,22.77005,475,730,1126,1417
江边新村,宝安区,松岗街道,宝安区松岗街道江边社区江边新村,113.813134,22.77606,447,687,1059,1334
溪头旧屋村,宝安区,松岗街道,宝安区松岗街道溪头社区溪头旧屋村,113.829542,22.77814,399,613,945,1191
弓村二区,龙华区,龙华街道,龙华区龙华街道和联社区弓村二区,114.023071,22.665662,702,1077,1661,2092
石一村,龙华区,观澜街道,龙华区观澜街道牛湖社区石一村,114.081882,22.722641,401,615,949,1195
桂花园,龙华区,观澜街道,龙华区观澜街道新澜社区桂花园,114.049983,22.724955,634,973,1502,1891
翠澜新村(含华园巷),龙华区,观澜街道,龙华区观澜街道新澜社区翠澜新村(含华园巷),114.051166,22.720008,511,785,1210,1524
仲光园(含福基花园),龙华区,观澜街道,龙华区观澜街道新澜社区仲光园(含福基花园),114.050974,22.722405,555,852,1314,1655
新横居民小组,坪山区,坑梓街道,坪山区坑梓街道金沙社区新横居民小组,114.38572,22.746071,336,516,796,1002
长隆居民小组,坪山区,坑梓街道,坪山区坑梓街道金沙社区长隆居民小组,114.390058,22.746874,347,532,821,1034
青排居民小组,坪山区,坑梓街道,坪山区坑梓街道金沙社区青排居民小组,114.394613,22.755037,365,560,865,1089
田脚居民小组,坪山区,坑梓街道,坪山区坑梓街道沙田社区田脚居民小组,114.40762,22.759172,340,522,806,1015
李中居民小组,坪山区,坑梓街道,坪山区坑梓街道沙田社区李中居民小组,114.398648,22.776027,347,532,821,1034
三栋屋村,龙华区,观澜街道,龙华区观澜街道新澜社区三栋屋村,114.052201,22.722595,541,831,1281,1614
木头湖旧村,龙华区,观澜街道,龙华区观澜街道广培社区木头湖旧村,114.079314,22.727803,473,725,1119,1409
企坪老村,龙华区,观澜街道,龙华区观澜街道桂香社区企坪老村,114.051779,22.753885,342,524,809,1019
木头湖新村,龙华区,观澜街道,龙华区观澜街道广培社区木头湖新村,114.080327,22.72987,475,729,1124,1416
共和新村B区,龙华区,龙华街道,龙华区龙华街道松和社区共和新村B区,114.035949,22.65323,736,1130,1744,2196
松和新村,龙华区,龙华街道,龙华区龙华街道松和社区松和新村,114.03472,22.643306,770,1182,1823,2296
油园新村,龙华区,龙华街道,龙华区龙华街道松和社区油园新村,114.037341,22.644819,713,1095,1690,2128
汇食街小区,龙华区,龙华街道,龙华区龙华街道松和社区汇食街小区,114.029745,22.645715,716,1099,1696,2136
下油松新村,龙华区,龙华街道,龙华区龙华街道松和社区下油松新村,114.031975,22.647514,637,978,1508,1899
下油松别墅区,龙华区,龙华街道,龙华区龙华街道松和社区下油松别墅区,114.033362,22.646592,657,1009,1557,1961
下油松D区,龙华区,龙华街道,龙华区龙华街道松和社区下油松D区,114.034806,22.647305,648,995,1535,1933
下油松C区,龙华区,龙华街道,龙华区龙华街道松和社区下油松C区,114.033828,22.645313,692,1062,1638,2063
下油松B区,龙华区,龙华街道,龙华区龙华街道松和社区下油松B区,114.034512,22.646007,672,1032,1592,2005
锦绣新村,龙华区,龙华街道,龙华区龙华街道和联社区锦绣新村,114.019657,22.663592,773,1187,1832,2306
玉律二区,光明区,玉塘街道,光明区玉塘街道玉律社区玉律二区,113.889015,22.71993,503,772,1190,1499
马坜围仔村,龙华区,观澜街道,龙华区观澜街道新澜社区马坜围仔村,114.045706,22.717715,487,747,1153,1451
陂老村,龙华区,观澜街道,龙华区观澜街道大富社区陂老村,114.035862,22.749415,439,674,1039,1309
陂新村,龙华区,观澜街道,龙华区观澜街道大富社区陂新村,114.028306,22.751522,392,602,928,1169
溪头村,宝安区,松岗街道,宝安区松岗街道溪头社区溪头村,113.830367,22.781466,439,674,1040,1310
潭头四村,宝安区,松岗街道,宝安区松岗街道潭头社区潭头四村,113.842308,22.752388,439,674,1039,1309
潭头三村,宝安区,松岗街道,宝安区松岗街道潭头社区潭头三村,113.837974,22.749519,506,777,1198,1509
潭头二村,宝安区,松岗街道,宝安区松岗街道潭头社区潭头二村,113.834852,22.752453,530,814,1255,1581
水围村,龙华区,观澜街道,龙华区观澜街道库坑社区水围村,114.029088,22.741815,417,640,987,1243
俄地吓旧村,龙华区,观澜街道,龙华区观澜街道广培社区俄地吓旧村,114.078326,22.733259,480,736,1136,1431
中心老村,龙华区,观澜街道,龙华区观澜街道库坑社区中心老村,114.031506,22.738488,479,736,1136,1430
郭吓新村,龙华区,龙华街道,龙华区龙华街道华联社区郭吓新村,114.013055,22.667237,741,1138,1756,2211
东埔龙新村,龙华区,龙华街道,龙华区龙华街道富康社区东埔龙新村,114.040617,22.658848,653,1002,1545,1946
城外居民小组,坪山区,坑梓街道,坪山区坑梓街道秀新社区城外居民小组,114.375348,22.741342,345,530,817,1029
中心新村,龙华区,观澜街道,龙华区观澜街道库坑社区中心新村,114.028551,22.741187,440,675,1041,1311
新围老村,龙华区,观澜街道,龙华区观澜街道库坑社区新围老村,114.031918,22.73696,429,659,1016,1280
围仔老村,龙华区,观澜街道,龙华区观澜街道库坑社区围仔老村,114.033799,22.73807,442,678,1046,1317
围仔新村,龙华区,观澜街道,龙华区观澜街道库坑社区围仔新村,114.036746,22.737018,510,783,1208,1521
源盛新村小区,龙岗区,宝龙街道,龙岗区宝龙街道龙东社区源盛新村小区,114.285506,22.717448,495,759,1171,1475
围角居民小组,坪山区,坑梓街道,坪山区坑梓街道沙田社区围角居民小组,114.404483,22.775538,337,517,797,1004
新开居民小组,坪山区,龙田街道,坪山区龙田街道竹坑社区新开居民小组,114.388061,22.713948,415,637,982,1237
下廖居民小组,坪山区,坑梓街道,坪山区坑梓街道沙田社区下廖居民小组,114.394902,22.76784,344,528,815,1026
锦鲤二村,龙华区,观湖街道,龙华区观湖街道润城社区锦鲤二村,114.04245,22.704499,475,729,1124,1416
锦鲤一村,龙华区,观湖街道,龙华区观湖街道润城社区锦鲤一村,114.041502,22.706753,480,737,1137,1432
山仔新村(五区新村),龙华区,观湖街道,龙华区观湖街道润城社区山仔新村(五区新村),114.042799,22.713737,485,744,1148,1446
岗头陈屋村,龙华区,观湖街道,龙华区观湖街道观城社区岗头陈屋村,114.054796,22.720262,502,771,1189,1497
横坑河东村,龙华区,观湖街道,龙华区观湖街道观城社区横坑河东村,114.056,22.711089,445,683,1054,1327
潭头一村,宝安区,松岗街道,宝安区松岗街道潭头社区潭头一村,113.840567,22.753575,462,710,1095,1379
松园小区,宝安区,松岗街道,宝安区松岗街道花果山社区松园小区,113.8343,22.773055,468,719,1109,1397
花果山旧村,宝安区,松岗街道,宝安区松岗街道花果山社区花果山旧村,113.837263,22.776324,470,721,1112,1401
格布村,宝安区,松岗街道,宝安区松岗街道红星社区格布村,113.834828,22.766396,478,734,1133,1427
马坜大屋村,龙华区,观湖街道,龙华区观湖街道观城社区马坜大屋村,114.047135,22.71557,492,755,1164,1466
马坜老一村,龙华区,观湖街道,龙华区观湖街道观城社区马坜老一村,114.043243,22.711145,483,742,1144,1441
大和东庵村,龙华区,观湖街道,龙华区观湖街道观城社区大和东庵村,114.045984,22.691306,495,759,1172,1475
马坜新村,龙华区,观湖街道,龙华区观湖街道观城社区马坜新村,114.044837,22.700778,455,698,1077,1356
水晶山庄,龙华区,观湖街道,龙华区观湖街道观城社区水晶山庄,114.044251,22.709532,559,858,1323,1666
文化新村居民小组,坪山区,坑梓街道,坪山区坑梓街道坑梓社区文化新村居民小组,114.364946,22.744298,377,579,894,1126
庄边社区庄边金庄园,宝安区,西乡街道,宝安区西乡街道庄边社区庄边社区庄边金庄园,113.880683,22.589149,1305,2003,3090,3891
中兴西,坪山区,坪山街道,坪山区坪山街道和平社区中兴西,114.340148,22.69226,522,802,1237,1558
新塘新村小区(新村),龙华区,福城街道,龙华区福城街道桔塘社区新塘新村小区(新村),114.018177,22.722565,413,635,979,1233
金奥小区,龙华区,福城街道,龙华区福城街道大水坑社区金奥小区,114.011691,22.730035,446,684,1056,1330
吓呃村,龙华区,观澜街道,龙华区观澜街道新澜社区吓呃村,114.04819,22.718222,546,837,1292,1627
向西新围,龙华区,观湖街道,龙华区观湖街道松元厦社区向西新围,114.063293,22.721994,509,781,1205,1518
向西新村,龙华区,观湖街道,龙华区观湖街道松元厦社区向西新村,114.062537,22.720854,507,778,1201,1512
旭玫新村,龙华区,观湖街道,龙华区观湖街道松元厦社区旭玫新村,114.059255,22.722467,459,705,1088,1370
大布新村,龙华区,观湖街道,龙华区观湖街道松元厦社区大布新村,114.061311,22.72116,575,883,1363,1716
河南新村,龙华区,观湖街道,龙华区观湖街道松元厦社区河南新村,114.06341,22.714799,526,808,1246,1569
水斗盘龙新村,龙华区,龙华街道,龙华区龙华街道油松社区水斗盘龙新村,114.048433,22.646998,701,1076,1661,2091
水斗新围村,龙华区,龙华街道,龙华区龙华街道油松社区水斗新围村,114.044043,22.641568,707,1085,1674,2108
立新小区,宝安区,福永街道,宝安区福永街道白石厦社区立新小区,113.821848,22.683305,707,1085,1674,2108
水斗富豪新村,龙华区,龙华街道,龙华区龙华街道油松社区水斗富豪新村,114.04762,22.643614,634,973,1501,1890
上油松荔苑新村,龙华区,龙华街道,龙华区龙华街道油松社区上油松荔苑新村,114.040439,22.634462,679,1042,1607,2024
华侨新村,龙华区,龙华街道,龙华区龙华街道油松社区华侨新村,114.046121,22.634413,746,1146,1767,2226
横坑河西村,龙华区,观湖街道,龙华区观湖街道观城社区横坑河西村,114.050267,22.70914,439,674,1040,1309
福楼小区,龙华区,观湖街道,龙华区观湖街道松元厦社区福楼小区,114.069533,22.717014,491,754,1163,1464
上围新村,龙华区,观湖街道,龙华区观湖街道松元厦社区上围新村,114.066587,22.719596,455,699,1079,1358
太兴新村,龙华区,观湖街道,龙华区观湖街道松元厦社区太兴新村,114.07134,22.717683,412,632,975,1228
民主社区石围,宝安区,沙井街道,宝安区沙井街道民主社区民主社区石围,113.76981,22.737929,495,760,1173,1477
三间仔,宝安区,沙井街道,宝安区沙井街道民主社区三间仔,113.776104,22.729251,575,882,1361,1714
和一住宅F区,宝安区,沙井街道,宝安区沙井街道和一社区和一住宅F区,113.776837,22.713994,537,825,1272,1602
和一住宅E区,宝安区,沙井街道,宝安区沙井街道和一社区和一住宅E区,113.778235,22.71993,497,763,1178,1483
和一住宅D区,宝安区,沙井街道,宝安区沙井街道和一社区和一住宅D区,113.779999,22.713958,523,803,1238,1559
蚝涌村,宝安区,松岗街道,宝安区松岗街道红星社区蚝涌村,113.829714,22.764486,521,800,1234,1554
中心新村,龙华区,观湖街道,龙华区观湖街道松元厦社区中心新村,114.068895,22.721856,480,736,1136,1430
老围老村,龙华区,观湖街道,龙华区观湖街道新田社区老围老村,114.078355,22.704696,591,907,1400,1763
老二村,龙华区,观澜街道,龙华区观澜街道牛湖社区老二村,114.083989,22.734772,517,793,1224,1541
岗头福田村,龙华区,观湖街道,龙华区观湖街道观城社区岗头福田村,114.056185,22.721785,555,851,1314,1654
田心村,龙华区,观湖街道,龙华区观湖街道新田社区田心村,114.079973,22.706221,464,712,1099,1384
BDC小区(新村),龙华区,福城街道,龙华区福城街道大水坑社区BDC小区(新村),114.009756,22.729311,405,621,959,1207
金湖湾小区(新村),龙华区,福城街道,龙华区福城街道兴富社区金湖湾小区(新村),114.008229,22.738091,487,748,1154,1454
山猪坑,龙华区,福城街道,龙华区福城街道兴富社区山猪坑,113.999344,22.737354,465,714,1101,1387
塘前老村,龙华区,福城街道,龙华区福城街道章阁社区塘前老村,114.015768,22.741267,318,488,753,949
塘前新村,龙华区,福城街道,龙华区福城街道章阁社区塘前新村,114.014623,22.744018,361,554,855,1077
章阁老村,龙华区,福城街道,龙华区福城街道章阁社区章阁老村,114.011874,22.750506,388,596,919,1157
老三村,龙华区,观湖街道,龙华区观湖街道新田社区老三村,114.081215,22.703685,533,819,1264,1591
老二村,龙华区,观湖街道,龙华区观湖街道新田社区老二村,114.078339,22.706501,483,742,1145,1442
谷二村,龙华区,观湖街道,龙华区观湖街道新田社区谷二村,114.08331,22.704885,521,799,1233,1553
谷一村,龙华区,观湖街道,龙华区观湖街道新田社区谷一村,114.084672,22.705541,485,744,1149,1446
牛轭岭新村,龙华区,观湖街道,龙华区观湖街道新田社区牛轭岭新村,114.08181,22.70881,464,712,1099,1384
新村居民小组,坪山区,坑梓街道,坪山区坑梓街道秀新社区新村居民小组,114.37345,22.75772,354,543,838,1056
沙一社区沙一住宅区,宝安区,沙井街道,宝安区沙井街道沙一社区沙一社区沙一住宅区,113.792657,22.737533,568,871,1345,1693
吓田居民小组,坪山区,龙田街道,坪山区龙田街道龙田社区吓田居民小组,114.356935,22.753203,333,511,788,993
荣田居民小组,坪山区,坑梓街道,坪山区坑梓街道金沙社区荣田居民小组,114.395015,22.756622,380,583,900,1134
龙山居民小组,坪山区,坑梓街道,坪山区坑梓街道金沙社区龙山居民小组,114.399183,22.753875,347,532,821,1034
上洋村,坪山区,石井街道,坪山区石井街道田心社区上洋村,114.411394,22.710596,320,491,758,954
卢屋居民小组,坪山区,坑梓街道,坪山区坑梓街道金沙社区卢屋居民小组,114.390624,22.742005,348,535,825,1039
东联居民小组,坪山区,坑梓街道,坪山区坑梓街道金沙社区东联居民小组,114.383944,22.739707,347,532,821,1034
马坜老二村,龙华区,观湖街道,龙华区观湖街道观城社区马坜老二村,114.044292,22.713361,496,761,1174,1478
元三村,龙华区,观湖街道,龙华区观湖街道新田社区元三村,114.087995,22.699956,403,618,954,1201
吉坑新村,龙华区,观湖街道,龙华区观湖街道新田社区吉坑新村,114.083183,22.700935,388,595,918,1156
白鸽湖新村,龙华区,观湖街道,龙华区观湖街道樟溪社区白鸽湖新村,114.087503,22.696097,442,678,1046,1317
料龙村,龙岗区,坪地街道,龙岗区坪地街道坪西社区料龙村,114.276746,22.763968,397,610,941,1185
沙二新村,宝安区,沙井街道,宝安区沙井街道沙二社区沙二新村,113.797087,22.740155,572,878,1355,1707
沙二西环新村,宝安区,沙井街道,宝安区沙井街道沙二社区沙二西环新村,113.793963,22.740524,586,899,1388,1748
东塘旧村,宝安区,沙井街道,宝安区沙井街道东塘社区东塘旧村,113.804575,22.736921,578,888,1369,1724
岳湖岗村,龙岗区,坪地街道,龙岗区坪地街道中心社区岳湖岗村,114.299794,22.777172,392,602,928,1169
富地岗村,龙岗区,坪地街道,龙岗区坪地街道坪东社区富地岗村,114.318098,22.77273,384,590,910,1146
西湖塘村,龙岗区,坪地街道,龙岗区坪地街道坪东社区西湖塘村,114.313293,22.768793,388,596,919,1157
料坑新村东,宝安区,石岩街道,宝安区石岩街道宝源社区料坑新村东,113.888444,22.673164,546,838,1294,1629
新香老屋村,龙岗区,坪地街道,龙岗区坪地街道六联社区新香老屋村,114.316451,22.778184,333,510,788,992
楼角老屋村,龙岗区,坪地街道,龙岗区坪地街道六联社区楼角老屋村,114.318147,22.786442,307,471,727,915
和一住宅C区,宝安区,沙井街道,宝安区沙井街道和一社区和一住宅C区,113.783212,22.718672,529,811,1252,1577
东边坑,宝安区,沙井街道,宝安区沙井街道后亭社区东边坑,113.816812,22.760907,518,795,1226,1544
后亭新村西,宝安区,沙井街道,宝安区沙井街道后亭社区后亭新村西,113.814813,22.759181,534,820,1266,1594
后亭新村东,宝安区,沙井街道,宝安区沙井街道后亭社区后亭新村东,113.816556,22.758321,523,804,1240,1561
马安山村,宝安区,沙井街道,宝安区沙井街道马安山社区马安山村,113.808822,22.71827,476,730,1127,1419
东埔小区,宝安区,沙井街道,宝安区沙井街道步涌社区东埔小区,113.809914,22.757364,540,828,1278,1609
祠堂南北小区,宝安区,沙井街道,宝安区沙井街道步涌社区祠堂南北小区,113.807138,22.756161,429,659,1016,1280
老围村,龙岗区,坪地街道,龙岗区坪地街道六联社区老围村,114.314859,22.78598,324,498,768,967
下围村,龙华区,观湖街道,龙华区观湖街道樟溪社区下围村,114.071717,22.690501,546,838,1293,1629
坪西市场片区,龙岗区,坪地街道,龙岗区坪地街道坪西社区坪西市场片区,114.280395,22.76368,363,557,859,1081
岗头东王村,龙华区,观湖街道,龙华区观湖街道观城社区岗头东王村,114.057012,22.721952,537,824,1271,1601
大塘(新村),龙华区,福城街道,龙华区福城街道大水坑社区大塘(新村),114.004042,22.72965,367,564,870,1096
墩背新村,龙华区,龙华街道,龙华区龙华街道华联社区墩背新村,114.008763,22.673537,706,1084,1673,2107
墩背市场小区,龙华区,龙华街道,龙华区龙华街道华联社区墩背市场小区,114.009833,22.675165,734,1127,1738,2189
老围新村,龙华区,龙华街道,龙华区龙华街道华联社区老围新村,114.013484,22.672207,695,1067,1646,2072
老围老村,龙华区,龙华街道,龙华区龙华街道华联社区老围老村,114.011605,22.672232,619,950,1466,1847
河背新村1、2区,龙华区,龙华街道,龙华区龙华街道华联社区河背新村1、2区,114.012534,22.673112,759,1166,1798,2264
老香老屋村,龙岗区,坪地街道,龙岗区坪地街道六联社区老香老屋村,114.312541,22.777667,332,510,786,990
新围老屋村,龙岗区,坪地街道,龙岗区坪地街道六联社区新围老屋村,114.316652,22.786806,318,489,754,950
坪地圩老屋村,龙岗区,坪地街道,龙岗区坪地街道坪东社区坪地圩老屋村,114.30803,22.778774,389,597,921,1160
富地岗老屋村,龙岗区,坪地街道,龙岗区坪地街道坪东社区富地岗老屋村,114.315287,22.769898,390,599,924,1163
西湖塘老屋村,龙岗区,坪地街道,龙岗区坪地街道坪东社区西湖塘老屋村,114.311272,22.769058,388,595,918,1156
东升小区,龙华区,龙华街道,龙华区龙华街道油松社区东升小区,114.04216,22.643875,659,1011,1560,1964
东业苑,宝安区,沙井街道,宝安区沙井街道东塘社区东业苑,113.797441,22.73596,744,1143,1763,2220
围仔,宝安区,沙井街道,宝安区沙井街道东塘社区围仔,113.799942,22.736937,670,1028,1586,1997
辛养新村,宝安区,沙井街道,宝安区沙井街道辛养社区辛养新村,113.805224,22.741129,579,888,1370,1726
河背老屋村,龙岗区,坪地街道,龙岗区坪地街道中心社区河背老屋村,114.29957,22.768493,400,614,947,1193
上围村,龙华区,观湖街道,龙华区观湖街道樟坑径社区上围村,114.076149,22.68428,452,693,1070,1347
岳湖岗老屋村,龙岗区,坪地街道,龙岗区坪地街道中心社区岳湖岗老屋村,114.301238,22.7747,413,634,978,1231
白石塘老屋村,龙岗区,坪地街道,龙岗区坪地街道中心社区白石塘老屋村,114.294876,22.784709,389,597,921,1160
果园老屋村,龙岗区,坪地街道,龙岗区坪地街道坪西社区果园老屋村,114.274115,22.772632,357,548,845,1064
茜坑老围,龙华区,福城街道,龙华区福城街道茜坑社区茜坑老围,114.023937,22.695033,508,780,1203,1515
南木老村,龙华区,福城街道,龙华区福城街道新和社区南木老村,114.039017,22.702194,490,752,1161,1462
竹村(东区、西区),龙华区,福城街道,龙华区福城街道新和社区竹村(东区、西区),114.033029,22.689398,520,799,1233,1552
沙梨元居民小组,坪山区,龙田街道,坪山区龙田街道竹坑社区沙梨元居民小组,114.379288,22.710159,356,547,843,1062
岭背老屋村,龙岗区,坪地街道,龙岗区坪地街道坪西社区岭背老屋村,114.273034,22.769925,353,542,836,1053
高桥老屋村,龙岗区,坪地街道,龙岗区坪地街道坪西社区高桥老屋村,114.285157,22.782603,397,610,941,1184
香元排老屋村,龙岗区,坪地街道,龙岗区坪地街道坪西社区香元排老屋村,114.289568,22.771165,403,618,954,1201
田坑老屋村,龙岗区,坪地街道,龙岗区坪地街道年丰社区田坑老屋村,114.323249,22.774426,318,488,753,948
上围老屋村,龙岗区,坪地街道,龙岗区坪地街道年丰社区上围老屋村,114.324617,22.771544,340,521,804,1013
保安社区坳二村,龙岗区,园山街道,龙岗区园山街道保安社区保安社区坳二村,114.208666,22.674712,680,1043,1610,2027
保安社区坳一村,龙岗区,园山街道,龙岗区园山街道保安社区保安社区坳一村,114.206057,22.670853,700,1074,1657,2087
腾龙花园,龙华区,龙华街道,龙华区龙华街道和联社区腾龙花园,114.02084,22.665622,662,1016,1567,1974
保安社区大福新村,龙岗区,园山街道,龙岗区园山街道保安社区保安社区大福新村,114.222253,22.661367,586,899,1387,1747
保安社区窝肚村,龙岗区,园山街道,龙岗区园山街道保安社区保安社区窝肚村,114.208812,22.662929,749,1150,1774,2234
丹坑新村,龙华区,福城街道,龙华区福城街道福民社区丹坑新村,114.037562,22.716309,590,905,1397,1759
保安社区永湖村,龙岗区,园山街道,龙岗区园山街道保安社区保安社区永湖村,114.211271,22.660313,749,1150,1774,2234
西坑社区一村,龙岗区,园山街道,龙岗区园山街道西坑社区西坑社区一村,114.216023,22.610724,556,853,1317,1658
华西小区,龙岗区,横岗街道,龙岗区横岗街道横岗社区华西小区,114.197123,22.648223,705,1082,1669,2101
新光村,龙岗区,横岗街道,龙岗区横岗街道横岗社区新光村,114.202131,22.647584,766,1176,1815,2285
保安社区独竹村,龙岗区,园山街道,龙岗区园山街道保安社区保安社区独竹村,114.206622,22.655389,724,1112,1715,2160
荷坳社区荷坳老村,龙岗区,园山街道,龙岗区园山街道荷坳社区荷坳社区荷坳老村,114.220227,22.684317,673,1033,1593,2006
大康社区大万村,龙岗区,园山街道,龙岗区园山街道大康社区大康社区大万村,114.235189,22.650505,414,635,980,1235
俄地吓新村,龙华区,观澜街道,龙华区观澜街道广培社区俄地吓新村,114.075253,22.732183,531,815,1258,1584
安良社区八村,龙岗区,园山街道,龙岗区园山街道安良社区安良社区八村,114.216464,22.63377,564,867,1337,1684
大康社区上中村,龙岗区,园山街道,龙岗区园山街道大康社区大康社区上中村,114.222571,22.650686,504,774,1194,1504
上进邱屋小区,龙岗区,龙岗街道,龙岗区龙岗街道南联社区上进邱屋小区,114.254592,22.715835,529,812,1252,1577
安良社区五村,龙岗区,园山街道,龙岗区园山街道安良社区安良社区五村,114.226785,22.633046,493,756,1167,1469
西坑社区三村,龙岗区,园山街道,龙岗区园山街道西坑社区西坑社区三村,114.220417,22.619075,514,789,1217,1532
西坑社区二村,龙岗区,园山街道,龙岗区园山街道西坑社区西坑社区二村,114.21797,22.617119,494,759,1171,1475
新塘坑村,龙岗区,横岗街道,龙岗区横岗街道横岗社区新塘坑村,114.194713,22.647349,738,1133,1747,2200
大和村,龙岗区,横岗街道,龙岗区横岗街道六约社区大和村,114.18604,22.634752,730,1121,1730,2178
埔厦村,龙岗区,横岗街道,龙岗区横岗街道六约社区埔厦村,114.180109,22.646299,649,996,1537,1936
南隆社区半天云村,大鹏新区,南澳街道,大鹏新区南澳街道南隆社区南隆社区半天云村,114.49717,22.515564,418,641,990,1246
深坑村,龙岗区,横岗街道,龙岗区横岗街道六约社区深坑村,114.167989,22.638947,566,870,1342,1689
牛始埔村,龙岗区,横岗街道,龙岗区横岗街道六约社区牛始埔村,114.177993,22.62939,757,1163,1794,2259
安良社区六村(含沙排村),龙岗区,园山街道,龙岗区园山街道安良社区安良社区六村(含沙排村),114.220043,22.630601,501,769,1186,1493
沙吓片区,龙岗区,横岗街道,龙岗区横岗街道松柏社区沙吓片区,114.20561,22.646342,597,916,1414,1780
保康西片区,龙岗区,横岗街道,龙岗区横岗街道松柏社区保康西片区,114.207304,22.648844,756,1160,1790,2254
坝心村,龙岗区,横岗街道,龙岗区横岗街道横岗社区坝心村,114.200549,22.646947,741,1137,1754,2209
南塘村,龙岗区,横岗街道,龙岗区横岗街道横岗社区南塘村,114.203419,22.644301,667,1024,1580,1990
保安社区简一村,龙岗区,园山街道,龙岗区园山街道保安社区保安社区简一村,114.243913,22.661934,599,919,1418,1785
人工湖小区,龙岗区,横岗街道,龙岗区横岗街道松柏社区人工湖小区,114.205472,22.650777,771,1184,1827,2301
保康东小区,龙岗区,横岗街道,龙岗区横岗街道松柏社区保康东小区,114.208677,22.650033,738,1132,1747,2200
泉井湖小区,龙岗区,横岗街道,龙岗区横岗街道六约社区泉井湖小区,114.184602,22.64695,772,1185,1828,2302
乐清小区,龙岗区,横岗街道,龙岗区横岗街道怡锦社区乐清小区,114.18737,22.648128,902,1384,2135,2689
贤合村,龙岗区,横岗街道,龙岗区横岗街道四联社区贤合村,114.19233,22.651329,744,1142,1762,2218
茂盛村,龙岗区,横岗街道,龙岗区横岗街道四联社区茂盛村,114.195876,22.6541,712,1093,1686,2123
洪围村,龙岗区,龙岗街道,龙岗区龙岗街道龙岗社区洪围村,114.283478,22.736596,509,782,1206,1518
塘坑村,龙岗区,横岗街道,龙岗区横岗街道六约社区塘坑村,114.192431,22.638708,761,1167,1801,2268
麻地村,龙岗区,横岗街道,龙岗区横岗街道六约社区麻地村,114.183912,22.633965,729,1119,1727,2175
和悦村,龙岗区,横岗街道,龙岗区横岗街道横岗社区和悦村,114.201034,22.645008,711,1091,1683,2120
恋珠小区,龙岗区,南湾街道,龙岗区南湾街道丹竹头社区恋珠小区,114.142141,22.621694,934,1435,2213,2787
新洲小区,龙岗区,南湾街道,龙岗区南湾街道丹竹头社区新洲小区,114.148419,22.626938,767,1177,1815,2286
南新小区,龙岗区,南湾街道,龙岗区南湾街道南岭村社区南新小区,114.142117,22.608377,651,999,1541,1941
下李朗社区(石禾塘),龙岗区,南湾街道,龙岗区南湾街道下李朗社区下李朗社区(石禾塘),114.129486,22.641554,743,1140,1759,2215
下李朗社区(深朗村),龙岗区,南湾街道,龙岗区南湾街道下李朗社区下李朗社区(深朗村),114.122468,22.647844,730,1120,1728,2177
华侨新村,龙岗区,横岗街道,龙岗区横岗街道华侨新村社区华侨新村,114.200438,22.653373,711,1092,1685,2121
上围新村,龙岗区,横岗街道,龙岗区横岗街道横岗社区上围新村,114.207559,22.64318,674,1034,1596,2009
李澳街下李朗南路小区,龙岗区,南湾街道,龙岗区南湾街道下李朗社区李澳街下李朗南路小区,114.130168,22.639911,665,1020,1574,1982
吓岗一,龙岗区,龙岗街道,龙岗区龙岗街道南联社区吓岗一,114.261618,22.72233,523,803,1238,1559
水背坑小区,龙岗区,南湾街道,龙岗区南湾街道下李朗社区水背坑小区,114.128723,22.643127,648,995,1535,1933
中心围下李北路小区,龙岗区,南湾街道,龙岗区南湾街道下李朗社区中心围下李北路小区,114.128396,22.641394,640,983,1516,1909
龙新社区兰三村,龙岗区,宝龙街道,龙岗区宝龙街道龙新社区龙新社区兰三村,114.298783,22.731907,380,583,899,1132
新围新村,龙华区,观澜街道,龙华区观澜街道库坑社区新围新村,114.031708,22.734873,496,761,1174,1478
排榜村,龙岗区,横岗街道,龙岗区横岗街道四联社区排榜村,114.19206,22.658608,668,1026,1583,1994
红花二区,龙岗区,横岗街道,龙岗区横岗街道松柏社区红花二区,114.207291,22.647038,707,1086,1675,2109
东二村,大鹏新区,葵涌街道,大鹏新区葵涌街道葵丰社区东二村,114.405763,22.636255,365,561,865,1089
田心围小区,龙岗区,南湾街道,龙岗区南湾街道上李朗社区田心围小区,114.117763,22.655727,584,897,1384,1743
大坑肚小区,龙岗区,南湾街道,龙岗区南湾街道下李朗社区大坑肚小区,114.126373,22.641909,667,1024,1580,1989
市场东小区,龙岗区,南湾街道,龙岗区南湾街道厦村社区市场东小区,114.158725,22.612842,528,811,1251,1575
輋头窝小区,龙岗区,南湾街道,龙岗区南湾街道南岭村社区輋头窝小区,114.147347,22.613095,616,946,1459,1837
厦村社区(官塘),龙岗区,南湾街道,龙岗区南湾街道厦村社区厦村社区(官塘),114.156667,22.617891,670,1029,1588,1999
厦村社区(东坊),龙岗区,南湾街道,龙岗区南湾街道厦村社区厦村社区(东坊),114.160264,22.613627,531,815,1257,1583
厦村社区(沙岭),龙岗区,南湾街道,龙岗区南湾街道厦村社区厦村社区(沙岭),114.155308,22.617458,681,1046,1614,2032
普强小区,龙岗区,南湾街道,龙岗区南湾街道南新社区普强小区,114.147299,22.607568,676,1038,1601,2017
丹平社区(丹平东),龙岗区,南湾街道,龙岗区南湾街道丹平社区丹平社区(丹平东),114.152722,22.631818,813,1248,1926,2425
丹竹头社区(丹平西、南小区),龙岗区,南湾街道,龙岗区南湾街道丹竹头社区丹竹头社区(丹平西、南小区),114.151199,22.629135,751,1153,1778,2239
老围小区,龙岗区,南湾街道,龙岗区南湾街道丹竹头社区老围小区,114.149041,22.62019,663,1017,1569,1976
下李朗社区(对门岗),龙岗区,南湾街道,龙岗区南湾街道下李朗社区下李朗社区(对门岗),114.130846,22.642324,651,999,1542,1942
华侨新村,龙岗区,南湾街道,龙岗区南湾街道下李朗社区华侨新村,114.126576,22.641287,650,997,1539,1938
刘屋小区,龙岗区,南湾街道,龙岗区南湾街道下李朗社区刘屋小区,114.126017,22.640528,652,1001,1544,1944
澳头小区,龙岗区,南湾街道,龙岗区南湾街道下李朗社区澳头小区,114.131969,22.640532,655,1006,1552,1955
黄金南小区,龙岗区,南湾街道,龙岗区南湾街道南岭村社区黄金南小区,114.139907,22.613369,648,995,1536,1934
樟树上园村,龙岗区,南湾街道,龙岗区南湾街道樟树布社区樟树上园村,114.150578,22.607491,636,976,1506,1896
新塘东小区,龙岗区,南湾街道,龙岗区南湾街道樟树布社区新塘东小区,114.149238,22.607175,670,1028,1587,1998
南岭村社区龙山,龙岗区,南湾街道,龙岗区南湾街道南岭村社区南岭村社区龙山,114.133839,22.60205,663,1018,1571,1978
南岭村社区禾地,龙岗区,南湾街道,龙岗区南湾街道南岭村社区南岭村社区禾地,114.14816,22.616713,637,978,1510,1901
老禾坪,龙岗区,南湾街道,龙岗区南湾街道南岭村社区老禾坪,114.144414,22.615453,702,1078,1664,2095
高凹顶,龙岗区,南湾街道,龙岗区南湾街道南岭村社区高凹顶,114.142686,22.612502,613,941,1451,1828
健民小区,龙岗区,南湾街道,龙岗区南湾街道南岭村社区健民小区,114.140056,22.61137,688,1057,1630,2053
吓公岭,龙岗区,南湾街道,龙岗区南湾街道下李朗社区吓公岭,114.129411,22.639762,652,1001,1545,1945
上李朗(住宅一、二区商业街),龙岗区,南湾街道,龙岗区南湾街道上李朗社区上李朗(住宅一、二区商业街),114.114238,22.65668,629,966,1491,1877
和磡二区三区,龙岗区,坂田街道,龙岗区坂田街道五和社区和磡二区三区,114.058233,22.628526,850,1305,2014,2536
五和社区光雅园九区十区,龙岗区,坂田街道,龙岗区坂田街道五和社区五和社区光雅园九区十区,114.06458,22.621969,962,1477,2279,2870
杨美社区长坑片区,龙岗区,坂田街道,龙岗区坂田街道杨美社区杨美社区长坑片区,114.058426,22.630879,899,1379,2128,2680
象角塘社区中浩片区,龙岗区,坂田街道,龙岗区坂田街道象角塘社区象角塘社区中浩片区,114.072715,22.657274,896,1376,2123,2673
新雪社区下雪村,龙岗区,坂田街道,龙岗区坂田街道新雪社区新雪社区下雪村,114.076776,22.653338,891,1369,2111,2659
新雪社区上雪村,龙岗区,坂田街道,龙岗区坂田街道新雪社区新雪社区上雪村,114.078455,22.648703,799,1226,1892,2382
岗头社区中心围村,龙岗区,坂田街道,龙岗区坂田街道岗头社区岗头社区中心围村,114.05849,22.661133,983,1509,2328,2931
岗头社区风门坳村,龙岗区,坂田街道,龙岗区坂田街道岗头社区岗头社区风门坳村,114.060012,22.664789,971,1491,2301,2897
岗头社区马蹄山村,龙岗区,坂田街道,龙岗区坂田街道岗头社区岗头社区马蹄山村,114.061503,22.65541,1004,1541,2377,2993
金沙花园,龙岗区,吉华街道,龙岗区吉华街道翠湖社区金沙花园,114.101853,22.609458,747,1146,1768,2226
荔园新村,龙岗区,坂田街道,龙岗区坂田街道坂田社区荔园新村,114.066282,22.639584,834,1280,1975,2487
水斗坑村,龙岗区,坂田街道,龙岗区坂田街道大发埔社区水斗坑村,114.052087,22.643496,831,1276,1969,2480
侨联东,龙岗区,坂田街道,龙岗区坂田街道马安堂社区侨联东,114.077089,22.628276,1035,1589,2452,3088
河背新村,龙岗区,坂田街道,龙岗区坂田街道马安堂社区河背新村,114.068039,22.628084,845,1298,2002,2521
福田新村,龙华区,观湖街道,龙华区观湖街道观城社区福田新村,114.054589,22.71286,469,720,1111,1400
新塘西,龙岗区,南湾街道,龙岗区南湾街道南新社区新塘西,114.147723,22.608842,861,1322,2040,2569
黄金坑小区,龙岗区,南湾街道,龙岗区南湾街道宝岭社区黄金坑小区,114.137505,22.61149,727,1115,1721,2167
樟树布新村,龙岗区,南湾街道,龙岗区南湾街道樟树布社区樟树布新村,114.149643,22.610377,749,1150,1774,2233
吉夏村,龙岗区,南湾街道,龙岗区南湾街道吉厦社区吉夏村,114.153911,22.619678,637,977,1508,1899
沙塘布新村,龙岗区,南湾街道,龙岗区南湾街道沙塘布社区沙塘布新村,114.150643,22.613243,644,989,1525,1921
山水苑,龙岗区,南湾街道,龙岗区南湾街道南新社区山水苑,114.145676,22.60637,653,1002,1546,1947
象角塘村,龙岗区,坂田街道,龙岗区坂田街道象角塘社区象角塘村,114.066475,22.655421,896,1376,2123,2673
禾坪岗村,龙岗区,坂田街道,龙岗区坂田街道岗头社区禾坪岗村,114.063541,22.659358,1024,1572,2426,3054
岗头新围仔,龙岗区,坂田街道,龙岗区坂田街道岗头社区岗头新围仔,114.054084,22.662609,934,1433,2211,2784
坂田社区坂田村(大同及老围片区),龙岗区,坂田街道,龙岗区坂田街道坂田社区坂田社区坂田村(大同及老围片区),114.061104,22.639911,840,1290,1990,2506
余屋老屋村,龙岗区,坪地街道,龙岗区坪地街道年丰社区余屋老屋村,114.337231,22.76405,341,524,809,1018
五和社区大光勘村,龙岗区,坂田街道,龙岗区坂田街道五和社区五和社区大光勘村,114.061137,22.6244,1033,1585,2446,3080
马安堂社区侨联西村,龙岗区,坂田街道,龙岗区坂田街道马安堂社区马安堂社区侨联西村,114.071319,22.627319,896,1375,2122,2672
马安堂社区禾塘光村,龙岗区,坂田街道,龙岗区坂田街道马安堂社区马安堂社区禾塘光村,114.070347,22.629409,848,1302,2009,2530
马安堂新围仔村,龙岗区,坂田街道,龙岗区坂田街道马安堂社区马安堂新围仔村,114.070511,22.624848,826,1268,1956,2463
大发埔社区里石排村,龙岗区,坂田街道,龙岗区坂田街道大发埔社区大发埔社区里石排村,114.054329,22.634183,817,1253,1934,2435
大发埔社区大发埔村,龙岗区,坂田街道,龙岗区坂田街道大发埔社区大发埔社区大发埔村,114.051994,22.632072,791,1215,1874,2360
积谷田村,龙岗区,宝龙街道,龙岗区宝龙街道南约社区积谷田村,114.267661,22.698453,503,772,1191,1500
爱联A区,龙岗区,龙城街道,龙岗区龙城街道爱联社区爱联A区,114.224709,22.698439,683,1049,1618,2038
坂田西村,龙岗区,坂田街道,龙岗区坂田街道坂田社区坂田西村,114.056032,22.638414,884,1357,2094,2637
坂田东村,龙岗区,坂田街道,龙岗区坂田街道坂田社区坂田东村,114.064453,22.638053,858,1317,2032,2558
吉祥花园,龙岗区,坂田街道,龙岗区坂田街道象角塘社区吉祥花园,114.065546,22.657474,924,1418,2187,2754
雪象花园新村,龙岗区,坂田街道,龙岗区坂田街道象角塘社区雪象花园新村,114.069699,22.652527,843,1295,1998,2516
松元头村,龙岗区,吉华街道,龙岗区吉华街道三联社区松元头村,114.114132,22.628513,599,920,1419,1787
塘径老村,龙岗区,吉华街道,龙岗区吉华街道三联社区塘径老村,114.112393,22.623272,624,957,1477,1860
松园新村上村,龙岗区,吉华街道,龙岗区吉华街道三联社区松园新村上村,114.116947,22.624991,670,1029,1588,1999
下水径村,龙岗区,吉华街道,龙岗区吉华街道水径社区下水径村,114.10522,22.617475,825,1267,1955,2462
上水径村,龙岗区,吉华街道,龙岗区吉华街道水径社区上水径村,114.101694,22.623142,786,1206,1861,2344
南晶小区,龙岗区,南湾街道,龙岗区南湾街道南岭村社区南晶小区,114.144579,22.606218,661,1015,1566,1972
南坑社区麒麟东,龙岗区,坂田街道,龙岗区坂田街道南坑社区南坑社区麒麟东,114.058735,22.612439,883,1355,2090,2632
五和社区和磡村,龙岗区,坂田街道,龙岗区坂田街道五和社区五和社区和磡村,114.057687,22.626324,956,1468,2265,2852
甘坑大围,龙岗区,吉华街道,龙岗区吉华街道甘坑社区甘坑大围,114.099806,22.658348,633,972,1500,1889
金排社区禾坑片区,龙岗区,布吉街道,龙岗区布吉街道金排社区金排社区禾坑片区,114.120106,22.591968,823,1263,1949,2454
金排社区凤尾坑,龙岗区,布吉街道,龙岗区布吉街道金排社区金排社区凤尾坑,114.11373,22.594138,743,1141,1761,2217
长龙社区欧密巷大排片区,龙岗区,布吉街道,龙岗区布吉街道长龙社区长龙社区欧密巷大排片区,114.107623,22.613336,853,1309,2020,2543
长龙社区长龙新村片区,龙岗区,布吉街道,龙岗区布吉街道长龙社区长龙社区长龙新村片区,114.109285,22.614235,842,1292,1994,2511
罗岗社区锦龙新村,龙岗区,布吉街道,龙岗区布吉街道罗岗社区罗岗社区锦龙新村,114.117646,22.602407,785,1205,1859,2341
秀丽山庄,龙岗区,吉华街道,龙岗区吉华街道翠湖社区秀丽山庄,114.102176,22.614478,774,1188,1833,2308
下水径新村,龙岗区,吉华街道,龙岗区吉华街道翠湖社区下水径新村,114.102655,22.615705,738,1134,1749,2202
龙翔花园,龙岗区,吉华街道,龙岗区吉华街道翠湖社区龙翔花园,114.105544,22.613683,869,1335,2059,2593
龙景三区,龙岗区,吉华街道,龙岗区吉华街道三联社区龙景三区,114.111542,22.630555,711,1091,1683,2119
龙景一二区,龙岗区,吉华街道,龙岗区吉华街道三联社区龙景一二区,114.110189,22.62883,719,1104,1703,2144
松园新村下村,龙岗区,吉华街道,龙岗区吉华街道三联社区松园新村下村,114.115055,22.624917,762,1170,1806,2274
上水花园,龙岗区,吉华街道,龙岗区吉华街道丽湖社区上水花园,114.103606,22.629903,792,1215,1875,2361
坂田社区黄金山村,龙岗区,坂田街道,龙岗区坂田街道坂田社区坂田社区黄金山村,114.056526,22.64133,949,1457,2248,2831
大靓花园,龙岗区,吉华街道,龙岗区吉华街道翠湖社区大靓花园,114.100645,22.614502,676,1037,1600,2015
细靓村,龙岗区,吉华街道,龙岗区吉华街道水径社区细靓村,114.094438,22.610677,692,1062,1638,2063
长发新村,龙岗区,坂田街道,龙岗区坂田街道坂田社区长发新村,114.057125,22.634062,881,1352,2086,2626
布吉社区老圩村,龙岗区,布吉街道,龙岗区布吉街道布吉社区布吉社区老圩村,114.109942,22.600411,792,1215,1875,2361
塘径新村,龙岗区,吉华街道,龙岗区吉华街道三联社区塘径新村,114.111068,22.620525,724,1111,1714,2159
布吉社区何屋村,龙岗区,布吉街道,龙岗区布吉街道布吉社区布吉社区何屋村,114.108057,22.602371,794,1219,1881,2369
布吉社区李屋村,龙岗区,布吉街道,龙岗区布吉街道布吉社区布吉社区李屋村,114.108629,22.603373,810,1243,1917,2415
新塘居民小组,坪山区,石井街道,坪山区石井街道金龟社区新塘居民小组,114.412802,22.665445,324,497,767,966
布吉社区格塘村,龙岗区,布吉街道,龙岗区布吉街道布吉社区布吉社区格塘村,114.105302,22.604692,735,1129,1742,2193
布吉社区一村及东心岭,龙岗区,布吉街道,龙岗区布吉街道布吉社区布吉社区一村及东心岭,114.103334,22.608148,788,1210,1867,2352
凤凰社区尖山排,龙岗区,布吉街道,龙岗区布吉街道凤凰社区凤凰社区尖山排,114.10237,22.60561,712,1093,1687,2124
凤凰社区学园村,龙岗区,布吉街道,龙岗区布吉街道凤凰社区凤凰社区学园村,114.101701,22.591555,715,1098,1694,2133
德兴社区粤宝新二村,龙岗区,布吉街道,龙岗区布吉街道德兴社区德兴社区粤宝新二村,114.105505,22.597049,659,1012,1561,1966
德兴社区粤宝新一村,龙岗区,布吉街道,龙岗区布吉街道德兴社区德兴社区粤宝新一村,114.107584,22.595975,685,1051,1622,2042
大坡头村,龙岗区,吉华街道,龙岗区吉华街道水径社区大坡头村,114.105694,22.612315,814,1250,1928,2428
石龙坑村(南北),龙岗区,吉华街道,龙岗区吉华街道水径社区石龙坑村(南北),114.097575,22.610346,753,1155,1783,2245
甘坑新村,龙岗区,吉华街道,龙岗区吉华街道甘坑社区甘坑新村,114.101741,22.659383,597,917,1415,1781
华龙新村,龙岗区,吉华街道,龙岗区吉华街道光华社区华龙新村,114.107938,22.620062,819,1257,1939,2442
布吉社区盘龙小区,龙岗区,布吉街道,龙岗区布吉街道布吉社区布吉社区盘龙小区,114.100811,22.607506,826,1269,1957,2465
东方半岛龙基新村片区,龙岗区,布吉街道,龙岗区布吉街道东方半岛社区东方半岛龙基新村片区,114.121867,22.623242,755,1159,1788,2252
薛屋居民小组,坪山区,坑梓街道,坪山区坑梓街道金沙社区薛屋居民小组,114.392807,22.754026,334,513,792,997
马安山小区,龙岗区,布吉街道,龙岗区布吉街道德兴社区马安山小区,114.107417,22.593449,776,1191,1837,2313
平湖长廊村,龙岗区,平湖街道,龙岗区平湖街道平湖社区平湖长廊村,114.134058,22.690706,467,716,1105,1392
翠隆花园,龙岗区,吉华街道,龙岗区吉华街道水径社区翠隆花园,114.104816,22.623383,802,1230,1898,2391
平湖竹高塘村,龙岗区,平湖街道,龙岗区平湖街道平湖社区平湖竹高塘村,114.142319,22.689763,553,849,1310,1649
力昌力元吓村,龙岗区,平湖街道,龙岗区平湖街道力昌社区力昌力元吓村,114.120574,22.70243,544,835,1289,1623
新木社区新围仔村,龙岗区,平湖街道,龙岗区平湖街道新木社区新木社区新围仔村,114.134529,22.665224,533,818,1261,1588
新木社区新村,龙岗区,平湖街道,龙岗区平湖街道新木社区新木社区新村,114.122763,22.666776,574,881,1359,1712
山厦社区大围村,龙岗区,平湖街道,龙岗区平湖街道山厦社区山厦社区大围村,114.110027,22.705,458,703,1084,1366
太元老屋村,龙岗区,坪地街道,龙岗区坪地街道六联社区太元老屋村,114.320848,22.78455,315,483,745,938
山厦社区楼下村,龙岗区,平湖街道,龙岗区平湖街道山厦社区山厦社区楼下村,114.111621,22.704454,460,706,1090,1372
矮岭村,坪山区,石井街道,坪山区石井街道田头社区矮岭村,114.394798,22.695823,329,506,780,983
平湖社区凤凰新村,龙岗区,平湖街道,龙岗区平湖街道平湖社区平湖社区凤凰新村,114.1384,22.700607,498,764,1179,1485
凤凰社区北门坳村,龙岗区,平湖街道,龙岗区平湖街道凤凰社区凤凰社区北门坳村,114.129319,22.698681,537,825,1273,1603
新木社区老村,龙岗区,平湖街道,龙岗区平湖街道新木社区新木社区老村,114.124886,22.671329,503,772,1192,1501
五和社区光雅园村,龙岗区,坂田街道,龙岗区坂田街道五和社区五和社区光雅园村,114.059113,22.621132,981,1506,2323,2926
山厦社区虎岭村,龙岗区,平湖街道,龙岗区平湖街道山厦社区山厦社区虎岭村,114.115616,22.706079,526,808,1247,1570
辅城坳社区岐岭新村,龙岗区,平湖街道,龙岗区平湖街道辅城坳社区辅城坳社区岐岭新村,114.108654,22.692399,515,791,1221,1537
园墩小区,龙岗区,南湾街道,龙岗区南湾街道丹竹头社区园墩小区,114.147101,22.62491,776,1191,1837,2314
罗岗社区老干新村,龙岗区,布吉街道,龙岗区布吉街道罗岗社区罗岗社区老干新村,114.118296,22.601152,765,1174,1812,2282
南三社区新三村,龙岗区,布吉街道,龙岗区布吉街道南三社区南三社区新三村,114.113099,22.613339,809,1242,1916,2413
南坑社区南坑村,龙岗区,坂田街道,龙岗区坂田街道南坑社区南坑社区南坑村,114.057348,22.615197,849,1303,2010,2531
南三社区布吉新村,龙岗区,布吉街道,龙岗区布吉街道南三社区南三社区布吉新村,114.120173,22.609607,772,1185,1828,2302
白坭坑社区白银村,龙岗区,平湖街道,龙岗区平湖街道白坭坑社区白坭坑社区白银村,114.14904,22.654087,632,970,1496,1884
利民新村居民小组,坪山区,坑梓街道,坪山区坑梓街道坑梓社区利民新村居民小组,114.366501,22.743833,386,593,915,1152
白坭坑社区莲塘村,龙岗区,平湖街道,龙岗区平湖街道白坭坑社区白坭坑社区莲塘村,114.152761,22.655395,638,979,1510,1902
鹅公岭社区松园村,龙岗区,平湖街道,龙岗区平湖街道鹅公岭社区鹅公岭社区松园村,114.153024,22.681814,533,818,1262,1589
鹅公岭社区坪龙村,龙岗区,平湖街道,龙岗区平湖街道鹅公岭社区鹅公岭社区坪龙村,114.149002,22.67833,494,759,1171,1475
鹅公岭社区鹅溪村,龙岗区,平湖街道,龙岗区平湖街道鹅公岭社区鹅公岭社区鹅溪村,114.146506,22.682343,516,792,1222,1539
良安田老村,龙岗区,平湖街道,龙岗区平湖街道良安田社区良安田老村,114.143834,22.668898,553,848,1309,1648
岭背坑村,龙岗区,龙岗街道,龙岗区龙岗街道五联社区岭背坑村,114.230643,22.750484,450,691,1067,1343
新南社区新园村,龙岗区,平湖街道,龙岗区平湖街道新南社区新南社区新园村,114.133559,22.688615,453,695,1072,1350
辅城坳社区新桥新村,龙岗区,平湖街道,龙岗区平湖街道辅城坳社区辅城坳社区新桥新村,114.09665,22.70421,468,719,1109,1396
松园村,龙岗区,平湖街道,龙岗区平湖街道山厦社区松园村,114.113029,22.707287,494,758,1169,1472
杨美社区金竹,龙岗区,坂田街道,龙岗区坂田街道杨美社区杨美社区金竹,114.073732,22.631725,701,1076,1660,2090
禾花社区任屋村,龙岗区,平湖街道,龙岗区平湖街道禾花社区禾花社区任屋村,114.11165,22.687965,573,880,1358,1710
良安田社区大松园村,龙岗区,平湖街道,龙岗区平湖街道良安田社区良安田社区大松园村,114.147203,22.665029,614,942,1453,1830
良安田社区横岭新村,龙岗区,平湖街道,龙岗区平湖街道良安田社区良安田社区横岭新村,114.145041,22.670333,518,795,1226,1544
白坭坑社区布新村,龙岗区,平湖街道,龙岗区平湖街道白坭坑社区白坭坑社区布新村,114.151764,22.65298,613,941,1451,1828
白坭坑社区红花园村,龙岗区,平湖街道,龙岗区平湖街道白坭坑社区白坭坑社区红花园村,114.15416,22.654477,622,954,1472,1854
应人石新围仔,宝安区,石岩街道,宝安区石岩街道应人石社区应人石新围仔,113.921819,22.657501,528,811,1252,1576
塘头围背小区,宝安区,石岩街道,宝安区石岩街道应人石社区塘头围背小区,113.916093,22.65245,536,823,1269,1598
三祝里村,宝安区,石岩街道,宝安区石岩街道水田社区三祝里村,113.950472,22.686409,515,791,1220,1536
园岭村,宝安区,石岩街道,宝安区石岩街道上屋社区园岭村,113.935911,22.697641,500,767,1184,1490
田心新村,宝安区,石岩街道,宝安区石岩街道上屋社区田心新村,113.933033,22.689371,526,808,1247,1570
元径村,宝安区,石岩街道,宝安区石岩街道上屋社区元径村,113.935592,22.689878,518,796,1228,1546
坑尾村,宝安区,石岩街道,宝安区石岩街道上屋社区坑尾村,113.933594,22.696155,524,804,1241,1563
凤凰社区钱排村,龙岗区,布吉街道,龙岗区布吉街道凤凰社区凤凰社区钱排村,114.102025,22.593315,639,981,1514,1907
塘园新村,龙岗区,吉华街道,龙岗区吉华街道三联社区塘园新村,114.114563,22.622723,691,1061,1638,2062
南三社区新围片区,龙岗区,布吉街道,龙岗区布吉街道南三社区南三社区新围片区,114.113783,22.610117,818,1256,1937,2440
上屋新村,宝安区,石岩街道,宝安区石岩街道上屋社区上屋新村,113.931418,22.682536,533,818,1262,1589
砖厂老村,宝安区,石岩街道,宝安区石岩街道浪心社区砖厂老村,113.929668,22.679988,524,805,1242,1564
浪心车头村,宝安区,石岩街道,宝安区石岩街道浪心社区浪心车头村,113.926152,22.681707,514,789,1217,1533
浪心新村,宝安区,石岩街道,宝安区石岩街道浪心社区浪心新村,113.925325,22.680788,531,815,1258,1584
黎光水厂北综合小区,宝安区,石岩街道,宝安区石岩街道官田社区黎光水厂北综合小区,113.94398,22.681816,534,819,1264,1591
黎光老村,宝安区,石岩街道,宝安区石岩街道官田社区黎光老村,113.942403,22.679538,550,844,1302,1640
下屋旧村,宝安区,石岩街道,宝安区石岩街道上屋社区下屋旧村,113.930428,22.684375,559,858,1323,1666
上屋旧村,宝安区,石岩街道,宝安区石岩街道龙腾社区上屋旧村,113.926497,22.684488,537,824,1272,1602
罗租上新村,宝安区,石岩街道,宝安区石岩街道罗租社区罗租上新村,113.933698,22.676309,552,848,1308,1647
凉帽新村,龙岗区,吉华街道,龙岗区吉华街道甘坑社区凉帽新村,114.10242,22.653457,615,944,1457,1834
罗租桥头岭新村,宝安区,石岩街道,宝安区石岩街道罗租社区罗租桥头岭新村,113.928469,22.67547,509,781,1205,1518
杨马新村,龙岗区,坂田街道,龙岗区坂田街道杨美社区杨马新村,114.068228,22.632252,755,1159,1789,2253
上木古新河住宅区,龙岗区,平湖街道,龙岗区平湖街道上木古社区上木古新河住宅区,114.114122,22.670376,438,673,1038,1307
上木古岭根吓住宅区,龙岗区,平湖街道,龙岗区平湖街道上木古社区上木古岭根吓住宅区,114.111078,22.670195,466,715,1104,1390
应人石新村,宝安区,石岩街道,宝安区石岩街道应人石社区应人石新村,113.925958,22.643384,562,863,1332,1677
应人石福景小区,宝安区,石岩街道,宝安区石岩街道应人石社区应人石福景小区,113.919148,22.647897,542,832,1284,1617
应人石石景小区,宝安区,石岩街道,宝安区石岩街道应人石社区应人石石景小区,113.92208,22.646692,531,815,1257,1583
塘头新二村,宝安区,石岩街道,宝安区石岩街道塘头社区塘头新二村,113.914869,22.662631,544,835,1289,1623
上排老村,宝安区,石岩街道,宝安区石岩街道龙腾社区上排老村,113.929131,22.688768,493,757,1168,1471
老街墟背,宝安区,石岩街道,宝安区石岩街道龙腾社区老街墟背,113.927154,22.682906,523,802,1238,1559
文景社区富丽新村,龙岗区,布吉街道,龙岗区布吉街道文景社区文景社区富丽新村,114.118183,22.611046,772,1185,1828,2302
径贝村,宝安区,石岩街道,宝安区石岩街道龙腾社区径贝村,113.914902,22.692584,581,893,1377,1734
下排老村,宝安区,石岩街道,宝安区石岩街道龙腾社区下排老村,113.929148,22.685269,555,852,1315,1656
下排新村,宝安区,石岩街道,宝安区石岩街道龙腾社区下排新村,113.928172,22.686281,541,831,1282,1614
信宜新村,宝安区,石岩街道,宝安区石岩街道浪心社区信宜新村,113.919553,22.674955,477,732,1129,1421
石岩新村,宝安区,石岩街道,宝安区石岩街道浪心社区石岩新村,113.91934,22.677846,531,816,1258,1585
砖厂新村,宝安区,石岩街道,宝安区石岩街道浪心社区砖厂新村,113.931376,22.680225,529,812,1253,1578
罗租老村东,宝安区,石岩街道,宝安区石岩街道罗租社区罗租老村东,113.931844,22.677444,541,831,1282,1615
罗租下新村,宝安区,石岩街道,宝安区石岩街道罗租社区罗租下新村,113.926661,22.676685,510,783,1208,1521
罗租中新村,宝安区,石岩街道,宝安区石岩街道罗租社区罗租中新村,113.930851,22.674215,524,804,1241,1562
上排新村,宝安区,石岩街道,宝安区石岩街道龙腾社区上排新村,113.930151,22.691488,487,747,1153,1451
洪桥头村,宝安区,燕罗街道,宝安区燕罗街道洪桥头社区洪桥头村,113.835941,22.785889,513,787,1214,1529
狮径二组地堂头,龙华区,福城街道,龙华区福城街道福民社区狮径二组地堂头,114.027382,22.713628,424,651,1004,1265
塘下涌三村,宝安区,燕罗街道,宝安区燕罗街道塘下涌社区塘下涌三村,113.836803,22.806676,479,736,1135,1429
塘下涌一村,宝安区,燕罗街道,宝安区燕罗街道塘下涌社区塘下涌一村,113.844523,22.802117,508,780,1203,1515
金排社区金坑山庄片区,龙岗区,布吉街道,龙岗区布吉街道金排社区金排社区金坑山庄片区,114.130113,22.592342,925,1419,2190,2758
浪心村西,宝安区,石岩街道,宝安区石岩街道浪心社区浪心村西,113.927313,22.67985,515,790,1219,1535
塘下涌二村,宝安区,燕罗街道,宝安区燕罗街道塘下涌社区塘下涌二村,113.83219,22.799185,472,725,1118,1408
荔湖新村,宝安区,石岩街道,宝安区石岩街道龙腾社区荔湖新村,113.920208,22.685575,629,966,1491,1877
东方二、三队,宝安区,松岗街道,宝安区松岗街道东方社区东方二、三队,113.838727,22.765762,463,711,1096,1380
上报美村,宝安区,松岗街道,宝安区松岗街道东方社区上报美村,113.843828,22.763229,534,820,1266,1594
南边头村,宝安区,松岗街道,宝安区松岗街道红星社区南边头村,113.839751,22.763084,493,757,1168,1470
沙二新村,宝安区,松岗街道,宝安区松岗街道沙浦社区沙二新村,113.825272,22.77885,451,692,1068,1345
沙二旧村,宝安区,松岗街道,宝安区松岗街道沙浦社区沙二旧村,113.823625,22.783617,465,713,1100,1386
沙一旧村,宝安区,松岗街道,宝安区松岗街道沙浦社区沙一旧村,113.827156,22.783916,453,696,1073,1351
潭头五村(商住区),宝安区,松岗街道,宝安区松岗街道潭头社区潭头五村(商住区),113.841307,22.749945,425,652,1006,1266
碧头旧村,宝安区,松岗街道,宝安区松岗街道碧头社区碧头旧村,113.80922,22.785009,456,700,1079,1359
碧头村,宝安区,松岗街道,宝安区松岗街道碧头社区碧头村,113.809377,22.784991,418,642,991,1247
东风村,宝安区,松岗街道,宝安区松岗街道松岗社区东风村,113.840413,22.777261,488,749,1155,1455
山美村,宝安区,松岗街道,宝安区松岗街道松岗社区山美村,113.839495,22.773149,487,748,1154,1453
朗下新村,宝安区,松岗街道,宝安区松岗街道朗下社区朗下新村,113.815876,22.777367,414,636,981,1235
蚌岗村,宝安区,松岗街道,宝安区松岗街道东方社区蚌岗村,113.846897,22.755777,505,775,1196,1506
上头田与西山村,宝安区,松岗街道,宝安区松岗街道东方社区上头田与西山村,113.843115,22.761464,476,731,1128,1420
东方八队,宝安区,松岗街道,宝安区松岗街道东方社区东方八队,113.841109,22.76558,483,742,1145,1441
碧波花园,龙华区,龙华街道,龙华区龙华街道景龙社区碧波花园,114.018999,22.651638,833,1279,1973,2484
黎光村北区,宝安区,石岩街道,宝安区石岩街道官田社区黎光村北区,113.939592,22.680232,543,833,1286,1619
洪桥头旧村,宝安区,燕罗街道,宝安区燕罗街道洪桥头社区洪桥头旧村,113.836432,22.788249,540,830,1280,1612
东方六队,宝安区,松岗街道,宝安区松岗街道东方社区东方六队,113.841749,22.764934,486,747,1152,1451
东方四队,宝安区,松岗街道,宝安区松岗街道东方社区东方四队,113.838897,22.766601,481,739,1140,1436
松涛社区阳光街,宝安区,松岗街道,宝安区松岗街道松涛社区松涛社区阳光街,113.840612,22.771896,510,783,1208,1521
河滨花园,宝安区,石岩街道,宝安区石岩街道浪心社区河滨花园,113.929972,22.681628,634,973,1501,1891
龙马小区,宝安区,石岩街道,宝安区石岩街道浪心社区龙马小区,113.913501,22.666877,520,799,1233,1552
楼岗旧村,宝安区,松岗街道,宝安区松岗街道楼岗社区楼岗旧村,113.849543,22.76996,504,773,1193,1502
楼岗村,宝安区,松岗街道,宝安区松岗街道楼岗社区楼岗村,113.851864,22.767504,517,794,1225,1542
朗下旧村,宝安区,松岗街道,宝安区松岗街道朗下社区朗下旧村,113.817881,22.777584,412,633,977,1230
金三角小区,宝安区,石岩街道,宝安区石岩街道浪心社区金三角小区,113.913397,22.668702,503,772,1191,1499
洪田村,宝安区,新桥街道,宝安区新桥街道黄埔社区洪田村,113.849404,22.713294,541,830,1280,1612
深巷小区,宝安区,新桥街道,宝安区新桥街道新桥社区深巷小区,113.830701,22.737484,500,767,1184,1491
地塘头小区,宝安区,新桥街道,宝安区新桥街道新桥社区地塘头小区,113.829487,22.739242,466,716,1105,1391
大庙新村,宝安区,新桥街道,宝安区新桥街道新桥社区大庙新村,113.826665,22.7413,506,777,1199,1509
洋仔小区,宝安区,新桥街道,宝安区新桥街道新桥社区洋仔小区,113.836857,22.735701,539,827,1276,1607
洋下五区,宝安区,新桥街道,宝安区新桥街道新桥社区洋下五区,113.835185,22.741931,520,798,1232,1551
上星龙头村,宝安区,新桥街道,宝安区新桥街道上星社区上星龙头村,113.830402,22.731264,518,796,1227,1546
莲塘东区,宝安区,新桥街道,宝安区新桥街道上星社区莲塘东区,113.831316,22.733142,537,825,1273,1602
居民小区,宝安区,新桥街道,宝安区新桥街道上星社区居民小区,113.832216,22.730377,529,812,1253,1577
稔田旧区,宝安区,福海街道,宝安区福海街道稔田社区稔田旧区,113.827321,22.704423,701,1077,1661,2092
稔田新区,宝安区,福海街道,宝安区福海街道稔田社区稔田新区,113.824564,22.70213,684,1050,1621,2041
美盛新村,宝安区,福海街道,宝安区福海街道稔田社区美盛新村,113.818821,22.697142,690,1059,1633,2057
新和东西区,宝安区,福海街道,宝安区福海街道新和社区新和东西区,113.805212,22.66883,640,982,1515,1907
新和五区,宝安区,福海街道,宝安区福海街道新和社区新和五区,113.798723,22.66802,644,988,1524,1919
新和三区,宝安区,福海街道,宝安区福海街道新和社区新和三区,113.801263,22.665917,645,990,1528,1924
共和社区D区,宝安区,沙井街道,宝安区沙井街道共和社区共和社区D区,113.794173,22.756411,523,804,1240,1561
共和社区C区,宝安区,沙井街道,宝安区沙井街道共和社区共和社区C区,113.794898,22.758173,524,804,1241,1562
共和社区B区,宝安区,沙井街道,宝安区沙井街道共和社区共和社区B区,113.794627,22.759233,513,788,1215,1530
共和社区A区,宝安区,沙井街道,宝安区沙井街道共和社区共和社区A区,113.794706,22.760477,536,822,1269,1597
沙一西一区,宝安区,沙井街道,宝安区沙井街道沙一社区沙一西一区,113.800162,22.738338,583,895,1381,1739
围仔新村,宝安区,沙井街道,宝安区沙井街道沙一社区围仔新村,113.798078,22.741869,538,825,1273,1603
水围村,宝安区,松岗街道,宝安区松岗街道东方社区水围村,113.837885,22.76893,520,799,1232,1552
上寮林坡小区,宝安区,新桥街道,宝安区新桥街道上寮社区上寮林坡小区,113.840623,22.705661,553,848,1309,1648
上寮雅居,宝安区,新桥街道,宝安区新桥街道上寮社区上寮雅居,113.833935,22.729318,554,851,1313,1654
上寮雅苑,宝安区,新桥街道,宝安区新桥街道上寮社区上寮雅苑,113.833122,22.724311,571,876,1352,1702
上寮旧村,宝安区,新桥街道,宝安区新桥街道上寮社区上寮旧村,113.833387,22.727008,551,845,1304,1642
万丰旧村,宝安区,新桥街道,宝安区新桥街道万丰社区万丰旧村,113.819359,22.724382,530,813,1254,1580
南洞村,宝安区,新桥街道,宝安区新桥街道黄埔社区南洞村,113.839572,22.715666,453,696,1073,1352
A-2小区,宝安区,沙井街道,宝安区沙井街道步涌社区A-2小区,113.804877,22.766645,464,712,1099,1384
大园根小区,宝安区,沙井街道,宝安区沙井街道步涌社区大园根小区,113.809475,22.756147,413,634,979,1233
埔头桥小区,宝安区,沙井街道,宝安区沙井街道步涌社区埔头桥小区,113.809177,22.754912,490,753,1161,1462
大田西区,宝安区,沙井街道,宝安区沙井街道步涌社区大田西区,113.809696,22.760916,469,720,1111,1398
德丰街,宝安区,沙井街道,宝安区沙井街道民主社区德丰街,113.775693,22.744247,475,729,1125,1416
园林新村,宝安区,沙井街道,宝安区沙井街道坣岗社区园林新村,113.817242,22.730334,599,920,1420,1788
灶下小区,宝安区,福海街道,宝安区福海街道桥头社区灶下小区,113.801369,22.68808,720,1106,1706,2148
同心社区丁甲岭村,龙岗区,宝龙街道,龙岗区宝龙街道同心社区同心社区丁甲岭村,114.308061,22.723418,340,521,804,1013
新村小区,宝安区,福海街道,宝安区福海街道桥头社区新村小区,113.802725,22.689635,734,1127,1739,2190
横岭一区,龙华区,民治街道,龙华区民治街道民新社区横岭一区,114.041006,22.610942,1031,1582,2441,3073
塘尾九区,宝安区,福海街道,宝安区福海街道塘尾社区塘尾九区,113.80457,22.709402,668,1025,1581,1991
塘尾十五区,宝安区,福海街道,宝安区福海街道塘尾社区塘尾十五区,113.805273,22.704589,683,1049,1619,2038
塘尾十三区,宝安区,福海街道,宝安区福海街道塘尾社区塘尾十三区,113.800847,22.705409,683,1048,1618,2037
塘尾二十五区,宝安区,福海街道,宝安区福海街道塘尾社区塘尾二十五区,113.809856,22.699176,694,1065,1643,2069
塘尾二十四区,宝安区,福海街道,宝安区福海街道塘尾社区塘尾二十四区,113.805456,22.700827,691,1061,1636,2061
塘尾十一区,宝安区,福海街道,宝安区福海街道塘尾社区塘尾十一区,113.808454,22.708874,668,1025,1581,1991
塘尾十区,宝安区,福海街道,宝安区福海街道塘尾社区塘尾十区,113.806566,22.708858,656,1007,1553,1956
塘尾八区,宝安区,福海街道,宝安区福海街道塘尾社区塘尾八区,113.801092,22.708898,673,1034,1595,2009
罗田三村,宝安区,燕罗街道,宝安区燕罗街道罗田社区罗田三村,113.871277,22.802455,457,701,1082,1362
蚝二旧村,宝安区,沙井街道,宝安区沙井街道辛养社区蚝二旧村,113.8026,22.742299,534,820,1266,1594
金钻华庭,宝安区,沙井街道,宝安区沙井街道沙一社区金钻华庭,113.795519,22.738466,598,917,1415,1782
沙三村(又名沙三旧村(AB区),宝安区,沙井街道,宝安区沙井街道沙三社区沙三村(又名沙三旧村(AB区),113.790915,22.747189,568,872,1345,1693
西城小区,宝安区,沙井街道,宝安区沙井街道蚝乡社区西城小区,113.783552,22.73858,577,885,1366,1720
泰同新村,宝安区,沙井街道,宝安区沙井街道沙一社区泰同新村,113.798029,22.738115,722,1108,1710,2153
沙四街尾塘,宝安区,沙井街道,宝安区沙井街道沙蚝社区沙四街尾塘,113.804972,22.746337,579,888,1370,1726
玻璃围新村南小区,宝安区,福海街道,宝安区福海街道和平社区玻璃围新村南小区,113.790608,22.69231,549,842,1300,1637
玻璃围新村北小区,宝安区,福海街道,宝安区福海街道和平社区玻璃围新村北小区,113.789483,22.694585,561,861,1328,1672
咸田二区,宝安区,福永街道,宝安区福永街道怀德社区咸田二区,113.812295,22.664221,770,1182,1824,2297
怀德大村,宝安区,福永街道,宝安区福永街道怀德社区怀德大村,113.810965,22.670739,745,1144,1764,2222
杨美社区上段,龙岗区,坂田街道,龙岗区坂田街道杨美社区杨美社区上段,114.076183,22.630093,764,1172,1808,2277
芳华三区,宝安区,福永街道,宝安区福永街道聚福社区芳华三区,113.816125,22.673723,732,1123,1733,2182
芳华二区,宝安区,福永街道,宝安区福永街道怀德社区芳华二区,113.814693,22.672714,759,1166,1798,2265
芳华一区,宝安区,福永街道,宝安区福永街道怀德社区芳华一区,113.813216,22.671836,719,1104,1704,2146
咸田一区,宝安区,福永街道,宝安区福永街道怀德社区咸田一区,113.812408,22.666701,780,1198,1848,2327
咸田三区,宝安区,福永街道,宝安区福永街道怀德社区咸田三区,113.813205,22.665056,771,1184,1826,2300
福一小区,宝安区,福永街道,宝安区福永街道福永社区福一小区,113.806096,22.673378,739,1135,1750,2204
马山小区,宝安区,福永街道,宝安区福永街道福永社区马山小区,113.807797,22.672202,756,1161,1791,2255
广生小区,宝安区,福永街道,宝安区福永街道福围社区广生小区,113.815439,22.656629,761,1168,1802,2269
荔苑居,宝安区,航城街道,宝安区航城街道钟屋社区荔苑居,113.841373,22.624545,792,1216,1876,2363
钟屋新村,宝安区,航城街道,宝安区航城街道钟屋社区钟屋新村,113.839613,22.62525,787,1208,1863,2346
共和社区综合二区,宝安区,沙井街道,宝安区沙井街道共和社区共和社区综合二区,113.799463,22.75966,511,785,1211,1525
草围新村,宝安区,航城街道,宝安区航城街道草围社区草围新村,113.834496,22.624891,870,1335,2060,2594
后瑞新村,宝安区,航城街道,宝安区航城街道后瑞社区后瑞新村,113.828711,22.641006,947,1453,2242,2823
下沙小区,宝安区,福永街道,宝安区福永街道福围社区下沙小区,113.81908,22.654303,759,1165,1798,2264
下沙南小区,宝安区,福永街道,宝安区福永街道福围社区下沙南小区,113.821273,22.651892,753,1156,1783,2246
石山岭小区,宝安区,福永街道,宝安区福永街道凤凰社区石山岭小区,113.836705,22.692318,776,1192,1839,2316
塘尾十四区,宝安区,福海街道,宝安区福海街道塘尾社区塘尾十四区,113.803059,22.70542,666,1022,1577,1986
凤凰古村,宝安区,福永街道,宝安区福永街道凤凰社区凤凰古村,113.835421,22.694462,767,1177,1816,2287
凤凰南区,宝安区,福永街道,宝安区福永街道凤凰社区凤凰南区,113.833097,22.693025,781,1199,1849,2329
南联社区下龙塘村,龙岗区,龙岗街道,龙岗区龙岗街道南联社区南联社区下龙塘村,114.251847,22.721876,590,905,1396,1758
海滨小区,宝安区,福海街道,宝安区福海街道展城社区海滨小区,113.783104,22.691905,586,899,1387,1747
同益新村东小区,宝安区,福海街道,宝安区福海街道和平社区同益新村东小区,113.789527,22.697954,608,933,1439,1812
和顺小区,宝安区,福海街道,宝安区福海街道和平社区和顺小区,113.79403,22.692074,532,816,1259,1585
万安十四栋,宝安区,沙井街道,宝安区沙井街道沙一社区万安十四栋,113.784218,22.728716,606,931,1436,1808
锦绣小区,宝安区,沙井街道,宝安区沙井街道民主社区锦绣小区,113.780509,22.749227,525,806,1244,1566
莲塘西区,宝安区,新桥街道,宝安区新桥街道上星社区莲塘西区,113.828916,22.733178,525,806,1243,1565
陈文记旁小区(又名蚝韵小区),宝安区,沙井街道,宝安区沙井街道沙一社区陈文记旁小区(又名蚝韵小区),113.793512,22.737028,626,961,1483,1867
沙一新村,宝安区,沙井街道,宝安区沙井街道沙一社区沙一新村,113.798334,22.740377,533,818,1263,1590
望牛亭小区,宝安区,福永街道,宝安区福永街道白石厦社区望牛亭小区,113.813737,22.676653,745,1144,1765,2223
三围社区,宝安区,航城街道,宝安区航城街道三围社区三围社区,113.837569,22.618329,818,1255,1936,2438
黄麻布村,宝安区,航城街道,宝安区航城街道黄麻布社区黄麻布村,113.85991,22.668221,588,902,1392,1753
九围村,宝安区,航城街道,宝安区航城街道九围社区九围村,113.863879,22.656039,580,890,1373,1728
鹤洲西区,宝安区,航城街道,宝安区航城街道鹤洲社区鹤洲西区,113.855539,22.630537,727,1115,1721,2167
凤凰西区(A1、A2区),宝安区,福永街道,宝安区福永街道凤凰社区凤凰西区(A1、A2区),113.832639,22.695844,778,1194,1842,2320
鹤洲旧村,宝安区,航城街道,宝安区航城街道鹤洲社区鹤洲旧村,113.855233,22.628505,717,1101,1698,2138
鹤洲新村,宝安区,航城街道,宝安区航城街道鹤洲社区鹤洲新村,113.85796,22.63221,726,1114,1719,2164
鹤洲东区,宝安区,航城街道,宝安区航城街道鹤洲社区鹤洲东区,113.857646,22.628852,754,1158,1786,2249
钟屋新区,宝安区,航城街道,宝安区航城街道钟屋社区钟屋新区,113.836763,22.62567,818,1256,1937,2439
南和园,宝安区,航城街道,宝安区航城街道钟屋社区南和园,113.83839,22.627704,727,1116,1722,2169
凤凰市场商西区,宝安区,福永街道,宝安区福永街道凤凰社区凤凰市场商西区,113.829714,22.692846,753,1156,1783,2245
凤凰北区,宝安区,福永街道,宝安区福永街道凤凰社区凤凰北区,113.831899,22.698605,789,1211,1869,2354
横巷小区,宝安区,福永街道,宝安区福永街道白石厦社区横巷小区,113.817574,22.678645,723,1110,1713,2157
石龙头小区,宝安区,福永街道,宝安区福永街道白石厦社区石龙头小区,113.816459,22.676073,705,1082,1669,2101
永安小区,宝安区,福永街道,宝安区福永街道白石厦社区永安小区,113.820363,22.679132,688,1057,1630,2053
裕华园小区,宝安区,福永街道,宝安区福永街道白石厦社区裕华园小区,113.820316,22.676488,664,1020,1574,1982
沙四西区,宝安区,沙井街道,宝安区沙井街道沙四社区沙四西区,113.800618,22.74919,532,817,1261,1588
海城新村,宝安区,西乡街道,宝安区西乡街道渔业社区海城新村,113.860179,22.568,1526,2343,3615,4552
凤凰岗社区,宝安区,西乡街道,宝安区西乡街道臣田社区凤凰岗社区,113.875004,22.602931,1130,1734,2675,3369
路干头小区,宝安区,福永街道,宝安区福永街道怀德社区路干头小区,113.823374,22.66072,737,1132,1746,2199
官田花园住宅小区,宝安区,石岩街道,宝安区石岩街道官田社区官田花园住宅小区,113.936205,22.682346,536,823,1270,1600
后瑞南区,宝安区,航城街道,宝安区航城街道后瑞社区后瑞南区,113.831927,22.634883,837,1284,1982,2496
田螺山小区,宝安区,福永街道,宝安区福永街道凤凰社区田螺山小区,113.835321,22.699287,783,1202,1855,2336
塘西三区,宝安区,西乡街道,宝安区西乡街道固戍社区塘西三区,113.837521,22.592848,974,1495,2306,2904
茶西旧村,宝安区,西乡街道,宝安区西乡街道固戍社区茶西旧村,113.838085,22.593854,893,1371,2115,2664
茶树新村,宝安区,西乡街道,宝安区西乡街道固戍社区茶树新村,113.843709,22.598198,799,1227,1892,2383
塘东旧村,宝安区,西乡街道,宝安区西乡街道固戍社区塘东旧村,113.840248,22.591914,986,1513,2335,2940
河东旧村,宝安区,西乡街道,宝安区西乡街道河东社区河东旧村,113.877263,22.578403,1258,1931,2979,3752
富东花园,宝安区,西乡街道,宝安区西乡街道河东社区富东花园,113.880234,22.583375,1314,2017,3112,3918
海滨新村,宝安区,西乡街道,宝安区西乡街道固戍社区海滨新村,113.840117,22.589861,1014,1557,2402,3024
海边新村,宝安区,西乡街道,宝安区西乡街道固戍社区海边新村,113.832105,22.594,925,1420,2191,2759
公园新村南,宝安区,西乡街道,宝安区西乡街道固戍社区公园新村南,113.835699,22.594259,951,1459,2252,2835
红湾新村,宝安区,西乡街道,宝安区西乡街道固兴社区红湾新村,113.846216,22.597916,890,1366,2108,2655
新瑞三区,宝安区,航城街道,宝安区航城街道后瑞社区新瑞三区,113.832051,22.632621,849,1304,2011,2533
后瑞北区,宝安区,航城街道,宝安区航城街道后瑞社区后瑞北区,113.828575,22.637273,940,1443,2226,2803
乌冲村,大鹏新区,大鹏街道,大鹏新区大鹏街道鹏城社区乌冲村,114.497999,22.596115,480,736,1136,1430
宝源二区,宝安区,西乡街道,宝安区西乡街道劳动社区宝源二区,113.856071,22.570318,1397,2145,3309,4167
劳动二队西区,宝安区,西乡街道,宝安区西乡街道劳动社区劳动二队西区,113.861126,22.572454,1562,2398,3700,4660
劳动二队东区,宝安区,西乡街道,宝安区西乡街道劳动社区劳动二队东区,113.857678,22.56935,1493,2292,3536,4453
宝源新村,宝安区,西乡街道,宝安区西乡街道劳动社区宝源新村,113.85914,22.57326,1302,1999,3084,3883
马鞍山,宝安区,西乡街道,宝安区西乡街道渔业社区马鞍山,113.858321,22.566334,1441,2212,3413,4298
沙边村,宝安区,西乡街道,宝安区西乡街道固戍社区沙边村,113.839341,22.597226,871,1337,2063,2597
东山村,宝安区,西乡街道,宝安区西乡街道固戍社区东山村,113.84206,22.59452,862,1323,2042,2571
沙湾村,宝安区,西乡街道,宝安区西乡街道固戍社区沙湾村,113.834765,22.592023,974,1495,2307,2905
沙湾新村,宝安区,西乡街道,宝安区西乡街道固戍社区沙湾新村,113.836234,22.591859,988,1517,2340,2947
石街新村,宝安区,西乡街道,宝安区西乡街道固兴社区石街新村,113.844378,22.605031,895,1374,2119,2669
井湾新村,宝安区,西乡街道,宝安区西乡街道固戍社区井湾新村,113.83355,22.594929,942,1446,2232,2810
新瑞二区,宝安区,航城街道,宝安区航城街道后瑞社区新瑞二区,113.83103,22.634273,827,1270,1959,2467
下围园新村,宝安区,西乡街道,宝安区西乡街道固戍社区下围园新村,113.840688,22.600553,886,1360,2098,2643
新和一区,宝安区,福海街道,宝安区福海街道新和社区新和一区,113.79549,22.676486,700,1074,1657,2086
上围园新村,宝安区,西乡街道,宝安区西乡街道固兴社区上围园新村,113.847484,22.604423,982,1507,2325,2928
塘尾十二区,宝安区,福海街道,宝安区福海街道塘尾社区塘尾十二区,113.803907,22.707227,666,1023,1578,1987
石街旧村,宝安区,西乡街道,宝安区西乡街道固戍社区石街旧村,113.839702,22.595188,848,1302,2008,2529
低山村,龙岗区,龙岗街道,龙岗区龙岗街道新生社区低山村,114.281208,22.748291,516,792,1223,1540
辅城坳社区白虎头村,龙岗区,平湖街道,龙岗区平湖街道辅城坳社区辅城坳社区白虎头村,114.107207,22.692836,505,775,1196,1505
宝乐新村,宝安区,西乡街道,宝安区西乡街道永丰社区宝乐新村,113.86379,22.579156,1340,2056,3173,3995
乐园新村,宝安区,西乡街道,宝安区西乡街道乐群社区乐园新村,113.87094,22.582065,1362,2091,3225,4062
新乐村,宝安区,西乡街道,宝安区西乡街道乐群社区新乐村,113.868385,22.582287,1419,2179,3361,4233
龙兴村,宝安区,西乡街道,宝安区西乡街道固兴社区龙兴村,113.847502,22.599368,1012,1554,2397,3018
第三新村,宝安区,西乡街道,宝安区西乡街道南昌社区第三新村,113.837911,22.601345,995,1528,2358,2969
第二新村,宝安区,西乡街道,宝安区西乡街道南昌社区第二新村,113.834835,22.602791,1078,1655,2553,3215
第一新村,宝安区,西乡街道,宝安区西乡街道南昌社区第一新村,113.83372,22.598872,964,1480,2284,2876
盐田村,宝安区,西乡街道,宝安区西乡街道盐田社区盐田村,113.855598,22.581185,1267,1946,3002,3780
海富社区怡华新村,宝安区,新安街道,宝安区新安街道海富社区海富社区怡华新村,113.887632,22.563909,1337,2052,3165,3986
海富北巷小区,宝安区,新安街道,宝安区新安街道海富社区海富北巷小区,113.889328,22.568308,1318,2023,3121,3930
西边新区,宝安区,沙井街道,宝安区沙井街道步涌社区西边新区,113.803944,22.755632,469,720,1110,1398
上合32区,宝安区,新安街道,宝安区新安街道上合社区上合32区,113.899262,22.581502,1468,2253,3477,4378
31区水口花园,宝安区,新安街道,宝安区新安街道上川社区31区水口花园,113.896616,22.577498,1407,2160,3332,4196
上合社区岭下花园,宝安区,新安街道,宝安区新安街道上合社区上合社区岭下花园,113.896241,22.584333,1298,1993,3075,3872
甲岸社区甲岸村,宝安区,新安街道,宝安区新安街道甲岸社区甲岸社区甲岸村,113.899218,22.564795,1314,2017,3111,3918
海裕社区旧村,宝安区,新安街道,宝安区新安街道海裕社区海裕社区旧村,113.876255,22.570256,1243,1908,2943,3706
南沙新村中,宝安区,西乡街道,宝安区西乡街道乐群社区南沙新村中,113.868587,22.577822,1032,1583,2443,3076
翠景花园,宝安区,西乡街道,宝安区西乡街道乐群社区翠景花园,113.869292,22.583219,1276,1958,3022,3805
华侨新村,宝安区,西乡街道,宝安区西乡街道麻布社区华侨新村,113.869813,22.572571,1458,2238,3452,4347
柳竹园,宝安区,西乡街道,宝安区西乡街道西乡社区柳竹园,113.874436,22.575738,1192,1829,2822,3554
钟屋旧村,宝安区,航城街道,宝安区航城街道钟屋社区钟屋旧村,113.841324,22.626591,770,1182,1823,2296
径贝村,宝安区,西乡街道,宝安区西乡街道河东社区径贝村,113.880556,22.577106,1412,2167,3343,4210
沙头坊,宝安区,西乡街道,宝安区西乡街道西乡社区沙头坊,113.87178,22.576625,1115,1712,2641,3326
鸣园村,宝安区,西乡街道,宝安区西乡街道西乡社区鸣园村,113.870248,22.576349,1193,1831,2825,3557
南沙新村西,宝安区,西乡街道,宝安区西乡街道乐群社区南沙新村西,113.866972,22.578535,1001,1537,2371,2985
南沙新村东,宝安区,西乡街道,宝安区西乡街道乐群社区南沙新村东,113.86983,22.577673,1069,1641,2532,3188
金碧花园,宝安区,西乡街道,宝安区西乡街道河西社区金碧花园,113.874427,22.592145,1230,1889,2914,3669
金雅新苑,宝安区,西乡街道,宝安区西乡街道河西社区金雅新苑,113.876131,22.593493,1252,1921,2964,3733
金雅园,宝安区,西乡街道,宝安区西乡街道河西社区金雅园,113.875142,22.58905,1344,2063,3182,4007
金晖苑,宝安区,西乡街道,宝安区西乡街道河西社区金晖苑,113.879356,22.587892,1267,1946,3002,3780
渔业村,宝安区,西乡街道,宝安区西乡街道渔业社区渔业村,113.866479,22.56824,1396,2142,3306,4163
新乐37区旧村,宝安区,新安街道,宝安区新安街道新乐社区新乐37区旧村,113.901902,22.55545,1272,1953,3014,3795
海景花园,宝安区,新安街道,宝安区新安街道海华社区海景花园,113.877877,22.570482,1220,1872,2888,3637
自由北,宝安区,新安街道,宝安区新安街道海华社区自由北,113.876994,22.57199,1163,1786,2755,3469
径贝小区,宝安区,新安街道,宝安区新安街道翻身社区径贝小区,113.881152,22.57602,1220,1873,2890,3640
美加小区,宝安区,新安街道,宝安区新安街道翻身社区美加小区,113.886119,22.572768,1273,1954,3015,3797
开屏小区,宝安区,新安街道,宝安区新安街道翻身社区开屏小区,113.880497,22.574101,1183,1817,2803,3529
怡和怡景南,宝安区,新安街道,宝安区新安街道翻身社区怡和怡景南,113.885916,22.570345,1255,1926,2972,3742
怡和怡景北,宝安区,新安街道,宝安区新安街道翻身社区怡和怡景北,113.887725,22.570647,1285,1973,3044,3834
翻身小区,宝安区,新安街道,宝安区新安街道翻身社区翻身小区,113.88376,22.570598,1260,1934,2984,3758
愉盛怡景北,宝安区,新安街道,宝安区新安街道翻身社区愉盛怡景北,113.885563,22.568819,1254,1924,2969,3739
轻铁花园,宝安区,西乡街道,宝安区西乡街道渔业社区轻铁花园,113.864249,22.571985,1570,2411,3719,4684
麻布新村,宝安区,西乡街道,宝安区西乡街道麻布社区麻布新村,113.866107,22.57484,1352,2075,3201,4031
河西旧村,宝安区,西乡街道,宝安区西乡街道西乡社区河西旧村,113.873597,22.579277,1228,1885,2908,3662
布心二村74区,宝安区,新安街道,宝安区新安街道布心社区布心二村74区,113.890466,22.591851,1217,1869,2883,3631
布心一村73区,宝安区,新安街道,宝安区新安街道布心社区布心一村73区,113.892105,22.586964,893,1371,2114,2663
茶光村,南山区,西丽街道,南山区西丽街道曙光社区茶光村,113.948673,22.569965,1439,2209,3408,4291
文光村,南山区,西丽街道,南山区西丽街道曙光社区文光村,113.945471,22.573012,1325,2035,3139,3953
麻磡村,南山区,西丽街道,南山区西丽街道麻磡社区麻磡村,113.947343,22.635802,1137,1746,2693,3392
牛成村,南山区,西丽街道,南山区西丽街道百旺社区牛成村,113.925027,22.617314,965,1482,2286,2878
官龙村,南山区,西丽街道,南山区西丽街道新围社区官龙村,113.941561,22.590151,1593,2445,3772,4750
留仙洞村,南山区,西丽街道,南山区西丽街道新围社区留仙洞村,113.926591,22.588274,1483,2277,3512,4423
九祥岭村,南山区,西丽街道,南山区西丽街道新围社区九祥岭村,113.952726,22.588367,1630,2502,3861,4862
新围村,南山区,西丽街道,南山区西丽街道新围社区新围村,113.947221,22.585755,1638,2514,3879,4885
塘头村,南山区,沙河街道,南山区沙河街道星河街社区塘头村,113.966604,22.543775,1304,2002,3088,3889
海裕社区裕丰南,宝安区,新安街道,宝安区新安街道海裕社区海裕社区裕丰南,113.875376,22.567462,1237,1899,2929,3689
海裕社区裕和南,宝安区,新安街道,宝安区新安街道海裕社区海裕社区裕和南,113.874463,22.568272,1240,1903,2936,3697
海裕社区裕丰花园,宝安区,新安街道,宝安区新安街道海裕社区海裕社区裕丰花园,113.876808,22.568696,1284,1971,3041,3829
海裕社区裕和花园,宝安区,新安街道,宝安区新安街道海裕社区海裕社区裕和花园,113.875276,22.569116,1226,1881,2903,3655
安乐社区42区安乐二队,宝安区,新安街道,宝安区新安街道安乐社区安乐社区42区安乐二队,113.892389,22.558882,1318,2024,3122,3932
安乐社区44区1队,宝安区,新安街道,宝安区新安街道安乐社区安乐社区44区1队,113.890485,22.560094,1293,1985,3062,3856
海乐社区39区,宝安区,新安街道,宝安区新安街道海乐社区海乐社区39区,113.896956,22.558997,1372,2106,3250,4092
海乐社区41区,宝安区,新安街道,宝安区新安街道海乐社区海乐社区41区,113.896068,22.562052,1336,2051,3164,3984
海乐社区43区,宝安区,新安街道,宝安区新安街道海乐社区海乐社区43区,113.892697,22.563059,1315,2018,3113,3921
瓦窑花园北,宝安区,新安街道,宝安区新安街道布心社区瓦窑花园北,113.900559,22.585434,1415,2173,3352,4221
聚福园,宝安区,福永街道,宝安区福永街道聚福社区聚福园,113.809672,22.672497,743,1141,1760,2216
白石洲村,南山区,沙河街道,南山区沙河街道白石洲东社区白石洲村,113.963277,22.537433,1365,2096,3233,4072
光前村,南山区,桃源街道,南山区桃源街道龙光社区光前村,113.958655,22.566795,1488,2285,3525,4439
珠光村,南山区,桃源街道,南山区桃源街道珠光社区珠光村,113.957063,22.574744,1596,2450,3780,4760
新屋村,南山区,桃源街道,南山区桃源街道珠光社区新屋村,113.962781,22.571671,1534,2355,3634,4576
宝民社区灶下村一坊,宝安区,新安街道,宝安区新安街道宝民社区宝民社区灶下村一坊,113.893847,22.569172,1260,1935,2985,3759
向南村,南山区,南山街道,南山区南山街道向南社区向南村,113.91222,22.527631,1515,2326,3588,4518
黄屋小区,宝安区,福海街道,宝安区福海街道桥头社区黄屋小区,113.798891,22.690478,712,1093,1686,2123
北帝堂小区,宝安区,沙井街道,宝安区沙井街道步涌社区北帝堂小区,113.803849,22.75429,495,760,1173,1477
丁头村,南山区,南山街道,南山区南山街道向南社区丁头村,113.912596,22.52868,1462,2244,3463,4361
桂庙新村,南山区,粤海街道,南山区粤海街道粤桂社区桂庙新村,113.92912,22.529283,1601,2457,3791,4774
渔一村,南山区,蛇口街道,南山区蛇口街道渔一社区渔一村,113.926705,22.489753,1598,2454,3786,4767
南水村,南山区,蛇口街道,南山区蛇口街道南水社区南水村,113.918634,22.491975,1644,2524,3894,4904
新南村,南山区,南山街道,南山区南山街道北头社区新南村,113.916806,22.524005,1566,2404,3709,4670
南园村,南山区,南山街道,南山区南山街道南园社区南园村,113.911059,22.521677,1309,2009,3100,3903
公明社区东区,光明区,公明街道,光明区公明街道公明社区公明社区东区,113.888118,22.786031,494,758,1169,1472
正龙村,南山区,南山街道,南山区南山街道南光社区正龙村,113.920062,22.521278,1647,2528,3900,4912
南光村,南山区,南山街道,南山区南山街道南光社区南光村,113.920782,22.525382,1535,2356,3634,4577
南山村,南山区,南山街道,南山区南山街道南山社区南山村,113.90782,22.517845,1464,2248,3468,4368
开屏花园,宝安区,新安街道,宝安区新安街道海华社区开屏花园,113.878665,22.573355,1243,1907,2943,3706
平山村,南山区,桃源街道,南山区桃源街道平山社区平山村,113.962722,22.587484,1576,2419,3732,4700
大新村,南山区,南头街道,南山区南头街道大新社区大新村,113.912275,22.535574,1485,2280,3518,4430
巷头新村,南山区,南头街道,南山区南头街道大汪山社区巷头新村,113.92425,22.534638,1440,2210,3410,4294
雷公岭村,南山区,蛇口街道,南山区蛇口街道雷岭社区雷公岭村,113.923156,22.494523,1630,2502,3859,4860
渔二村,南山区,蛇口街道,南山区蛇口街道渔二社区渔二村,113.925009,22.488915,1677,2575,3972,5002
湾厦旧村,南山区,蛇口街道,南山区蛇口街道湾厦社区湾厦旧村,113.928406,22.495129,1444,2216,3419,4305
常兴新村,南山区,南头街道,南山区南头街道田厦社区常兴新村,113.915294,22.533342,1281,1966,3033,3819
海湾旧村,南山区,蛇口街道,南山区蛇口街道海湾社区海湾旧村,113.925995,22.495215,1614,2477,3822,4813
海湾新村,南山区,蛇口街道,南山区蛇口街道海湾社区海湾新村,113.925828,22.495998,1579,2423,3739,4708
上坪村,盐田区,梅沙街道,盐田区梅沙街道滨海社区上坪村,114.303897,22.604764,890,1366,2108,2655
小梅沙村,盐田区,梅沙街道,盐田区梅沙街道小梅沙社区小梅沙村,114.319413,22.605056,985,1512,2333,2937
杨梅新村,盐田区,盐田街道,盐田区盐田街道沿港社区杨梅新村,114.267927,22.591859,708,1087,1677,2112
沙岗圩村,盐田区,盐田街道,盐田区盐田街道沿港社区沙岗圩村,114.265395,22.590785,668,1026,1583,1993
黄必围村,盐田区,盐田街道,盐田区盐田街道沿港社区黄必围村,114.265997,22.59249,654,1004,1549,1950
石厦东村,福田区,福保街道,福田区福保街道石厦社区石厦东村,114.046256,22.522839,1647,2528,3900,4911
新狮村,福田区,莲花街道,福田区莲花街道梅富社区新狮村,114.040639,22.551152,1548,2377,3667,4618
布尾村,福田区,莲花街道,福田区莲花街道梅富社区布尾村,114.038439,22.559096,1546,2373,3662,4611
梅富村,福田区,莲花街道,福田区莲花街道梅富社区梅富村,114.035452,22.561306,1560,2394,3694,4651
田面村,福田区,华富街道,福田区华富街道田面社区田面村,114.070557,22.546902,1838,2821,4352,5480
沿港新村,盐田区,盐田街道,盐田区盐田街道沿港社区沿港新村,114.26822,22.588992,891,1368,2111,2658
老塘村,盐田区,盐田街道,盐田区盐田街道永安社区老塘村,114.24135,22.596501,719,1104,1704,2145
西禾树村,盐田区,盐田街道,盐田区盐田街道永安社区西禾树村,114.244183,22.597835,701,1075,1659,2089
坜背村,盐田区,盐田街道,盐田区盐田街道永安社区坜背村,114.237805,22.599961,643,986,1522,1916
后海村,南山区,粤海街道,南山区粤海街道后海社区后海村,113.926304,22.512185,1584,2432,3752,4725
龙井村,南山区,桃源街道,南山区桃源街道龙光社区龙井村,113.969704,22.564258,1326,2035,3140,3954
围仔村,南山区,蛇口街道,南山区蛇口街道围仔社区围仔村,113.925079,22.492754,1650,2533,3907,4920
暗径村,盐田区,海山街道,盐田区海山街道梧桐社区暗径村,114.230352,22.560023,837,1285,1983,2497
叶屋村,盐田区,海山街道,盐田区海山街道梧桐社区叶屋村,114.227155,22.557052,937,1438,2218,2793
浪心社区港湖新村,宝安区,石岩街道,宝安区石岩街道浪心社区浪心社区港湖新村,113.922611,22.67509,519,796,1229,1547
坭岗村,罗湖区,清水河街道,罗湖区清水河街道坭岗社区坭岗村,114.094353,22.571459,1352,2075,3201,4031
新屋吓村,罗湖区,东晓街道,罗湖区东晓街道草埔东社区新屋吓村,114.110047,22.591605,1204,1849,2853,3592
龙眼园村,盐田区,盐田街道,盐田区盐田街道明珠社区龙眼园村,114.24418,22.592325,753,1156,1784,2247
吓围村,罗湖区,东晓街道,罗湖区东晓街道草埔东社区吓围村,114.111757,22.590591,1306,2005,3094,3896
吓屋村,罗湖区,东晓街道,罗湖区东晓街道草埔东社区吓屋村,114.112328,22.588459,1432,2198,3391,4271
赛龙大院,罗湖区,东门街道,罗湖区东门街道螺岭社区赛龙大院,114.123154,22.553867,1245,1912,2950,3714
水贝村,罗湖区,翠竹街道,罗湖区翠竹街道水贝社区水贝村,114.118727,22.571651,1403,2154,3323,4184
石头围村,盐田区,盐田街道,盐田区盐田街道明珠社区石头围村,114.252593,22.59631,785,1205,1859,2341
盐田社区渔村,盐田区,盐田街道,盐田区盐田街道盐田社区盐田社区渔村,114.271087,22.586739,1007,1546,2385,3003
华侨新村,盐田区,盐田街道,盐田区盐田街道盐田社区华侨新村,114.269933,22.591113,976,1499,2313,2912
山边村,盐田区,盐田街道,盐田区盐田街道盐田社区山边村,114.274193,22.589844,1057,1623,2504,3154
洪安新围村,盐田区,盐田街道,盐田区盐田街道沿港社区洪安新围村,114.260652,22.592293,721,1107,1709,2152
墟镇村,盐田区,盐田街道,盐田区盐田街道盐田社区墟镇村,114.271646,22.58762,1024,1572,2426,3054
社排新村,盐田区,盐田街道,盐田区盐田街道东海社区社排新村,114.250595,22.589856,753,1156,1783,2246
上梅林新村,福田区,梅林街道,福田区梅林街道上梅社区上梅林新村,114.049627,22.568571,1482,2275,3510,4420
下沙八坊,福田区,沙头街道,福田区沙头街道下沙社区下沙八坊,114.02363,22.52824,1553,2384,3677,4631
一甲村,南山区,南头街道,南山区南头街道红花园社区一甲村,113.91167,22.542416,1464,2248,3468,4367
沙嘴二坊,福田区,沙头街道,福田区沙头街道沙嘴社区沙嘴二坊,114.032893,22.520436,1665,2556,3944,4966
沙嘴一坊,福田区,沙头街道,福田区沙头街道沙嘴社区沙嘴一坊,114.033562,22.520859,1692,2597,4007,5045
新洲北村,福田区,沙头街道,福田区沙头街道新洲社区新洲北村,114.041758,22.529074,1703,2614,4033,5078
新洲南村,福田区,沙头街道,福田区沙头街道新洲社区新洲南村,114.042869,22.52549,1703,2615,4034,5080
上合33区,宝安区,新安街道,宝安区新安街道上合社区上合33区,113.901985,22.582891,1384,2125,3278,4128
新洲祠堂村,福田区,沙头街道,福田区沙头街道新洲社区新洲祠堂村,114.040457,22.524969,1742,2674,4126,5196
新洲中心村,福田区,沙头街道,福田区沙头街道新洲社区新洲中心村,114.043143,22.526977,1694,2600,4011,5051
上沙龙秋村,福田区,沙头街道,福田区沙头街道上沙社区上沙龙秋村,114.027776,22.527927,1668,2560,3950,4974
横排岭村,罗湖区,东湖街道,罗湖区东湖街道梧桐山社区横排岭村,114.193695,22.596986,903,1386,2138,2692
茂仔村,罗湖区,东湖街道,罗湖区东湖街道梧桐山社区茂仔村,114.189959,22.593748,968,1486,2293,2887
福田环庆,福田区,福田街道,福田区福田街道福田社区福田环庆,114.075886,22.535794,1823,2798,4317,5437
埔尾村,福田区,南园街道,福田区南园街道巴登社区埔尾村,114.094104,22.54079,1638,2514,3879,4885
桥头旧村,宝安区,新桥街道,宝安区新桥街道新桥社区桥头旧村,113.832338,22.742384,486,747,1152,1451
上沙塘宴村,福田区,沙头街道,福田区沙头街道上沙社区上沙塘宴村,114.028948,22.525856,1705,2618,4039,5086
上沙东村,福田区,沙头街道,福田区沙头街道上沙社区上沙东村,114.027469,22.523895,1589,2439,3763,4738
围面村,福田区,梅林街道,福田区梅林街道下梅社区围面村,114.037564,22.564384,1498,2299,3547,4467
海富南巷小区,宝安区,新安街道,宝安区新安街道海富社区海富南巷小区,113.888853,22.567275,1283,1969,3038,3826
下梅林村,福田区,梅林街道,福田区梅林街道下梅社区下梅林村,114.033586,22.565376,1452,2229,3438,4330
河背村,福田区,梅林街道,福田区梅林街道梅河社区河背村,114.037529,22.566965,1461,2243,3460,4358
祠堂村,福田区,梅林街道,福田区梅林街道上梅社区祠堂村,114.051457,22.568665,1466,2250,3471,4371
田贝村,罗湖区,笋岗街道,罗湖区笋岗街道田贝社区田贝村,114.117287,22.566416,1377,2114,3261,4106
田心村,罗湖区,笋岗街道,罗湖区笋岗街道田心社区田心村,114.108224,22.570185,1213,1861,2872,3616
笋岗村,罗湖区,笋岗街道,罗湖区笋岗街道笋岗社区笋岗村,114.109266,22.567372,1673,2569,3963,4991
石厦西村,福田区,福保街道,福田区福保街道石厦社区石厦西村,114.044537,22.523528,1519,2331,3597,4529
上沙椰树村,福田区,沙头街道,福田区沙头街道上沙社区上沙椰树村,114.025255,22.529675,1504,2308,3562,4485
上沙村,福田区,沙头街道,福田区沙头街道上沙社区上沙村,114.023199,22.52568,1564,2400,3704,4664
塘坑仔村,罗湖区,东湖街道,罗湖区东湖街道梧桐山社区塘坑仔村,114.182051,22.597955,956,1467,2264,2850
虎竹吓村,罗湖区,东湖街道,罗湖区东湖街道梧桐山社区虎竹吓村,114.192705,22.595517,957,1469,2266,2853
坑背村,罗湖区,东湖街道,罗湖区东湖街道梧桐山社区坑背村,114.186709,22.592163,1001,1536,2370,2984
禾塘光村,罗湖区,东湖街道,罗湖区东湖街道梧桐山社区禾塘光村,114.183501,22.596578,1007,1545,2384,3003
赤水洞村,罗湖区,东湖街道,罗湖区东湖街道梧桐山社区赤水洞村,114.186602,22.594643,981,1506,2324,2926
水围村,福田区,福田街道,福田区福田街道水围社区水围村,114.057795,22.522482,1362,2091,3226,4062
皇岗村,福田区,福田街道,福田区福田街道皇岗社区皇岗村,114.055712,22.528538,1697,2604,4018,5060
A-6小区,宝安区,沙井街道,宝安区沙井街道步涌社区A-6小区,113.80602,22.762785,572,878,1355,1706
岗厦村,福田区,福田街道,福田区福田街道岗厦社区岗厦村,114.065194,22.540156,1701,2611,4028,5073
石龙新村(1-2区),宝安区,石岩街道,宝安区石岩街道石龙社区石龙新村(1-2区),113.961993,22.69975,526,807,1246,1569
凯宾新村,龙华区,大浪街道,龙华区大浪街道大浪社区凯宾新村,113.993036,22.700312,480,737,1137,1432
古湖龙二村北区,龙华区,观湖街道,龙华区观湖街道新田社区古湖龙二村北区,114.083733,22.706725,511,784,1210,1524
同德社区吓坑田心村,龙岗区,宝龙街道,龙岗区宝龙街道同德社区同德社区吓坑田心村,114.310395,22.734067,442,679,1047,1319
福永社区福永新村,宝安区,福永街道,宝安区福永街道福永社区福永社区福永新村,113.805938,22.675132,744,1143,1763,2220
中山里,大鹏新区,大鹏街道,大鹏新区大鹏街道王母社区中山里,114.475838,22.596813,547,840,1296,1632
上下圩门,大鹏新区,大鹏街道,大鹏新区大鹏街道王母社区上下圩门,114.473716,22.596966,410,630,972,1224
沙吓村,龙华区,民治街道,龙华区民治街道民治社区沙吓村,114.033807,22.631036,955,1466,2262,2848
沙元埔村,龙华区,民治街道,龙华区民治街道民治社区沙元埔村,114.03725,22.622145,1204,1848,2851,3590
庙溪新围,龙华区,观澜街道,龙华区观澜街道桂香社区庙溪新围,114.052664,22.746652,317,487,752,946
紫金围,龙华区,观澜街道,龙华区观澜街道君子布社区紫金围,114.092929,22.720811,433,665,1026,1292
新湖村,罗湖区,黄贝街道,罗湖区黄贝街道新秀社区新湖村,114.139652,22.55242,1273,1954,3015,3797
楼村旧村,光明区,新湖街道,光明区新湖街道楼村社区楼村旧村,113.924656,22.782731,387,594,916,1154
塘西新村,宝安区,西乡街道,宝安区西乡街道固戍社区塘西新村,113.843413,22.596915,886,1361,2099,2644
吓围新村,罗湖区,清水河街道,罗湖区清水河街道草埔西社区吓围新村,114.109005,22.587656,1157,1776,2740,3451
新平村,罗湖区,东湖街道,罗湖区东湖街道大望社区新平村,114.16746,22.597956,848,1302,2009,2530
吉麻湖村,盐田区,盐田街道,盐田区盐田街道沿港社区吉麻湖村,114.263346,22.591879,706,1084,1673,2107
大望村,罗湖区,东湖街道,罗湖区东湖街道大望社区大望村,114.166909,22.608513,993,1524,2351,2960
沙埔头村,福田区,南园街道,福田区南园街道沙埔头社区沙埔头村,114.08768,22.539233,1642,2520,3888,4896
旧墟村,福田区,南园街道,福田区南园街道锦龙社区旧墟村,114.085087,22.54043,1519,2332,3597,4530
赤尾村,福田区,南园街道,福田区南园街道赤尾社区赤尾村,114.0798,22.533795,1679,2578,3977,5008
六联社区福昌,坪山区,坪山街道,坪山区坪山街道六联社区六联社区福昌,114.331096,22.692904,422,647,999,1257
黎屋村,龙岗区,坪地街道,龙岗区坪地街道六联社区黎屋村,114.318767,22.788632,316,485,748,942
大坑新村,龙岗区,南湾街道,龙岗区南湾街道南新社区大坑新村,114.144991,22.607287,620,952,1468,1849
富茂新村,龙华区,龙华街道,龙华区龙华街道三联社区富茂新村,114.029337,22.66489,830,1274,1965,2475
水围村,罗湖区,东湖街道,罗湖区东湖街道布心社区水围村,114.13855,22.579019,1186,1821,2810,3539
东环花园,龙华区,龙华街道,龙华区龙华街道三联社区东环花园,114.024536,22.664286,717,1101,1698,2138
渔民村,罗湖区,南湖街道,罗湖区南湖街道渔邨社区渔民村,114.105629,22.536516,1378,2116,3265,4111
罗湖村,罗湖区,南湖街道,罗湖区南湖街道罗湖社区罗湖村,114.116517,22.538421,1302,1998,3083,3883
向西村,罗湖区,南湖街道,罗湖区南湖街道向西社区向西村,114.119617,22.545045,1259,1933,2982,3755
谢屋村,坪山区,碧岭街道,坪山区碧岭街道沙湖社区谢屋村,114.314036,22.678903,343,527,813,1024
乐群旧村,宝安区,西乡街道,宝安区西乡街道乐群社区乐群旧村,113.870462,22.579214,1047,1608,2481,3124
竹林下,宝安区,沙井街道,宝安区沙井街道后亭社区竹林下,113.814007,22.760573,540,829,1278,1610
西头村,龙华区,民治街道,龙华区民治街道上芬社区西头村,114.015426,22.640964,879,1350,2082,2622
龙屋村,龙华区,民治街道,龙华区民治街道上芬社区龙屋村,114.015895,22.639654,874,1342,2070,2607
凤凰岭下东区,宝安区,福永街道,宝安区福永街道凤凰社区凤凰岭下东区,113.834067,22.689819,785,1205,1859,2341
畲吓村,大鹏新区,南澳街道,大鹏新区南澳街道南隆社区畲吓村,114.486876,22.523981,506,777,1199,1510
下沙村,坪山区,碧岭街道,坪山区碧岭街道碧岭社区下沙村,114.27999,22.663621,345,529,816,1028
三栋居民小组,坪山区,龙田街道,坪山区龙田街道竹坑社区三栋居民小组,114.37892,22.713993,343,527,813,1024
横岭塘,坪山区,坪山街道,坪山区坪山街道六联社区横岭塘,114.329924,22.695964,392,601,928,1168
清水河村,罗湖区,清水河街道,罗湖区清水河街道草埔西社区清水河村,114.110414,22.584251,1065,1635,2523,3177
新石桥新村,龙华区,观澜街道,龙华区观澜街道桂花社区新石桥新村,114.059599,22.7313,492,756,1166,1468
下白石村,南山区,沙河街道,南山区沙河街道沙河街社区下白石村,113.963456,22.546072,1292,1984,3061,3854
恩上村,盐田区,沙头角街道,盐田区沙头角街道田心社区恩上村,114.224386,22.553786,955,1466,2262,2849
鹤围村,罗湖区,清水河街道,罗湖区清水河街道草埔西社区鹤围村,114.105331,22.587624,985,1512,2333,2938
长岭村,罗湖区,莲塘街道,罗湖区莲塘街道长岭社区长岭村,114.179445,22.556861,990,1520,2346,2954
莲塘村,罗湖区,莲塘街道,罗湖区莲塘街道莲塘社区莲塘村,114.168242,22.564955,1194,1833,2828,3561
黄贝岭村,罗湖区,黄贝街道,罗湖区黄贝街道黄贝岭社区黄贝岭村,114.134193,22.551976,1404,2156,3326,4188
观音塘小区,宝安区,沙井街道,宝安区沙井街道步涌社区观音塘小区,113.807326,22.759144,434,667,1028,1295
老一村,龙华区,观湖街道,龙华区观湖街道新田社区老一村,114.079262,22.705683,474,727,1122,1413
官路吓村,盐田区,沙头角街道,盐田区沙头角街道东和社区官路吓村,114.227236,22.552926,997,1531,2362,2975
新屋村,龙岗区,坪地街道,龙岗区坪地街道年丰社区新屋村,114.328885,22.767758,348,535,825,1039
圳美旧村,光明区,新湖街道,光明区新湖街道圳美社区圳美旧村,113.940872,22.791274,451,692,1068,1344
田村,龙岗区,坂田街道,龙岗区坂田街道坂田社区田村,114.064095,22.642279,841,1290,1991,2507
教育新村,龙岗区,布吉街道,龙岗区布吉街道文景社区教育新村,114.117684,22.615228,761,1169,1803,2270
龙岭新村,龙岗区,布吉街道,龙岗区布吉街道龙岭社区龙岭新村,114.109369,22.608158,853,1309,2020,2543
禾花水门村,龙岗区,平湖街道,龙岗区平湖街道禾花社区禾花水门村,114.117498,22.689858,596,914,1411,1776
沙头叶仔小区,宝安区,沙井街道,宝安区沙井街道沙头社区沙头叶仔小区,113.80352,22.732794,536,823,1269,1598
