districtname,zoneName,communityName,communityId,multiRent,highRent,lowRent
盐田区,盐田街道,佳兆业山海城家园二期,4320,,57,
盐田区,盐田街道,佳兆业山海城家园三期,4321,,57,
龙岗区,南湾街道,锦绣山庄,2,,37,
龙华区,大浪街道,富隆苑,4,,41,
光明区,马田街道,伟林雅苑,9,,30,
宝安区,石岩街道,鸿景花园,10,,30,
龙华区,民治街道,民乐大厦,20,,58,
龙岗区,南湾街道,厦村统建楼,28,,40,
龙岗区,布吉街道,木棉湾统建楼,33,48,,
龙岗区,布吉街道,文博雅苑,69,,45,
龙华区,龙华街道,新宝城大酒店,86,,40,
龙华区,观湖街道,观城山庄,104,29,29,
光明区,马田街道,中泰大厦,118,,36,
大鹏新区,南澳街道,东涌家园一期,133,,27,
宝安区,沙井街道,盛芳园,184,,30,
宝安区,松岗街道,碧头花园,187,,28,
光明区,凤凰街道,唐家大院,194,,33,
宝安区,西乡街道,东山得宝楼,216,,47,
福田区,梅林街道,裕林花园,236,56,,
光明区,公明街道,九紫东景,264,,36,
大鹏新区,葵涌街道,金葵丰,278,,28,
大鹏新区,南澳街道,山海名苑,305,,29,
龙岗区,园山街道,安良新村统建楼,310,,36,
宝安区,石岩街道,宏发世纪花园（商务公寓）,323,,56,
龙华区,民治街道,星河传奇花园二期（商务公寓）,358,,84,
龙岗区,龙城街道,万科天誉中央广场,362,,43,
龙华区,福城街道,湖润名苑,369,44,44,
龙华区,民治街道,星河盛世花园（商务公寓）,376,,91,
龙岗区,宝龙街道,中信龙盛广场（商务公寓）,390,,47,
龙华区,观湖街道,深业泰然观澜玫瑰轩,400,,57,
宝安区,航城街道,领航城商业中心（一期）,405,,65,
福田区,福田街道,东方新天地广场,431,,109,
南山区,蛇口街道,万科蛇口公馆（商务公寓）,449,,134,
盐田区,沙头角街道,蓝郡公馆大厦,458,,90,
宝安区,西乡街道,流塘阳光花园（商务公寓）,476,,92,
盐田区,梅沙街道,海丽晶商住园,481,58,58,
南山区,招商街道,"水湾壹玖柒玖广场一期
（商务公寓）",493,,123,
宝安区,航城街道,恒丰工业城,582,50,,
罗湖区,东晓街道,布心工业区,1429,70,,
罗湖区,莲塘街道,粤兴小区,1473,53,,
罗湖区,黄贝街道,景园大厦(罗湖),1697,,56,
罗湖区,东晓街道,颖隆大厦,1740,,76,
罗湖区,黄贝街道,天井湖住宅楼,1887,57,,
福田区,梅林街道,深华科技园公寓,2415,80,,
龙岗区,横岗街道,振业城四五期,853,,41,
罗湖区,东晓街道,翠景山庄,1206,,70,
南山区,南山街道,天安公寓,2704,91,,
南山区,南山街道,龙坤居,3133,95,,
盐田区,盐田街道,东港印象家园,4143,,54,
龙岗区,横岗街道,振业城二三期,4215,44,,49
龙华区,大浪街道,华联丰大厦,98,,38,
龙岗区,平湖街道,新南统建楼,45,,35,
宝安区,西乡街道,碧海湾花园,558,61,,
罗湖区,东湖街道,传麒东湖名苑,560,,86,
龙华区,民治街道,金亨利瑜璟苑,566,,103,
福田区,福田街道,福侨花园(福田),567,,88,
龙岗区,龙城街道,尚景园,568,30,,
宝安区,新安街道,招商华侨城曦城三期,3498,,,155
南山区,南山街道,东华假日公寓,4192,,76,
龙华区,龙华街道,壹成中心花园(A824-0118)第8区,4194,,73,
盐田区,沙头角街道,物资局大院,4316,46,,
盐田区,梅沙街道,东部华侨城天麓一区,4317,,,151
龙岗区,南湾街道,荔景山色,1,,45,
龙岗区,坂田街道,坂田集团,3,52,52,
龙岗区,龙城街道,宏昌华府,5,,35,
龙华区,龙华街道,宝华大厦,7,,43,
宝安区,松岗街道,丽园小筑,8,,33,
福田区,梅林街道,锦林楼,12,52,,
龙岗区,南湾街道,丹竹头统建楼,21,,42,
龙华区,观湖街道,景山大厦,23,,32,
龙岗区,南湾街道,吉厦统建楼小区,29,,40,
龙岗区,南湾街道,黄金豪庭,47,,40,
龙华区,龙华街道,三联统建楼,55,35,,
龙岗区,南湾街道,上李朗统建楼,63,,41,
罗湖区,翠竹街道,高标公司职工宿舍,67,54,,
龙华区,龙华街道,清湖名苑,85,,45,
罗湖区,黄贝街道,碧波花园统建楼,91,57,,
罗湖区,翠竹街道,水库新村统建楼,92,55,,
龙岗区,龙岗街道,玉湖山畔,95,,33,
龙华区,福城街道,富民公寓,100,32,,
龙华区,观澜街道,大布巷新村统建楼,103,,31,
龙华区,大浪街道,陶吓商业楼,108,,41,
宝安区,福永街道,御林山景,115,,36,
宝安区,沙井街道,新宝花园,125,,34,
宝安区,西乡街道,蚝业雅苑,126,,63,
宝安区,沙井街道,百合雅苑,135,,38,
南山区,南山街道,正龙村统建楼,154,86,,
宝安区,燕罗街道,洪爵豪庭,157,32,31,
宝安区,沙井街道,和一别墅区,158,34,,
宝安区,航城街道,汇庭居,162,,44,
大鹏新区,葵涌街道,金葵二区统建楼,170,28,,
宝安区,石岩街道,馨庭苑,180,,36,
宝安区,福海街道,凤凰世纪,192,,37,
光明区,马田街道,薯田埔社区统建楼,196,36,,
宝安区,福永街道,白石厦大道统建楼,201,,36,
宝安区,新桥街道,华瑞阁,203,,36,
宝安区,新桥街道,城市丽都花园,208,,38,
宝安区,福永街道,金菊花苑,210,36,41,
宝安区,石岩街道,羊台山壹号,219,,36,
宝安区,石岩街道,民德居,220,,34,
宝安区,新桥街道,中泰国际,222,,33,
南山区,西丽街道,留仙洞关外统建楼,225,58,,
福田区,梅林街道,天心花园一期,234,60,,
坪山区,碧岭街道,倚湖居,239,,30,
坪山区,石井街道,岭脚小区统建楼,259,32,,
南山区,桃源街道,汇文苑,281,71,,
光明区,玉塘街道,星湖名居,295,,30,
宝安区,沙井街道,恒基花园,297,,33,
光明区,公明街道,美庭花园,301,,32,
光明区,公明街道,百世珑庭,303,,34,
龙华区,福城街道,泰莱雅苑,309,,35,
南山区,南山街道,北头西苑,313,77,,
南山区,南山街道,弘都商务公寓,325,,95,
龙华区,民治街道,龙光玖钻北区,329,,86,
龙岗区,布吉街道,湾涛时代公馆,331,,75,
龙岗区,南湾街道,东部英郡假日广场,332,,66,
龙岗区,龙岗街道,金地龙城中央（商务公寓）,346,,52,
龙华区,民治街道,汇德大厦,347,,103,
罗湖区,南湖街道,深南阳光大厦,351,,128,
龙华区,龙华街道,华盛珑悦花园（商务公寓）,352,,91,
龙岗区,龙岗街道,富基置地大厦,363,,65,
宝安区,松岗街道,联投东方华府二期（商务公寓）,529,,57,
福田区,福田街道,名津广场（商务公寓）,515,,99,
龙岗区,龙城街道,名居广场（商务公寓）,521,,59,
大鹏新区,大鹏街道,佳兆业假日广场（商务公寓）,526,,47,
龙华区,龙华街道,龙湖春江天玺,532,,86,
龙岗区,龙城街道,华业玫瑰郡（商务公寓）,371,,53,
罗湖区,桂园街道,龙园创展大厦,394,,100,
龙岗区,横岗街道,荣德时代广场,396,,65,
福田区,福田街道,汉国城市商业中心,404,,150,
盐田区,海山街道,雅庭海湾国际大酒店,409,,67,
宝安区,新桥街道,星宸大厦,410,,64,
盐田区,海山街道,悦林大厦,412,,80,
宝安区,新安街道,中粮紫云大厦,415,,100,
坪山区,坪山街道,六和商业广场一期（商务公寓）,416,,52,
宝安区,新安街道,前海颐大厦华寓,437,,98,
福田区,莲花街道,传麒景苑,438,,154,
南山区,粤海街道,华润城润府（四期）,439,,134,
南山区,南山街道,向南瑞峰花园（商务公寓）,448,,127,
福田区,沙头街道,京基滨河时代广场,467,,171,
宝安区,西乡街道,中粮锦云花园（商务公寓）,468,,69,
南山区,粤海街道,华润城润府二期（商务公寓）,471,,180,
南山区,南头街道,翡翠明珠花园（商务公寓）,480,,133,
南山区,南山街道,海德大厦,483,,110,
福田区,莲花街道,中国凤凰大厦,496,,125,
福田区,香蜜湖街道,联泰大厦,500,,119,
光明区,凤凰街道,盛迪嘉光明壹号花园（商务公寓）,432,,49,
龙岗区,吉华街道,倚山居,6,,36,
宝安区,沙井街道,共和花园,11,,29,
罗湖区,东湖街道,布心山庄东区龙兴苑,16,50,,
龙华区,大浪街道,平和雅苑,26,,34,
龙岗区,布吉街道,老圩统建楼,35,36,,
龙岗区,坂田街道,大光勘村统建楼,36,,35,
龙岗区,坂田街道,杨美统建楼,37,,33,
龙华区,龙华街道,祥和御园,41,,41,
龙岗区,龙岗街道,新翠雅苑,48,,32,
龙岗区,南湾街道,原善窝统建楼,49,,40,
龙华区,福城街道,汇龙公馆,56,,35,
龙岗区,平湖街道,统建街旁统建楼,57,32,,
龙华区,大浪街道,元芬金园大厦,59,,39,
龙岗区,南湾街道,金达豪花园,62,,44,
龙岗区,宝龙街道,居安公馆,64,,31,
龙岗区,龙岗街道,阳光达,65,,25,
龙华区,大浪街道,鸿盛御景,66,,39,
龙华区,大浪街道,科尔雅苑,72,,36,
龙华区,大浪街道,盛旺家园,73,,39,
龙华区,福城街道,章阁中心城,76,,35,
龙岗区,坪地街道,祥地商务大厦,102,,26,
龙华区,龙华街道,东富龙花园,109,,44,
南山区,南山街道,平山居,114,72,,
宝安区,沙井街道,马安山花园,119,,37,
宝安区,沙井街道,濠景时代,120,,34,
宝安区,石岩街道,金豪世家花园,121,,36,
宝安区,新桥街道,富居花园,144,,36,
宝安区,石岩街道,祝龙田人才公寓,147,,32,
宝安区,松岗街道,金福雅苑,149,,32,
宝安区,西乡街道,雍华源,155,,46,
光明区,马田街道,明知花苑,156,,35,
光明区,公明街道,龙庭阁,173,,36,
宝安区,西乡街道,铁岗大厦,179,,41,
宝安区,沙井街道,和悦苑,185,,31,
宝安区,西乡街道,固戍综合楼,198,,45,
宝安区,石岩街道,坑尾新村统建楼,200,31,,
宝安区,松岗街道,麒麟雅居,205,,31,
宝安区,沙井街道,新城市广场,206,,34,
宝安区,新桥街道,长丰华庭,207,,36,
宝安区,新桥街道,洪田统建楼,209,,30,
宝安区,沙井街道,上善居,224,,32,
南山区,南头街道,一甲海边新村（统建楼）,226,72,,
福田区,梅林街道,梅丰花园,230,55,,
福田区,梅林街道,锦安楼,232,55,,
光明区,光明街道,侨新花园,233,34,,
福田区,梅林街道,裕田花园,238,59,,
宝安区,沙井街道,蚝二学府花园,242,,37,
福田区,南园街道,统建商住楼,257,,70,
光明区,玉塘街道,锦田湾,266,,32,
宝安区,沙井街道,裕和花园,267,,29,
宝安区,燕罗街道,众和花园,274,,29,
光明区,公明街道,东宝华庭,293,32,32,
龙岗区,南湾街道,黄金富苑,307,,41,
龙华区,龙华街道,共和和丰大厦,308,,50,
宝安区,福永街道,凌霄花园小区,311,36,36,
宝安区,松岗街道,金花围小区,312,,30,
宝安区,新安街道,上合花园,315,,44,
龙华区,福城街道,富金苑,318,38,,
坪山区,坪山街道,深城投·中心公馆（商务公寓）,319,,52,
盐田区,沙头角街道,御景翠峰小区,324,,80,
罗湖区,东门街道,地铁远为大厦,330,,106,
龙岗区,横岗街道,荣德国际雨辰公寓,334,,59,
龙岗区,龙岗街道,满京华喜悦里,336,,54,
龙岗区,龙城街道,正中时代广场,337,,50,
龙岗区,龙城街道,中粮祥云（商务公寓）,338,,58,
龙岗区,龙城街道,金基吉祥广场,356,,62,
龙华区,民治街道,星河传奇花园三期,360,,88,
龙华区,民治街道,红山六九七九一期,364,,103,
龙岗区,布吉街道,信义莉景御苑,365,,88,
罗湖区,桂园街道,鸿翔花园（商务公寓）,367,,99,
龙岗区,坂田街道,嘉霖华禧（商务公寓）,377,67,68,
龙岗区,园山街道,星河智荟花园（商务公寓）,378,,53,
龙华区,龙华街道,维雅德大厦,379,,71,
罗湖区,桂园街道,红桂皇冠名庭（商务公寓）,388,,103,
龙岗区,坂田街道,德润荣君府（商务公寓）,398,,90,
罗湖区,南湖街道,双城世纪,399,,86,
宝安区,福海街道,会展湾中港广场（B区）,508,,68,
福田区,沙头街道,红树华府,518,,144,
南山区,招商街道,水湾壹玖柒玖广场（二期）,407,,140,
南山区,南头街道,海岸时代公寓,411,,93,
福田区,华富街道,深业上城（北区）,420,,154,
宝安区,西乡街道,"华海金湾公馆（A104-0136）
（商务公寓）",426,,92,
宝安区,新桥街道,湾景商务中心,434,,69,
福田区,沙头街道,君临天下,442,,150,
宝安区,石岩街道,汇裕名都花园（二期）,443,,79,
南山区,粤海街道,瑞府,454,,180,
宝安区,松岗街道,松河瑞园,456,,48,
福田区,华强北街道,新亚洲国利大厦,462,,133,
盐田区,梅沙街道,中通水岸,464,,62,
光明区,公明街道,"福盈中央山花园南区
（商务公寓）",475,,46,
福田区,香蜜湖街道,金地网球花园,477,,121,
福田区,莲花街道,英龙商务大厦,482,,134,
福田区,沙头街道,NEO绿景广场,485,,128,
宝安区,松岗街道,松河瑞园二期（商务公寓）,486,,53,
福田区,梅林街道,理想公馆,489,,191,
南山区,南山街道,丽湾商务公寓,490,,103,
光明区,公明街道,"福盈中央山花园北区
（商务公寓）",494,,47,
坪山区,碧岭街道,新城东方丽园,498,,46,
龙岗区,横岗街道,信义御城豪园（商务公寓）,333,,62,
龙华区,民治街道,西头东苑,13,,42,
龙华区,龙华街道,东华苑,15,,50,
龙华区,福城街道,百丽名苑,19,,36,
龙岗区,布吉街道,金鹏路第二统建楼,34,40,,
龙华区,观湖街道,新安居花园,43,,32,
龙华区,福城街道,金富苑,44,37,,
龙华区,龙华街道,华美苑,81,,47,
龙华区,民治街道,塘水尾村统建楼,89,,38,
龙华区,大浪街道,龙胜时代大厦,90,,44,
龙华区,观湖街道,新田茗苑,99,,33,
盐田区,梅沙街道,大梅沙村统建楼,110,40,,
南山区,南头街道,阳光雅苑,112,,70,
宝安区,福永街道,育才花园（统建楼）,116,,35,
宝安区,沙井街道,大王山彩虹居,117,,28,
宝安区,福永街道,听涛雅苑二期,123,,38,
宝安区,西乡街道,固戍华庭,127,,44,
宝安区,松岗街道,山美新村大厦,139,,35,
宝安区,福海街道,稔田花园,142,,35,
光明区,公明街道,御景新城,146,,33,
宝安区,沙井街道,公园茗苑,148,,35,
坪山区,碧岭街道,汤亨花园,150,,35,
宝安区,新桥街道,荣泰园,151,,40,
宝安区,石岩街道,军荟花园,153,,35,
宝安区,西乡街道,鼎尚时代,159,,47,
南山区,桃源街道,平山公寓楼,160,74,,
宝安区,航城街道,雅居苑,161,,50,
宝安区,航城街道,后瑞华庭,167,,45,
大鹏新区,葵涌街道,明珠花园,168,27,,
光明区,公明街道,雅庭居,171,,31,
宝安区,石岩街道,郑屋围花园,175,,31,
宝安区,新桥街道,芙景豪庭,182,,32,
宝安区,石岩街道,鸿景花园二期,186,,33,
宝安区,新桥街道,财富公馆,188,,34,
宝安区,福海街道,福永商会信息大厦,189,,35,
宝安区,沙井街道,星河名苑,191,,32,
宝安区,沙井街道,华美居,193,,36,
光明区,凤凰街道,东坑统建楼,202,,35,
大鹏新区,大鹏街道,岭澳花园,214,30,,
福田区,梅林街道,云中大厦,215,68,,
坪山区,坑梓街道,梓兴花园,217,,27,
坪山区,龙田街道,新屋统建楼,221,,27,
光明区,光明街道,民盛花园,229,,26,
福田区,梅林街道,天心花园二期,235,60,,
福田区,梅林街道,平安阁,237,60,,
宝安区,沙井街道,雅景苑,248,,31,
宝安区,松岗街道,红星国际,252,,36,
大鹏新区,葵涌街道,官湖统建楼,256,,28,
南山区,南头街道,田厦统建楼,258,72,,
宝安区,沙井街道,康城花园,261,,32,
宝安区,沙井街道,田沁花园,268,,30,
宝安区,沙井街道,蚝三民主丰泽园,270,,35,
南山区,桃源街道,龙井庭苑,280,65,,
宝安区,西乡街道,荣恒新苑,288,,47,
大鹏新区,大鹏街道,布新统建楼,292,,30,
罗湖区,东湖街道,大望苑,299,51,,
南山区,南山街道,西苑小区,300,74,,
光明区,马田街道,根竹园花园,302,30,31,
龙华区,龙华街道,大唐时代公寓,316,,49,
宝安区,航城街道,雅庭苑,317,,50,
南山区,桃源街道,京基御景峯（商务公寓）,320,,85,
南山区,粤海街道,阳光粤海花园一期（商务公寓）,321,,144,
坪山区,坪山街道,深城投中城花园一期（商务公寓）,322,,65,
南山区,沙河街道,懿德轩,326,250,250,
龙岗区,龙城街道,启迪协信商务公寓,328,,52,
龙岗区,坂田街道,碧桂园荣汇府,335,,83,
龙岗区,龙城街道,琳珠华庭（商务公寓）,342,,57,
龙岗区,横岗街道,港信达银信广场（商务公寓）,344,,64,
龙岗区,横岗街道,"东城中心花园三期-A区
（商务公寓）",345,,65,
龙岗区,龙城街道,恒大城市之光,349,,59,
龙岗区,龙岗街道,远洋新干线晶钻广场,353,,53,
龙华区,龙华街道,富驰大厦,357,,70,
龙岗区,吉华街道,赛格新城,372,,74,
龙岗区,龙城街道,启迪协信科技园,381,,57,
福田区,沙头街道,金润大厦,501,,78,
宝安区,福永街道,菁英领寓,506,,60,
宝安区,松岗街道,联投东方华府一期（商务公寓）,520,,58,
福田区,香蜜湖街道,越众越海家园（商务公寓）,527,,127,
罗湖区,翠竹街道,海洋大厦（商务公寓）,522,,102,
福田区,南园街道,佳兆业中心,502,,112,
光明区,光明街道,新地中央公寓,524,,63,
宝安区,新安街道,27区华联城市全景,530,,110,
龙岗区,龙岗街道,金地凯旋广场,386,,53,
罗湖区,南湖街道,罗湖金岸,387,,85,
罗湖区,东门街道,新世界大厦,389,,102,
罗湖区,笋岗街道,华商时代公寓,395,,94,
宝安区,西乡街道,万骏汇商务公寓,413,,70,
南山区,南山街道,泛海城市广场,418,,114,
南山区,粤海街道,华润城华润置地大厦（一期）,428,,210,
宝安区,西乡街道,魅力时代花园（商务公寓）,440,,91,
福田区,华强北街道,华强广场,441,,136,
宝安区,新安街道,嘉洲商务中心,445,,101,
南山区,南山街道,前海枫叶大厦,455,,137,
南山区,南山街道,光彩新天地,460,,103,
盐田区,海山街道,壹海城2期玺湾,463,,88,
福田区,福田街道,华嵘大厦,466,,165,
南山区,沙河街道,深湾汇云中心一期,469,,143,
福田区,沙头街道,嘉州富苑,478,,136,
福田区,华强北街道,鼎诚国际大厦,479,,150,
盐田区,海山街道,昊海君悦大厦,484,,74,
福田区,梅林街道,御锦公馆,487,,149,
南山区,粤海街道,深圳湾1号广场南区,488,,350,
福田区,香蜜湖街道,东海国际中心二期,492,,184,
福田区,香蜜湖街道,富春东方大厦,495,,176,
罗湖区,东湖街道,东乐南苑,14,50,,
龙华区,龙华街道,旭日小区翔源阁,17,,41,
龙华区,龙华街道,梅龙苑,18,,45,
龙华区,龙华街道,龙安大厦,24,,40,
龙华区,大浪街道,家声楼,27,,34,
龙岗区,南湾街道,翠山路统建楼,30,,45,
龙岗区,南湾街道,南岭北路统建楼,31,,40,
龙华区,民治街道,民乐花园,38,50,49,
龙华区,民治街道,民乐统建楼,39,,55,
龙华区,民治街道,华侨新苑,40,,48,
罗湖区,东湖街道,布心中学综合楼,58,52,,
龙岗区,南湾街道,南岭中心大厦,61,,39,
龙岗区,南湾街道,福景苑,68,,43,
龙岗区,布吉街道,名仕轩,70,,43,
龙华区,福城街道,汇龙峰景,74,,32,
龙华区,观湖街道,科苑,75,,34,
龙华区,龙华街道,依山小筑,79,,41,
龙华区,龙华街道,郭吓统建楼,82,50,,
龙华区,民治街道,牛栏前大厦,83,51,51,
龙岗区,坂田街道,水斗老围综合楼,84,,48,
龙华区,福城街道,荣辉花园,88,,36,
龙华区,福城街道,祥和山庄,97,32,33,
龙华区,龙华街道,华园道,105,51,,
龙华区,大浪街道,元芬花园,107,,41,
光明区,马田街道,大围新城,122,,32,
宝安区,西乡街道,光电大厦,124,,57,
宝安区,福永街道,听涛雅苑三期,128,,40,
宝安区,福永街道,听涛雅苑一期,129,,41,
宝安区,石岩街道,罗租统建楼,130,36,38,
宝安区,新桥街道,名豪丽城,131,,37,
宝安区,新桥街道,星悦豪庭三期,132,,40,
宝安区,松岗街道,前进公社,134,,36,
光明区,公明街道,国兰公寓,145,,37,
宝安区,西乡街道,东方雅苑,166,,56,
大鹏新区,葵涌街道,海岸新城,169,30,30,
宝安区,石岩街道,上屋置业广场,174,,35,
宝安区,石岩街道,元径旧村统建楼,176,,30,
宝安区,新桥街道,裕盛华庭,177,,41,
宝安区,石岩街道,致富居,190,,42,
光明区,马田街道,下屯旧村统建楼,195,,31,
宝安区,西乡街道,渔业新村统建楼,204,57,,
南山区,桃源街道,龙井花园,212,69,,
宝安区,石岩街道,塘坑统建楼,213,,29,
宝安区,西乡街道,固戍花园,218,,44,
宝安区,西乡街道,塘西小区,227,,46,
南山区,南山街道,德馨花园,231,77,77,
宝安区,福海街道,鸿德园,243,,42,
宝安区,沙井街道,华茂大厦,245,,29,
宝安区,石岩街道,春晖苑大厦,250,,35,
宝安区,石岩街道,盛世华庭,253,,40,
大鹏新区,大鹏街道,潮歌苑,255,,32,
光明区,凤凰街道,彩妮大厦,265,,31,
宝安区,沙井街道,鸿桥花园,269,,31,
宝安区,新桥街道,中心名座,271,,38,
宝安区,沙井街道,怡安花园,272,,34,
宝安区,松岗街道,东方御景,273,,34,
光明区,马田街道,秋园雅苑,276,,30,
光明区,凤凰街道,甲子塘村委统建楼,277,,35,
盐田区,沙头角街道,电信楼小区,284,42,,
宝安区,沙井街道,腾芳花园,286,,35,
宝安区,西乡街道,臣田新苑,289,,49,
宝安区,石岩街道,清雅苑,294,,39,
宝安区,航城街道,鹤洲豪庭,296,,42,
宝安区,福永街道,方格凤凰科技大楼,298,,41,
光明区,新湖街道,楼村花园,306,37,36,
龙华区,民治街道,华侨城创想大厦,339,,90,
罗湖区,翠竹街道,翡翠公寓,343,,127,
罗湖区,笋岗街道,深业泰富广场,348,,118,
龙岗区,横岗街道,东城中心花园三期（商务公寓）,350,,72,
龙华区,观湖街道,宝观城锦鲤大厦,366,,57,
龙岗区,龙城街道,保利上城一期,373,,49,
龙岗区,布吉街道,万科红立方大厦,383,,80,
龙岗区,坂田街道,创兴时代,384,,85,
罗湖区,南湖街道,幸福万象,385,,136,
龙岗区,布吉街道,凯旋天玺名庭（商务公寓）,392,,85,
罗湖区,桂园街道,中航凯特大厦公寓,393,,94,
罗湖区,笋岗街道,招商中环,401,,115,
南山区,西丽街道,万科云城一期,406,,113,
南山区,南山街道,冠泽大厦,531,,150,
福田区,华强北街道,恒邦时代大厦,504,,169,
福田区,华强北街道,宝树台,505,,153,
龙岗区,龙城街道,万科时代广场,528,,62,
坪山区,坪山街道,龙光玖云著,533,,52,
盐田区,沙头角街道,盛迪嘉海湾里大厦,511,,87,
宝安区,福永街道,凤凰领寓,514,,65,
南山区,南山街道,凯德公园一号广场,507,,143,
,,景兴海上广场一期,414,,152,
南山区,西丽街道,万科云城六期,417,,125,
南山区,南头街道,田厦金牛广场,419,,115,
南山区,粤海街道,深圳湾1号广场,422,,280,
盐田区,海山街道,深中润君临海域,423,80,81,
南山区,南山街道,公园道大厦,427,,136,
光明区,马田街道,益田假日府邸（商务公寓）,433,,49,
宝安区,福海街道,会展湾东城广场,435,,68,
宝安区,西乡街道,华丰前海湾二期,444,,87,
福田区,华强北街道,世纪汇广场,447,,142,
南山区,蛇口街道,半岛城邦花园四期（商务公寓）,452,,145,
福田区,福田街道,卓越世纪中心,461,,150,
福田区,香蜜湖街道,宝能城市公馆酒店公寓,472,,180,
南山区,粤海街道,中洲控股金融中心,473,,159,
坪山区,坑梓街道,富士锦园,474,,50,
罗湖区,黄贝街道,天景花园,1695,65,,
盐田区,梅沙街道,天琴湾一二期,2522,,,102
盐田区,盐田街道,海滨假日雅居,3032,,83,
宝安区,福永街道,天欣花园,3402,41,44,
福田区,福田街道,深华运输住宅楼,2726,78,,
福田区,福保街道,益田花园一二期,539,76,78,
龙岗区,宝龙街道,中信高尔夫天籁山庄,586,,,79
宝安区,西乡街道,百佳华大厦,2269,42,,
福田区,福保街道,骏皇名居,2270,,98,
福田区,香蜜湖街道,鸣泉居,2271,,111,
福田区,福田街道,鸿图大厦,3523,,99,
龙岗区,南湾街道,国香山花园,1027,,56,
罗湖区,清水河街道,银湖蓝山润园一期,1299,,109,
罗湖区,翠竹街道,旭飞华达园二期,1590,,99,
宝安区,新安街道,花乡家园,2352,,116,
福田区,华富街道,长福花园,3560,87,,
盐田区,盐田街道,黄必围住宅楼,4152,42,,
盐田区,盐田街道,中通半山半海花园,3812,,52,59
宝安区,松岗街道,红星花园,2345,28,,
福田区,莲花街道,鲁班大厦,2999,,78,
盐田区,海山街道,棕榈湾,2487,,63,
罗湖区,莲塘街道,华景园别墅北区,730,,,109
宝安区,松岗街道,居乐苑,2010,37,35,
罗湖区,黄贝街道,海丽大厦,1162,,72,
罗湖区,黄贝街道,深业东岭花园一期,1163,,102,
罗湖区,东晓街道,翠山花半里雅筑,1164,,78,
南山区,桃源街道,宝能城-西区,3145,,84,
罗湖区,清水河街道,祥青苑,980,84,,
龙岗区,布吉街道,桂芳园七期,981,61,59,
罗湖区,东晓街道,百仕达花园三期,3959,,80,
福田区,香蜜湖街道,龙溪花园,2239,92,95,
罗湖区,东晓街道,金迪名苑,718,,102,
福田区,福田街道,龙轩豪庭,2240,,130,
罗湖区,黄贝街道,深纺住宅楼(黄贝),1389,63,,
福田区,香蜜湖街道,耀荣园,2249,87,,
龙岗区,布吉街道,信义假日名城五期A区,1468,,68,
龙岗区,吉华街道,金域揽峰花园,1263,,64,
龙岗区,宝龙街道,中信高尔夫绿色山庄,1471,,,87
龙岗区,龙城街道,依山郡花园二期,587,,41,
龙华区,龙华街道,福景花园,1002,47,,
福田区,福保街道,阳光四季,2340,,94,
宝安区,航城街道,翠湖花园,2350,48,,
罗湖区,桂园街道,桂木园燃料公司住宅楼,1024,76,,
宝安区,西乡街道,永安商业城,2267,44,47,
龙岗区,南湾街道,桂芳园三期,1132,,58,
福田区,华富街道,银华大厦,3607,,62,
龙岗区,南湾街道,安鸿峰景苑,1134,,47,
福田区,香蜜湖街道,香蜜湖商住楼,2244,87,,
宝安区,新安街道,德业新城花园,2245,,80,
宝安区,福永街道,怀德峰景南园,3555,,56,
南山区,招商街道,桂园小区二区,3063,86,,
福田区,梅林街道,蓝宝石家园,2323,92,99,
宝安区,西乡街道,半岛明苑,2324,65,,
福田区,华强北街道,华发大院,2351,79,,
罗湖区,桂园街道,天元大厦,1267,,66,
宝安区,西乡街道,尖岗山名苑,3644,,92,150
宝安区,新安街道,天健时尚空间名苑,3624,,114,
罗湖区,翠竹街道,翠珠小区,1644,73,,
福田区,沙头街道,碧海红树园,2346,,101,
龙岗区,坪地街道,怡心广场,584,27,36,
宝安区,新安街道,宝河大厦,2241,54,58,
宝安区,新安街道,汉宝大厦,2242,,51,
宝安区,松岗街道,松河瑞园一期,3569,,46,
罗湖区,笋岗街道,桃花园(罗湖),719,55,,
福田区,福田街道,景佑商住楼,2325,80,,
坪山区,坪山街道,坪山招商花园城二期,2147,,42,
宝安区,新安街道,河滨阁,2349,56,,
宝安区,松岗街道,中海西岸华府,4170,57,38,
盐田区,梅沙街道,东部华侨城大侠谷公寓,2519,,46,
盐田区,沙头角街道,山海阳光园一期,2524,,58,
盐田区,梅沙街道,云顶天海花园,2525,58,,
盐田区,盐田街道,八佰麓居,2526,,57,
罗湖区,笋岗街道,洪湖二街6号大院,1945,65,,
南山区,南山街道,中兴之家,3904,95,,
南山区,招商街道,龙电花园B区,3905,84,,
福田区,福田街道,城市杰座名苑,2823,,105,
福田区,莲花街道,中房景苑大厦,3465,,77,
龙华区,观澜街道,观澜豪园二期,1264,52,53,
龙岗区,坂田街道,台湾花园(龙岗),1003,39,,
龙岗区,横岗街道,康乐花园,1339,,39,
宝安区,松岗街道,宏发君域花园,2246,,44,
宝安区,西乡街道,流塘大厦,2247,,50,
罗湖区,东湖街道,翡翠园一期,1641,66,75,
罗湖区,东门街道,金川大厦,639,61,,
龙岗区,龙岗街道,叠翠新峰花园一期,733,,39,
龙岗区,布吉街道,九矿大厦,3931,,41,
罗湖区,南湖街道,龙兴大厦,1524,,67,
龙岗区,南湾街道,桂芳园二期,1841,,60,
罗湖区,南湖街道,宝平街住宅楼,1774,70,,
龙岗区,坂田街道,吉祥花园(龙岗),1876,36,,
龙岗区,布吉街道,怡心苑,1028,40,,
罗湖区,东门街道,中信星光名庭,1029,,116,
罗湖区,东门街道,书院街7号大院,1030,74,,
罗湖区,东门街道,书院街53号大院,1031,88,,
福田区,南园街道,东园新村,563,71,,
宝安区,西乡街道,康达尔山海上园一期,4173,,66,
罗湖区,翠竹街道,深宝住宅区,1688,65,,
龙岗区,布吉街道,东方盛世花园,1004,,58,
福田区,南园街道,福龙楼,2785,,92,
宝安区,西乡街道,碧海君庭,2869,,94,
宝安区,新安街道,十四区住宅小区,3911,51,,
龙华区,龙华街道,东华明珠园,612,,61,
福田区,福保街道,瑞和园,2824,,90,
龙华区,观澜街道,汉士达华庭三期,1300,,,77
罗湖区,桂园街道,威登别墅,1301,72,79,
福田区,福田街道,云顶翠峰花园一期,2353,,99,
龙岗区,布吉街道,华昱花园,986,45,,
龙岗区,布吉街道,泽润华庭,3965,,54,
罗湖区,黄贝街道,九洲公司住宅楼,1442,58,,
宝安区,新安街道,冠城世家,2341,,67,
宝安区,西乡街道,碧湾雅园,3615,,76,
宝安区,航城街道,锦绣花园(西乡),2342,42,,
宝安区,航城街道,雅乐居,2343,,67,
宝安区,西乡街道,桃源居九区,2690,45,48,
南山区,南头街道,南景苑,3028,,87,
龙岗区,龙城街道,佳馨园,812,,37,
龙岗区,龙岗街道,满京华喜悦里华庭二期,874,,52,
福田区,南园街道,鹏丽大厦,2248,,82,
罗湖区,东湖街道,翡翠园山湖居一期,1526,,73,
南山区,南头街道,御林华府,3049,,197,
盐田区,盐田街道,金山碧海花园,3892,34,65,
福田区,莲花街道,缇香名苑,3232,,120,
宝安区,西乡街道,前城滨海花园,3566,,92,
罗湖区,东门街道,方海商苑,1245,71,,
罗湖区,东门街道,旺业豪苑,1278,,86,
盐田区,海山街道,新世界倚山花园三期,3010,,66,
盐田区,海山街道,和亨城市广场,2520,,60,
罗湖区,黄贝街道,乐扬枫景阁,1437,,102,
龙岗区,龙城街道,尚景华园,4105,34,31,
盐田区,盐田街道,和亨雅园,3884,52,,
福田区,沙头街道,锦河苑,2347,75,,
罗湖区,黄贝街道,景贝南小区,1126,60,,
罗湖区,桂园街道,蔡屋围丽晶大厦,1127,,88,
福田区,梅林街道,蓝宝石名庭,3630,,101,
龙华区,观澜街道,观澜湖高尔夫大宅丽维康区,4116,,,125
龙华区,观澜街道,观澜湖高尔夫大宅纳斯比区,1268,,,79
龙岗区,布吉街道,德兴花园,1145,42,42,
坪山区,马峦街道,京基御景印象家园一期,2146,,38,
宝安区,西乡街道,康达尔山海上园二期,4177,,70,
盐田区,海山街道,保税区第一生活区,2521,51,,
龙岗区,南湾街道,阳光翠园,720,43,41,
坪山区,马峦街道,力高君御花园,2145,,42,
宝安区,石岩街道,宏发世纪花园（商品住房）,2243,,56,
龙岗区,布吉街道,兴华楼,1569,38,,
罗湖区,莲塘街道,华景园多层,585,67,,
福田区,莲花街道,机场龙塘住宅楼,552,83,,
南山区,粤海街道,锦隆花园,3048,130,95,130
龙华区,观澜街道,观澜湖高尔夫大宅汉士达区,1269,,,80
龙岗区,布吉街道,荣超花园,3992,54,58,
罗湖区,黄贝街道,湖滨小学住宅楼,1679,55,,
福田区,梅林街道,福兴花园一期,3811,,86,
盐田区,盐田街道,洪安围华侨新村一二期,2930,43,,
龙岗区,龙岗街道,聚龙苑,732,,34,
龙岗区,南湾街道,和通花园,1130,50,,
福田区,南园街道,滨江新村东区,4191,80,,
盐田区,梅沙街道,湖心岛公寓,2569,55,,
宝安区,新安街道,御景台,3627,,66,
罗湖区,翠竹街道,教育新村兴业楼,638,71,,
宝安区,新安街道,幸福海岸三期,2597,,86,
盐田区,海山街道,外经集资大楼,3431,41,,
福田区,莲花街道,长城盛世家园一期,2348,,85,
龙岗区,龙岗街道,锦龙名苑,943,,40,
龙岗区,龙岗街道,华兴苑,601,,34,
福田区,福田街道,福田外贸大厦,2304,,109,
龙华区,民治街道,溪山美地园一期,1128,,84,84
罗湖区,笋岗街道,五金花园,1423,75,,
福田区,香蜜湖街道,蝴蝶谷名苑,2326,,237,
盐田区,海山街道,蓝郡广场,4144,,100,
龙岗区,布吉街道,德福花园,3956,49,49,
龙岗区,布吉街道,龙珠花园(龙岗),4117,,55,
罗湖区,桂园街道,风格名苑,1279,,113,
罗湖区,东门街道,立新花园二期,1157,,84,
盐田区,沙头角街道,宝桐居,2571,,50,
福田区,福田街道,中电宿舍,2881,86,,
罗湖区,黄贝街道,深港新村,1158,59,,
罗湖区,东湖街道,麟腾苑一期,1159,68,,
龙岗区,坂田街道,第五园五期,1001,,75,
坪山区,坪山街道,嘉宏湾花园一期,2148,,43,76
龙华区,龙华街道,华都花园,1537,54,,
福田区,沙头街道,活力宝小区,2027,70,,
罗湖区,桂园街道,大塘龙小区,1336,65,83,
罗湖区,桂园街道,西湖大厦,1266,,61,
罗湖区,莲塘街道,航天晴山月名园,4104,,85,
罗湖区,东晓街道,绿景山庄,1435,57,,
罗湖区,东晓街道,置富公寓,1642,62,,
南山区,沙河街道,锦绣公寓,3050,89,,
南山区,南山街道,瑞景华庭,3062,,105,
罗湖区,东门街道,东悦名轩,1022,,99,
罗湖区,东晓街道,鸿基花园(罗湖),1023,,64,
罗湖区,黄贝街道,交运综合楼,1131,53,,
南山区,西丽街道,松坪山生活区公寓,4167,86,,
盐田区,沙头角街道,新天富山海华庭,1983,,49,
罗湖区,翠竹街道,翠竹苑,1929,79,89,
宝安区,西乡街道,怡翠花园,3925,53,,
福田区,福田街道,裕亨花园,2339,84,,
福田区,沙头街道,金福苑,2344,76,,
福田区,香蜜湖街道,金众小区,4015,80,,
盐田区,沙头角街道,山海阳光园二期,2570,,66,
盐田区,盐田街道,港城蓝山雅园,3031,,69,127
宝安区,西乡街道,西城丰和家园,2238,60,59,
罗湖区,桂园街道,长虹大厦,1025,,67,
福田区,南园街道,中电大院,2822,98,,
罗湖区,桂园街道,雅馨居,1026,,103,
福田区,梅林街道,梅林一村,2268,,80,
南山区,南头街道,南苑新村东区,3395,84,,
盐田区,海山街道,蓝郡西堤花园,2523,,87,
福田区,福田街道,福民新村,3426,71,,
罗湖区,东晓街道,深华小区,1129,59,,
龙华区,民治街道,滢水山庄三期,759,55,,
龙华区,民治街道,滢水山庄四期,760,50,,
盐田区,海山街道,梧桐海景苑,2486,,51,
福田区,沙头街道,新浩城花园,3250,,100,
罗湖区,黄贝街道,深业东岭花园二期,1280,,108,
罗湖区,黄贝街道,深港花园(罗湖),1281,,63,
罗湖区,东湖街道,青橙时代公寓,979,107,,
福田区,香蜜湖街道,一冶广场,2032,,74,
罗湖区,东晓街道,鸿翠苑,1085,,78,
龙岗区,坂田街道,第五园八期,1160,63,63,
龙岗区,布吉街道,慢城二期,4232,54,,
罗湖区,黄贝街道,汇锦名园,1161,,81,
罗湖区,东晓街道,翠怡苑,1625,63,73,
盐田区,海山街道,桐林花园,3489,,54,
南山区,南山街道,南新苑,3100,,70,
福田区,福田街道,上步医疗中心小区,4289,79,,
南山区,粤海街道,帝景园一期,4077,90,,
龙岗区,龙城街道,新龙岗花园南区,884,27,28,
宝安区,新安街道,宝湖居,2818,55,,
龙华区,龙华街道,美丽家园南区,4113,56,,
罗湖区,东晓街道,草埔新村,3983,48,,
福田区,园岭街道,先科机电大厦,2660,,71,
宝安区,新安街道,华天花园,2684,53,,
福田区,莲花街道,业城阁,3482,,86,
龙岗区,布吉街道,永乐楼,1405,39,,
福田区,福保街道,福源花园一期,2912,,81,
罗湖区,黄贝街道,集浩大厦,652,,85,
罗湖区,南湖街道,佳宁娜友谊广场,1724,,81,
罗湖区,莲塘街道,蕙兰雅居,893,,65,
宝安区,新安街道,区城管局宿舍楼,2968,48,,
宝安区,新安街道,深业新岸线一期,2686,,78,
南山区,南山街道,观峰阁,3025,65,,
罗湖区,东湖街道,百仕达花园四期,965,,112,
福田区,莲花街道,彩天怡色家园,3818,,96,
南山区,南山街道,大南山紫园,2002,,,213
福田区,福保街道,福田中港城,2783,,89,
福田区,南园街道,爱华大院,2880,91,,
龙华区,民治街道,书香门第名苑,1580,,81,
福田区,福田街道,华厦新居,2586,84,,
罗湖区,黄贝街道,怡景花园-桂花村,600,80,,
龙岗区,龙城街道,全盛御景湾花园,886,,48,
宝安区,西乡街道,宝田雅苑,2821,,87,
龙华区,龙华街道,富通天骏花园,1572,,60,
南山区,蛇口街道,临园大厦,3361,87,,
南山区,招商街道,四海宜家大厦,3676,,94,
南山区,南山街道,东方海雅居,3125,,90,
罗湖区,清水河街道,星湖花园,1447,83,86,
宝安区,石岩街道,阳台山庄,2913,37,,
罗湖区,桂园街道,红桥,966,71,,
宝安区,新安街道,万科兰乔花园,3455,,,220
福田区,福田街道,东华大厦,2687,,88,
宝安区,新安街道,富民苑,2688,,54,
宝安区,新安街道,黄金大厦,3894,,78,
福田区,南园街道,滨河总站住宅楼,3756,85,,
福田区,莲花街道,第壹世界广场,2784,,99,
龙华区,民治街道,华美丽苑,1657,53,,
龙岗区,龙城街道,君悦龙庭二期,837,,40,
南山区,粤海街道,华润城润府一期,3102,,156,
罗湖区,南湖街道,汇展阁,1944,,87,
福田区,南园街道,光华园,2307,,94,
罗湖区,翠竹街道,逸湖居,1094,,83,
罗湖区,东门街道,名都大厦,1840,,77,
宝安区,西乡街道,桃源居十区,2689,,46,
盐田区,海山街道,天雅居,3491,52,,
南山区,南头街道,祥泰公寓,3026,99,,
南山区,桃源街道,十五峯花园二期,2003,,139,
罗湖区,莲塘街道,天越翔园,1231,,86,
福田区,福田街道,中电福华大厦,2172,,100,
南山区,蛇口街道,文卫楼,4092,86,,
罗湖区,莲塘街道,城市东座公寓,887,,85,
罗湖区,莲塘街道,祥和花园二期,626,54,63,
南山区,南山街道,福园单身公寓,3027,88,,
宝安区,新安街道,建兴楼,2191,62,,
福田区,沙头街道,绿景新苑,2129,,89,
龙岗区,坂田街道,十二橡树庄园一期,1463,,67,85
福田区,梅林街道,山语清晖花园,1976,,106,
南山区,粤海街道,桑达苑,3828,89,,
龙华区,民治街道,皓月花园,611,64,,
盐田区,梅沙街道,水云间雅居,2897,,50,
南山区,桃源街道,高发公寓,3829,118,,
南山区,沙河街道,祥祺苑,3757,84,,
宝安区,新安街道,碧涛苑(宝安),2518,,54,
龙岗区,布吉街道,中房怡芬花园,1261,53,54,
南山区,蛇口街道,南海玫瑰花园一期,4050,122,116,123
福田区,福田街道,显锐大厦,1977,,101,
福田区,莲花街道,振业景洲大厦,3537,,78,
南山区,招商街道,兰园大厦,3264,77,,
福田区,福田街道,朝恒大厦,2547,,83,
南山区,南头街道,悠然天地家园,3329,,115,
南山区,南山街道,鼎太风华社区七期,3902,,94,
南山区,粤海街道,金钟大厦,3903,,134,
龙华区,龙华街道,宇峰苑,1570,46,,
宝安区,新安街道,海滨城广场一期,2055,62,,
福田区,莲花街道,吉莲大厦,2056,,71,
罗湖区,翠竹街道,金贝苑,1262,,74,
宝安区,福永街道,有福楼,3504,41,,
罗湖区,黄贝街道,罗芳苑,1732,58,,
福田区,沙头街道,趣园,2057,,116,
罗湖区,翠竹街道,裕兴公司住宅楼,3988,70,,
罗湖区,翠竹街道,金丽豪苑,1745,,85,
宝安区,新安街道,金成名苑,2058,,71,
福田区,福田街道,公汽公司住宅楼,3505,82,,
盐田区,盐田街道,南方明珠花园二期,2972,43,44,
福田区,梅林街道,林海山庄,2034,,76,
福田区,南园街道,深华宿舍,2848,79,,
龙岗区,布吉街道,佳兆业新都汇家园,941,,81,
坪山区,坪山街道,东晟时代花园,2156,,39,
罗湖区,南湖街道,南洋大厦,1733,,90,
南山区,桃源街道,朗苑,3771,,98,
南山区,南头街道,南头电话所综合楼,3252,63,,
福田区,华富街道,五环新村,2128,69,,
福田区,莲花街道,景莲花园,2328,75,,
福田区,莲花街道,安通花园,3717,88,,
罗湖区,翠竹街道,英丽阁花园,1635,70,,
福田区,福保街道,高发佳苑,2130,,89,
龙岗区,龙岗街道,颐景峰苑,915,,46,
龙岗区,平湖街道,平湖花园,1361,32,,
南山区,沙河街道,鹏飞苑,3727,87,,
龙岗区,龙城街道,顺景花园,914,40,36,
龙岗区,龙城街道,紫薇花园南区,895,34,,
盐田区,沙头角街道,盛世名门家园,2950,,67,
龙岗区,南湾街道,左庭右院（北区）,4259,48,51,
罗湖区,清水河街道,轩阁花园,1842,71,,
福田区,莲花街道,天威花园,2914,,83,
龙岗区,龙岗街道,鸿威鸿景华庭北区,889,,33,
龙岗区,龙岗街道,深房尚林花园,890,,41,40
龙岗区,坂田街道,高发悦驰苑,1719,51,,
龙华区,民治街道,金亨利首府,1736,,81,
南山区,招商街道,海天楼,3487,78,,
罗湖区,东晓街道,维富大厦,1658,,63,
福田区,华富街道,阳明山庄,2022,,95,
龙岗区,布吉街道,桂芳园八期,1926,,61,
福田区,南园街道,航运总公司宿舍,536,69,,
福田区,南园街道,下步庙北区,2780,84,,
南山区,粤海街道,天海花园,1999,89,,
龙岗区,龙岗街道,城南雅筑,836,,40,
龙岗区,布吉街道,信和爱琴居,1843,,61,
宝安区,新安街道,宝豪华庭,2915,,62,
福田区,莲花街道,富霖花园,2916,75,,
盐田区,盐田街道,花样年花港家园,2879,,62,
龙岗区,园山街道,森雅谷,832,,55,
福田区,福田街道,晨晖家园,2691,,124,
龙华区,龙华街道,桦润馨居B区,967,52,,
福田区,梅林街道,梅沁楼,3541,74,,
南山区,南头街道,南头商业大厦,2706,78,,
罗湖区,笋岗街道,深城公寓,646,,83,
龙岗区,龙城街道,富康苑,891,31,,
罗湖区,桂园街道,供电南苑,647,,87,
罗湖区,桂园街道,西湖小区,648,65,,
罗湖区,桂园街道,华通住宅楼,1723,70,,
南山区,南山街道,荔庭园二期,3898,82,,
南山区,南头街道,英达·钰龙园,2705,,105,
龙岗区,园山街道,星河智荟花园（商品住房）,900,,46,
罗湖区,黄贝街道,卧龙阁,650,,75,
罗湖区,黄贝街道,怡景花园-景庭苑,651,,76,
宝安区,新安街道,石鸿花园,2692,,65,
罗湖区,南湖街道,南华街10号大院,1406,70,,
福田区,沙头街道,碧海云天一期,3120,,111,122
福田区,沙头街道,碧海云天二期,3121,,108,
福田区,园岭街道,旭飞花园,2786,100,105,
龙岗区,龙城街道,君悦龙庭一期,834,,40,
南山区,招商街道,怡庭园,3591,,85,
宝安区,新安街道,天河大厦,2694,44,,
宝安区,新安街道,海滨城广场三期,2774,,98,
福田区,莲花街道,天然居,2775,,101,
福田区,福田街道,福围阁,2776,69,,
盐田区,梅沙街道,倚天阁,2949,57,,
南山区,西丽街道,众冠花园,3820,72,81,
罗湖区,黄贝街道,鸿锦阁,1852,,74,
福田区,梅林街道,梅林四村,3888,88,,
罗湖区,东门街道,东方华都大厦,1077,,106,
宝安区,新安街道,兴业华庭,2909,,74,
宝安区,新安街道,西海岸花园,2910,,63,
盐田区,沙头角街道,碧海苑(碧海花园二期),545,,53,
龙岗区,龙岗街道,锦城星苑二期,811,,36,
南山区,南头街道,嘉庭苑,3122,96,,
龙岗区,龙城街道,麓园,852,,39,
罗湖区,黄贝街道,文华大厦,1717,,87,
龙岗区,龙城街道,阅山华府一期,888,,45,
罗湖区,南湖街道,大滩大厦,1541,,91,
南山区,西丽街道,松坪村三期东区,3589,,100,
南山区,沙河街道,世界花园聚龙居,3476,,87,
福田区,福田街道,福盛大厦,3663,,94,
罗湖区,东门街道,园林总公司宿舍,3968,69,,
南山区,南头街道,绿茵丰和家园,3657,,114,
宝安区,福海街道,景山花园三期,2826,46,,
罗湖区,翠竹街道,翠拥华庭一期,1930,,88,
福田区,莲花街道,景鹏大厦,2777,,76,
福田区,华强北街道,桑达新村,2778,90,,
龙岗区,龙城街道,长江花园,835,35,,
南山区,南山街道,学府花园,3501,,92,
福田区,福田街道,华强花园,2685,,89,
福田区,福保街道,福田花园大厦,2781,,82,
南山区,南头街道,东方新地苑,2000,,93,
南山区,蛇口街道,蛇口供电局宿舍,3687,75,,
南山区,招商街道,华丰苑,2001,86,,
罗湖区,笋岗街道,田心大厦,1718,,83,
南山区,招商街道,后海花半里,3333,,105,
福田区,莲花街道,景田南,2825,82,,
福田区,园岭街道,百花园二期,3735,,142,
罗湖区,南湖街道,城市天地广场,3994,,100,
南山区,招商街道,榆园一期,3658,83,,
宝安区,新安街道,三十三区商住楼,2827,50,,
罗湖区,翠竹街道,龙丽园,4185,,81,
龙华区,观湖街道,中航格澜郡二期,1851,,44,66
宝安区,西乡街道,泰华明珠,4057,,56,
南山区,沙河街道,碧茵苑,3897,,75,
福田区,沙头街道,江西世纪豪庭,2820,,122,
罗湖区,南湖街道,国旅大院,959,72,,
龙岗区,龙岗街道,华江大楼,1552,38,,
罗湖区,翠竹街道,太明居,649,65,,
罗湖区,东门街道,培森大厦,609,,81,
龙岗区,布吉街道,布吉中心花园,610,,61,
南山区,南山街道,阳光里雅居,3899,,150,
南山区,南头街道,南山汇金家园,3900,,89,
福田区,莲花街道,黄埔雅苑三期,2917,,126,
宝安区,新安街道,裕华花园,2918,62,,
福田区,福保街道,丽阳天下名苑,2693,,115,
罗湖区,黄贝街道,中饰大厦,968,58,,
罗湖区,南湖街道,金城大厦,969,,99,
龙岗区,龙城街道,黄阁翠苑,833,,35,
宝安区,西乡街道,锦明花园,2920,,59,
福田区,园岭街道,意馨居,2921,90,91,
宝安区,新安街道,群贤花园,2922,62,,
宝安区,新安街道,广三保综合楼,2876,46,,
宝安区,新安街道,白金酒店公寓,2907,,106,
龙岗区,龙城街道,平安里家园,892,,48,
福田区,梅林街道,半山御景华庭,2659,,109,
罗湖区,翠竹街道,翠景大厦,964,67,,
南山区,南山街道,世纪广场,3023,,94,
龙岗区,平湖街道,融湖世纪花园,1941,,46,
南山区,南头街道,如意家园,2037,,87,
宝安区,松岗街道,宝安山庄,2911,38,40,
罗湖区,桂园街道,方虹小区,970,68,,
罗湖区,翠竹街道,翠丽居,3987,68,,
盐田区,海山街道,保税区家属楼,3492,40,,
南山区,沙河街道,天鹅湖花园一期,3020,,256,
龙岗区,龙城街道,满园,875,,42,
宝安区,新安街道,富盛苑,3881,48,,
南山区,招商街道,海滨花园(南山),3592,101,82,140
罗湖区,南湖街道,广西外贸大院,4128,101,95,
龙华区,龙华街道,龙泽榕园,1093,63,,
罗湖区,东晓街道,双御雅轩,1511,,111,
罗湖区,黄贝街道,长安大院,1407,67,,
南山区,粤海街道,浅水湾花园,3124,,138,
罗湖区,笋岗街道,碧湖花园(罗湖),1566,,65,
南山区,南山街道,桂珠苑,4156,71,,
龙岗区,坂田街道,"第五园九期
",4231,,75,
罗湖区,东晓街道,大地花园,608,,73,
宝安区,新安街道,怡合花园,2779,54,55,
南山区,沙河街道,芳华苑,3024,90,,
南山区,西丽街道,金盛苑,3418,86,,
南山区,粤海街道,科技园38区,3610,100,,150
龙岗区,坪地街道,顺景新村,902,25,,
南山区,粤海街道,现代城梦想家园,3123,,107,
南山区,沙河街道,汇雅苑,3656,92,,
福田区,沙头街道,中国有色大厦,2086,,159,
宝安区,新安街道,新锦安雅园三期,2819,,76,
南山区,蛇口街道,合兴大厦,3141,72,,
南山区,粤海街道,海阔天空雅居,3403,,109,
南山区,蛇口街道,税务小区,3416,75,,
龙岗区,宝龙街道,仁恒峦山美地花园,885,,44,
罗湖区,桂园街道,嘉宾花园,1939,,78,
福田区,梅林街道,合旺阁,3536,93,,
龙岗区,平湖街道,威凤山庄,1940,,37,37
福田区,福田街道,皇洲花园,2867,,87,
福田区,福田街道,阳光城市家园,2782,,100,
宝安区,新安街道,海滨花园(宝安),2919,49,,
南山区,粤海街道,观海台花园,3819,,114,
南山区,蛇口街道,澳城花园北区,2036,,158,
福田区,南园街道,巴登市场商住楼,2846,72,,
龙岗区,布吉街道,紫瑞花园,1536,,77,157
盐田区,盐田街道,浩海明珠雅居,2951,,64,
宝安区,西乡街道,瑞翔居,2908,,65,
龙岗区,平湖街道,熙璟城豪苑,1942,,50,
福田区,福保街道,裕康时尚名居,3600,,116,
罗湖区,南湖街道,敦信大厦,1943,,94,
南山区,沙河街道,纯水岸七期,3901,,193,
福田区,华富街道,神彩苑,2430,,88,
福田区,福保街道,京隆苑,3229,,83,
罗湖区,翠竹街道,宝安外贸大厦,1532,71,,
罗湖区,东门街道,蛟湖路九号大院,1076,76,,
盐田区,梅沙街道,海语东园,2898,52,,
福田区,南园街道,五邑大厦,2132,,104,
福田区,福田街道,福星花园大厦,4006,,89,
福田区,莲花街道,景茗苑,2133,97,,
宝安区,新安街道,德邻雅筑苑,3673,,58,
罗湖区,东门街道,嘉年华名苑,1751,,99,
光明区,公明街道,宏汇阁,2062,35,,
南山区,粤海街道,凯丽花园,3821,86,,
盐田区,海山街道,深沙大楼,3602,46,,
罗湖区,笋岗街道,笋岗仓库综合楼,1391,60,,
南山区,南山街道,福满园,3824,,80,
福田区,华富街道,武警七支队住宅楼,2591,86,,
盐田区,盐田街道,泊郡雅苑,4153,,52,
南山区,粤海街道,浪琴屿花园,3825,,105,
宝安区,沙井街道,万科翡御郡府,3515,,51,
龙岗区,吉华街道,中南明珠苑,1259,,64,
坪山区,坪山街道,坪山招商花园城一期,3276,,40,
宝安区,新安街道,兰花苑,2546,50,,
龙岗区,布吉街道,满庭芳,1394,,48,
福田区,福田街道,紫光名苑,2053,,102,
福田区,福田街道,赛格绿茵阁,2054,,92,
南山区,蛇口街道,湾厦福园,3769,,75,
宝安区,西乡街道,鸣乐中心,2127,56,,
福田区,莲花街道,碧景园,3514,84,,
南山区,南山街道,鸿瑞花园三期,3770,,103,
罗湖区,翠竹街道,竹园东区,1805,71,,
福田区,莲花街道,擎天华庭,4000,,95,
罗湖区,东湖街道,东湖豪庭,1599,,80,
南山区,招商街道,招银小区,3826,78,,
福田区,福田街道,金怡华庭,2516,,112,
龙华区,民治街道,金地梅陇镇一期,1260,,59,
南山区,蛇口街道,四海公寓,3249,,117,
福田区,莲花街道,安柏丽晶园,3503,,99,
南山区,南头街道,馨荔苑,3362,,89,
龙华区,龙华街道,锦绣御园一期,1395,,58,
南山区,南头街道,绿海名都,3356,,99,
罗湖区,翠竹街道,虹楼,3993,,99,
罗湖区,黄贝街道,锦缘里嘉园,1806,,108,
福田区,沙头街道,福宇轩,2517,,80,
罗湖区,东晓街道,太阳新城,1456,99,79,
罗湖区,黄贝街道,建筑设计院住宅楼(罗湖),1856,72,,
南山区,南山街道,美丽湾商住楼,3827,,119,
坪山区,坪山街道,万科金域缇香花园一期,2155,,43,
光明区,光明街道,深房传麒山西区,4270,,56,
南山区,蛇口街道,建行综合楼,4047,75,,
龙华区,龙华街道,金侨花园,1593,43,,
龙华区,大浪街道,桂冠华庭,1396,52,46,
龙岗区,布吉街道,友联花园,1397,49,,
南山区,南头街道,南山统建商住楼,3363,85,,
南山区,南头街道,关口村人民医院住宅楼,3374,69,,
罗湖区,莲塘街道,莲通楼,862,42,,
福田区,福保街道,信托花园,2136,87,95,
龙岗区,龙城街道,美利达新村,863,38,,
龙岗区,园山街道,水晶之城一期,865,41,,48
龙华区,龙华街道,龙股商住楼,1676,49,,
罗湖区,南湖街道,国晖大厦,921,,78,
福田区,沙头街道,蜜园,2790,,105,
南山区,招商街道,海月花园三期,3852,,105,
宝安区,新安街道,安华公司住宅楼,2329,54,,
福田区,福田街道,海悦华城,4267,,86,
南山区,桃源街道,桑泰丹华园三期,3853,,83,
福田区,福保街道,明月花园,2507,89,80,
南山区,南山街道,华昌大厦,3682,73,,
南山区,南山街道,丰泽园,3342,76,,
南山区,粤海街道,浪琴半岛花园,3343,,237,
罗湖区,翠竹街道,沁芳名苑,1513,,93,
福田区,福保街道,众孚新村,2137,88,,
南山区,粤海街道,龙城花园大厦,3415,,91,
宝安区,新安街道,汇宝苑,2138,55,,
福田区,福田街道,建行宿舍楼(福田),2431,81,,
福田区,福田街道,运输局住宅楼,2173,79,,
南山区,南山街道,金晖大厦,3375,,101,
南山区,粤海街道,滨福世纪广场,3376,138,,
坪山区,坪山街道,万科金域缇香花园二期,3722,,43,
龙华区,民治街道,中航天逸花园,1417,,81,
龙华区,龙华街道,幸福城润园三期,1418,,74,
宝安区,西乡街道,名城花园,2176,56,,
龙岗区,吉华街道,金域中央花园一期,971,,65,
龙华区,龙华街道,龙腾阁(龙华),1169,58,,
福田区,香蜜湖街道,温馨家园,2175,,109,
罗湖区,南湖街道,河东苑,1416,79,,
龙岗区,南湾街道,黄金苑,1168,52,,
罗湖区,东湖街道,金泰名苑,1487,,67,
福田区,华强北街道,桑达雅苑,2791,,100,
南山区,招商街道,海琴苑,3358,105,,
罗湖区,南湖街道,流花医院宿舍楼,1648,65,,
光明区,马田街道,天汇时代花园二期,3833,,52,
龙华区,民治街道,深国际万科和雅轩,1165,,68,
南山区,南山街道,向南瑞峰花园（商品住房）,3359,,124,
盐田区,沙头角街道,公安园林路住宅楼,2923,45,,
福田区,莲花街道,景田北,3334,90,,
福田区,福田街道,皇岗花园大厦,2499,,85,
罗湖区,笋岗街道,华垦宿舍,1180,61,,
宝安区,新安街道,富通苑,2792,,62,
南山区,南头街道,云栖西岸阁,3357,,111,
宝安区,新安街道,都市翠海华苑,4147,,101,
龙岗区,龙城街道,紫薇花园西区,842,34,,
福田区,福田街道,彩福大厦,3393,,93,
南山区,沙河街道,中信红树湾花城,4179,146,148,
龙岗区,布吉街道,怡康家园,1892,,65,
南山区,招商街道,玫瑰园小区,3854,83,,
光明区,公明街道,"福盈中央山花园北区
（商品住房）",2500,,48,
南山区,蛇口街道,南玻花园,3350,64,,
南山区,南山街道,向南西海花园,3344,,82,
福田区,梅林街道,福兴花园二期,3428,,82,
福田区,沙头街道,国都高尔夫一期,2527,,92,
南山区,南山街道,金田花园,3340,80,,
龙岗区,坂田街道,和成世纪名园,1512,,69,
南山区,南山街道,前海明珠,3341,,101,
盐田区,盐田街道,裕宏园,2953,59,,
盐田区,沙头角街道,园林综合楼(盐田),2954,58,,
宝安区,新安街道,登科花园,1978,62,59,
南山区,蛇口街道,宏宝花园,3830,90,,
罗湖区,清水河街道,道路公司住宅,1369,54,,
南山区,南山街道,海王花园,3271,60,,
南山区,粤海街道,信和自由广场,3876,,100,
福田区,莲花街道,馨庭苑一期,2552,89,,
南山区,南头街道,缤纷年华家园,3822,,102,
宝安区,新安街道,华翔居,2931,55,,
大鹏新区,大鹏街道,璞岸花园二期,2154,,48,
福田区,莲花街道,中银花园,2051,,84,
宝安区,石岩街道,农艺大厦,2122,26,,
盐田区,盐田街道,金水湾御园,2973,,60,
龙岗区,龙城街道,新鸿进花园,1693,38,,
南山区,招商街道,翠谷居,3751,,110,
南山区,南山街道,荔园大厦,3575,,84,
南山区,招商街道,蓝月湾畔,3752,,104,
南山区,沙河街道,世纪村,3330,,112,
罗湖区,黄贝街道,海富花园,1370,,72,
福田区,福田街道,知本大厦,2868,,105,
宝安区,福永街道,永利大厦,4072,,43,
福田区,福保街道,高发住宅楼,2548,90,,
福田区,香蜜湖街道,香山美树苑,3227,,108,
盐田区,海山街道,海天明月居,3594,,50,
福田区,南园街道,长虹楼,2553,80,,
福田区,南园街道,乐安苑,2425,86,,
福田区,莲花街道,城投青莲公寓,2668,,120,
罗湖区,莲塘街道,华景园别墅南区,908,,,115
龙岗区,平湖街道,平湖满庭芳,1747,36,34,
龙华区,龙华街道,金玲花园,1573,48,,
大鹏新区,大鹏街道,滨海阳光园,2599,,48,
龙岗区,南湾街道,文峰华庭,1258,,56,
南山区,沙河街道,香山里花园三期,3245,,138,
罗湖区,莲塘街道,景福花园一期,907,46,,
福田区,福保街道,博伦花园,2050,,80,
宝安区,新安街道,裕安楼,2935,52,,
宝安区,西乡街道,华海雅苑,2936,,79,
宝安区,新安街道,宝乐花园,2513,59,,
宝安区,西乡街道,同富住宅楼,2514,42,,
福田区,华富街道,紫玉花园,2515,,89,
罗湖区,清水河街道,金碧苑,3990,67,61,157
福田区,香蜜湖街道,瀚盛花园,2059,,108,
龙岗区,龙城街道,阅山公馆,838,,49,
福田区,梅林街道,上梅林综合楼,2724,72,,
南山区,南头街道,方鼎华庭,3692,,96,
罗湖区,东门街道,黎明大院,1408,69,,
南山区,蛇口街道,海湾广场,3354,,84,
福田区,华强北街道,汽车大院,3547,89,,
福田区,莲花街道,俊景豪园,3511,,90,
南山区,南山街道,心语家园,3693,,103,
龙岗区,龙城街道,睿智华庭,905,,49,
宝安区,西乡街道,中熙香缤山花园,3999,,68,
宝安区,新安街道,广信花园,1980,70,64,
南山区,蛇口街道,港湾花园,3772,98,93,
福田区,南园街道,御河堤花园,2131,,122,
龙岗区,坂田街道,第五园二期,1510,,65,70
罗湖区,东晓街道,东兴大院,1672,63,,
龙岗区,园山街道,横岗花半里雅筑,896,,48,
龙岗区,园山街道,荷康花园,1341,,54,
盐田区,盐田街道,天利明园,2971,,53,
罗湖区,东湖街道,宝湖名园,4135,,64,
福田区,福保街道,祥韵苑,2797,,97,
南山区,沙河街道,世界花园米兰居,3773,84,,
龙岗区,南湾街道,南景豪庭,1925,,61,
罗湖区,黄贝街道,亚百利商住楼,3964,62,,
罗湖区,笋岗街道,裕华小区,4123,60,,
龙华区,民治街道,阳光新境园,1853,,63,
盐田区,盐田街道,沙岗圩20号商住楼,3493,52,,
罗湖区,黄贝街道,东方都会大厦,1854,,101,
罗湖区,莲塘街道,萃峰阁,1104,,44,
龙岗区,龙城街道,碧湖康馨园,909,34,,
南山区,招商街道,鸣溪谷,3355,,118,
福田区,华强北街道,航苑大厦,2052,,105,
罗湖区,清水河街道,清水河二路5号,1393,48,,
罗湖区,笋岗街道,时尚新居,1922,,90,
罗湖区,翠竹街道,贝丽花园,1923,72,,
龙华区,龙华街道,江南华府,1571,,50,
福田区,福保街道,南光名仕苑,2549,,88,
福田区,沙头街道,新洲苑,3736,,74,
福田区,华强北街道,阁林网苑,2550,,104,
南山区,南头街道,物资公司住宅楼(南山),1674,74,,
龙岗区,布吉街道,茂宝大厦,1230,,42,
龙岗区,平湖街道,联发商厦,1703,,30,
南山区,粤海街道,莱英花园,4163,81,,
宝安区,西乡街道,槟城西岸华庭,2669,,85,
福田区,园岭街道,计生中心综合楼,2219,78,,
大鹏新区,南澳街道,南澳湾花园,3277,35,,
宝安区,沙井街道,万科翡悦郡园,4039,,51,
福田区,沙头街道,新沙中学宿舍,4261,72,,
南山区,桃源街道,学城绿园,4065,66,,
罗湖区,翠竹街道,深华丽园,1847,,79,
福田区,莲花街道,宝莲大厦,3502,,73,
南山区,沙河街道,纯水岸十一期,3047,,,305
龙岗区,龙岗街道,承翰陶源花园,904,,37,
福田区,福田街道,国皇大厦,2123,,78,
盐田区,沙头角街道,蓝田壹站华苑,2974,,78,
福田区,福田街道,皇岗星河华居,2124,,91,
南山区,蛇口街道,科力综合楼,3364,85,,
罗湖区,东门街道,翠湖小区,1803,64,,
罗湖区,东门街道,缤纷时代家园,1804,,97,
龙岗区,南湾街道,桂芳园四期,1371,,59,
南山区,沙河街道,纯水岸十四期,3529,,223,
罗湖区,南湖街道,庐山花园,3991,,81,
龙岗区,龙城街道,鸿基花园二期,4218,35,39,
罗湖区,笋岗街道,虹桥星座大厦,1746,,104,
福田区,福保街道,福源花园三期,2670,,85,
福田区,福田街道,兰亭居,2671,82,,
罗湖区,笋岗街道,源兴居,1748,,82,
罗湖区,清水河街道,东翠花园,1749,56,,
南山区,沙河街道,香山里花园一期,3246,,105,
福田区,福田街道,嘉汇新城,3998,,106,
福田区,华富街道,宏安苑,2327,,90,
南山区,南头街道,艺华花园,3170,90,,
宝安区,福永街道,经发楼,3214,,27,
福田区,沙头街道,宝鸿苑,2033,,87,
南山区,西丽街道,天悦湾花园,3823,,104,
龙华区,龙华街道,幸福城润园一期,1855,,67,
龙华区,民治街道,滢水山庄二区,1578,57,,
福田区,沙头街道,红树家邻名苑,1981,111,120,
罗湖区,莲塘街道,富达花园,910,57,,
罗湖区,翠竹街道,中南大院(中南公司小区),4248,69,,
南山区,粤海街道,碧海天家园,2014,,99,
福田区,沙头街道,朗晴馨洲,2798,,97,
南山区,粤海街道,城市山谷花园,3774,,112,171
南山区,蛇口街道,南苑小区,4095,74,,
罗湖区,东晓街道,东晓花园,1750,59,,
福田区,福保街道,众孚大厦,2799,,83,
光明区,马田街道,宏发嘉域花园二期,2168,,49,
龙岗区,坂田街道,月朗苑,1808,,60,
福田区,园岭街道,鹏益花园,2800,,83,
罗湖区,东门街道,一品东门雅园,4122,,107,
福田区,香蜜湖街道,香雅园,2063,,120,
罗湖区,莲塘街道,鹿茵翠地,912,53,65,
龙岗区,布吉街道,百合山庄,1784,57,56,
福田区,梅林街道,凯丰花园二期,2064,,104,
南山区,蛇口街道,曙光花园,3247,77,,
宝安区,西乡街道,鸿隆广场,1982,,87,
南山区,蛇口街道,太古城花园北区,3248,,164,
罗湖区,黄贝街道,深发花园,1807,,75,
南山区,南头街道,水产综合楼,2988,73,,
龙华区,龙华街道,花园新村,1924,45,,
福田区,沙头街道,福瑞阁,3733,,83,
福田区,福田街道,福田住宅楼,3816,84,,
福田区,华强北街道,桑达南区,2806,87,,
福田区,南园街道,沙浦头康乐中心,3148,82,,
福田区,沙头街道,元盛兴苑,1979,73,,
宝安区,新安街道,金成时代家园,2121,,79,
福田区,莲花街道,深业花园,3512,,118,
福田区,香蜜湖街道,竹盛花园二期,2932,,96,
福田区,华富街道,园林小区,2933,76,,
福田区,华富街道,莲花一村,3425,88,90,
罗湖区,莲塘街道,聚宝花园,1624,55,56,
福田区,莲花街道,香蜜湖唯珍府,4026,,99,184
宝安区,新安街道,易达大厦,2551,,82,
宝安区,西乡街道,嘉华花园东区,3391,49,,
罗湖区,黄贝街道,华裕花园,1372,,73,
罗湖区,桂园街道,宝泉庄,1373,,74,
坪山区,坑梓街道,丹梓龙庭,3275,,31,
福田区,莲花街道,长景阁,2021,,70,
福田区,福田街道,润恒大厦,4005,,112,
罗湖区,莲塘街道,鹏兴花园三期,906,,73,
罗湖区,南湖街道,宏丰大厦,1374,,78,
南山区,粤海街道,漾日湾畔,3353,,116,
盐田区,盐田街道,和亨中心广场,2952,,59,
福田区,莲花街道,侨福大厦,3483,,112,
龙华区,大浪街道,和平里花园二期,1360,,67,
龙岗区,南湾街道,中城康桥花园一期,1662,49,46,
罗湖区,莲塘街道,梧桐山新居二期,913,,76,
福田区,沙头街道,绿景花园二期,2125,,104,
宝安区,新安街道,花样年花郡家园,2126,,118,
福田区,莲花街道,香蜜三村,3513,,82,
福田区,沙头街道,全海花园,3609,,86,
龙岗区,龙城街道,欧景城华庭南区,894,,35,
宝安区,福永街道,万科金色领域花园一期,575,,54,
福田区,福保街道,星座大厦,2060,,121,
龙岗区,龙城街道,雅庭名苑,911,36,,
宝安区,新安街道,高发西岸花园,2061,,82,
罗湖区,桂园街道,岭南石化住宅楼,1237,70,,
盐田区,海山街道,碧海蓝天明苑,3617,,61,
福田区,福保街道,绿洲丰和家园,2651,,117,
福田区,沙头街道,华海小区,2749,67,,
福田区,福田街道,庆典大厦,2801,,93,
罗湖区,莲塘街道,仙湖明居,839,,73,
福田区,香蜜湖街道,香榭里紫园,2802,,120,
罗湖区,清水河街道,宝明苑,4253,56,,
福田区,南园街道,赤尾村,3759,64,,
福田区,福田街道,防疫站住宅楼,2303,86,,
宝安区,福永街道,星航华府一期,3839,,60,
罗湖区,南湖街道,德兴大厦,1381,,109,
盐田区,盐田街道,深大书香文苑,4159,,47,
福田区,福田街道,天泽花园,2505,,92,
宝安区,西乡街道,雅涛花园,3633,64,,
罗湖区,桂园街道,松园南五巷,1430,70,,
龙岗区,龙城街道,奥林华府二期,860,,52,
罗湖区,莲塘街道,鹏兴花园五期,861,,66,
宝安区,新安街道,深宝花园一期,2789,65,,
福田区,福田街道,嘉麟豪庭,3538,,98,
龙华区,龙华街道,丹枫雅苑,1313,,68,
南山区,桃源街道,龙都花园,4178,72,,
南山区,南头街道,明舍御园,3850,,91,
福田区,莲花街道,润鹏花园,2497,,70,
宝安区,西乡街道,圣源华庭,2498,,67,
南山区,粤海街道,招商名仕花园,3851,96,,
福田区,福田街道,福田大厦,2214,,84,
福田区,香蜜湖街道,枫丹雅苑,2506,,89,
龙岗区,龙城街道,禾田世居,846,,42,
南山区,桃源街道,龙联花园,3372,73,,
南山区,南头街道,常兴苑,3373,72,87,
罗湖区,东门街道,金兴公寓,1414,71,,
罗湖区,莲塘街道,莲塘第一工业区,880,55,,
龙岗区,南湾街道,鸿润豪苑,1415,,50,
福田区,香蜜湖街道,香蜜湖豪庭,2714,,131,
福田区,莲花街道,橄榄绿洲家园,2715,,115,
福田区,莲花街道,景尚雅苑,3209,,113,
福田区,梅林街道,嘉梅住宅,2716,66,,
龙岗区,龙城街道,嘉欣园,867,,35,
龙华区,龙华街道,新华苑一期,591,47,,
罗湖区,黄贝街道,景贝北小区,1005,73,,
罗湖区,桂园街道,港岛银座大厦,588,,101,
盐田区,沙头角街道,天丰公寓,2924,51,,
南山区,招商街道,星发楼,1986,,96,
罗湖区,黄贝街道,海关三院(黄贝),589,62,,
龙岗区,龙岗街道,特丰综合楼,1099,26,,
罗湖区,桂园街道,金园大厦,590,,96,
南山区,沙河街道,桂苑小区,1987,86,,
福田区,莲花街道,紫薇阁,2700,,93,
福田区,福田街道,云顶翠峰花园三期,2528,,100,
福田区,莲花街道,景秀年华家园,3674,,93,
宝安区,航城街道,领航城领翔华府,3583,65,65,
龙岗区,龙城街道,和兴花园三期,847,35,35,
宝安区,西乡街道,天骄世家,3584,52,57,
罗湖区,桂园街道,华特大院,4121,72,,
罗湖区,黄贝街道,龙园苑,1420,,79,
罗湖区,东湖街道,布心逸心苑,1311,,76,
龙岗区,龙岗街道,长海雅园,844,38,,
福田区,莲花街道,天明居,2008,,89,
宝安区,新安街道,中洲华府一期,2751,,109,
福田区,沙头街道,都市阳光名苑,2493,,109,
罗湖区,黄贝街道,黄贝岭华侨新村,1811,55,,
南山区,招商街道,东滨华苑,3377,,85,
福田区,梅林街道,福丰楼,4004,74,,
宝安区,新安街道,名门华府,2177,,105,
光明区,公明街道,南星大厦,3681,,28,
福田区,莲花街道,紫荆苑,3509,91,89,
龙岗区,坂田街道,阳光第五季花园,1382,,63,
龙华区,龙华街道,锦绣御园三期,1383,,69,
福田区,福保街道,宏轩大厦,2134,,119,
南山区,南山街道,富嘉名阁,4053,,79,
福田区,沙头街道,揽翠阁,2494,88,,
龙岗区,龙城街道,水蓝湾园,840,,47,
罗湖区,莲塘街道,惠名花园,4181,51,,
坪山区,坑梓街道,金田风华苑,4010,,35,
龙华区,民治街道,梅花新园,1378,,62,
福田区,莲花街道,茂恒园,2501,89,86,
南山区,蛇口街道,雍景轩,3855,,86,
龙岗区,南湾街道,泰阳金桔苑,1949,37,,
罗湖区,东门街道,世濠大厦,1421,,67,
南山区,蛇口街道,湾厦德园,3382,88,,
龙岗区,龙城街道,愉园新村,864,31,33,
南山区,南山街道,康乐园,3457,83,,
宝安区,西乡街道,七十五区商住楼,2135,52,,
龙岗区,龙城街道,深港花园(龙岗),1553,33,,
罗湖区,东晓街道,绿茵庭苑,1600,61,,
罗湖区,南湖街道,东乐宿舍楼,1540,62,,
罗湖区,笋岗街道,田华楼,1605,48,,
罗湖区,翠竹街道,粮食集团住宅楼,1410,71,,
南山区,桃源街道,半山翠林花园,3856,,97,
福田区,福保街道,宏欣豪园,2502,,167,
宝安区,新安街道,融景园,2529,,62,
南山区,南山街道,泛海拉菲花园二期,3345,,90,
福田区,香蜜湖街道,建业大厦,2530,,89,
南山区,沙河街道,佛山街,3858,90,,
南山区,南山街道,海典居,2013,,84,
罗湖区,桂园街道,能源宿舍,1084,66,,
龙岗区,平湖街道,特力商厦,1809,25,,
龙岗区,吉华街道,龙富花园(布吉),3963,40,,
宝安区,新安街道,百合苑,2787,52,,
南山区,沙河街道,世界花园雅典居,2975,84,,
罗湖区,南湖街道,国旅宿舍,918,69,,
福田区,莲花街道,缔梦园一期,3464,,113,
罗湖区,黄贝街道,环岛丽园,919,,90,
南山区,蛇口街道,紫藤苑,3346,,175,
福田区,莲花街道,时代华庭,3467,,83,
罗湖区,莲塘街道,公交梧桐苑,983,,52,
罗湖区,东门街道,金家综合楼,1419,70,,
南山区,南山街道,南油福园,3545,75,,
宝安区,新安街道,深宝花园二期,2725,64,,
罗湖区,南湖街道,新苑小区,1409,71,,
福田区,华强北街道,中航北苑大厦,2652,122,107,
龙岗区,布吉街道,闽侨大楼,1411,43,,
南山区,粤海街道,珑御府,3380,,170,
南山区,南山街道,雷圳碧榕湾名苑,3860,83,,
南山区,南山街道,常桂苑,4319,78,,
龙华区,民治街道,榕苑,1894,56,,
福田区,园岭街道,盛世鹏程花园,3399,,99,
龙岗区,坪地街道,融富花园二期,841,29,,
福田区,福田街道,京海花园,4073,,91,
福田区,沙头街道,国都高尔夫二期,2965,,96,
罗湖区,桂园街道,广东省军区大院,1182,65,,
罗湖区,翠竹街道,粤海新村,3952,66,,
罗湖区,东门街道,蛟湖路34号住宅楼,1379,73,,
南山区,桃源街道,城市假日花园,3378,83,80,
福田区,香蜜湖街道,香荔花园,3732,107,105,
福田区,梅林街道,尚书苑,2793,,104,
福田区,沙头街道,福昌苑,2794,,79,
南山区,沙河街道,纯水岸六期,3437,,,260
龙岗区,平湖街道,凤冠华庭,972,,42,
宝安区,新安街道,四十五区综合市场楼,4292,56,,
宝安区,西乡街道,绿海名苑,2747,,76,
盐田区,沙头角街道,嘉信蓝海华府,2899,,86,
南山区,招商街道,景园大厦(南山),3775,,77,
南山区,南山街道,山水情家园,3348,87,90,
龙岗区,布吉街道,名城国际广场,1380,47,50,
罗湖区,莲塘街道,鸿景翠峰花园,845,,70,
福田区,沙头街道,天安数码城,544,129,,
宝安区,航城街道,怡宝花园,4171,48,,
南山区,粤海街道,南海花园,3371,,,105
罗湖区,清水河街道,环宇公司宿舍,1177,58,,
龙岗区,龙岗街道,鸿威鸿景华庭南区,982,,37,40
南山区,粤海街道,大冲城市花园,3857,,108,
罗湖区,桂园街道,西湖花园,1893,,65,
福田区,福田街道,雷圳大厦,2803,,95,
南山区,南头街道,南新大厦,3365,70,,
龙岗区,龙岗街道,九州家园一期,843,31,29,
福田区,梅林街道,通业大厦(通业花园),2503,,86,
福田区,南园街道,下步庙南区,3650,85,,
福田区,莲花街道,黄埔雅苑二期,2750,108,112,
罗湖区,东晓街道,今日家园,1312,,75,
盐田区,海山街道,保税区第二生活区,2900,54,,
福田区,华富街道,林业大厦,3608,61,,
龙岗区,坂田街道,旭景佳园一期,1275,57,57,
福田区,梅林街道,上梅华庭居,3891,,87,
龙华区,福城街道,金域九悦花园,1413,,47,60
宝安区,福永街道,时代景苑一期,2788,,43,
宝安区,新安街道,弘雅花园一期,4034,55,,
龙华区,观澜街道,观澜湖高尔夫大宅昆仕顿区,920,,,81
福田区,福田街道,福业大厦,2531,,89,
福田区,香蜜湖街道,佳泰兴苑,2532,,121,
福田区,香蜜湖街道,香蜜所住宅楼,2592,81,,
宝安区,西乡街道,玉湖湾花园,2650,,83,
福田区,福保街道,益田合正佳园,4030,,100,
南山区,南头街道,愉康大厦,3859,,82,
罗湖区,南湖街道,金源大厦,1274,,79,
龙岗区,龙城街道,佳盛园,859,,35,
南山区,南头街道,方卉园,3347,100,,
龙岗区,吉华街道,观山大卫华庭,1810,,59,
福田区,沙头街道,泰安轩,2492,,112,
盐田区,沙头角街道,商业外贸住宅楼,3494,53,,
龙岗区,南湾街道,金宝楼,1592,40,,
福田区,香蜜湖街道,振业翠海花园一期,2504,,122,
罗湖区,莲塘街道,松源大厦,876,48,,
福田区,梅林街道,新阁小区,3691,,86,
宝安区,航城街道,创富时代俊景园,2495,,45,
南山区,南山街道,缤纷假日豪园,3832,,90,
福田区,莲花街道,翔名苑,3507,,111,
福田区,梅林街道,华府馨居,3508,,118,
南山区,沙河街道,海景花园（商品住房）,3379,,96,
福田区,梅林街道,花里林居,2653,,98,
福田区,香蜜湖街道,浩铭财富广场,2748,,138,
福田区,园岭街道,百花园一期,2035,,111,
宝安区,石岩街道,佳华豪苑,3471,,46,
南山区,蛇口街道,雷公岭医院机关楼,3381,69,,
福田区,莲花街道,赛格景苑,3562,,91,
龙岗区,龙城街道,东都小区商住楼,1686,33,,
南山区,南头街道,前海金岸大厦,3862,,119,
南山区,招商街道,招干楼小区,3021,82,,
南山区,粤海街道,英伦名苑二期,3349,,98,
福田区,沙头街道,天安高尔夫海景花园,2496,,106,
龙岗区,南湾街道,公园里花园一期,3996,,60,
南山区,南头街道,金桃园一期,3339,,85,
宝安区,西乡街道,桃源居十六区,2220,,58,
罗湖区,笋岗街道,金丽花园一期,1007,58,,
罗湖区,莲塘街道,银通住宅综合楼,1554,51,,
坪山区,龙田街道,启兴配套生活区,4142,38,,
福田区,福田街道,嘉意台,2701,,93,
福田区,香蜜湖街道,俊安苑,2702,,119,
宝安区,新安街道,创业一村,3208,57,,
龙岗区,龙岗街道,远洋新干线荣域花园,745,,46,
龙岗区,布吉街道,怡瑞山居,1880,50,44,
南山区,沙河街道,香山里花园四期,2993,,120,
龙岗区,布吉街道,信和花园,1886,45,,
福田区,福田街道,上武楼,2719,82,,
龙岗区,平湖街道,茗萃园二期,573,,41,
南山区,蛇口街道,半岛城邦花园一期,3919,,131,
龙岗区,横岗街道,瑞泽佳园一期,1318,51,49,
罗湖区,翠竹街道,翠兰楼,1412,101,98,
龙华区,福城街道,珑门名苑,1792,,51,60
南山区,南头街道,前海花园,3646,85,88,
福田区,梅林街道,凯丰花园一期,2856,86,,
南山区,沙河街道,康佳苑,3546,,93,
南山区,粤海街道,育德佳园一期,2707,103,104,
龙岗区,宝龙街道,中信龙盛广场（商品住房）,870,,40,
福田区,香蜜湖街道,听泉居,3741,,105,
龙华区,龙华街道,东源阁,1528,44,,
龙岗区,龙城街道,颐安都会中央花园,746,,51,
福田区,福田街道,万景花园,4035,,82,
福田区,福田街道,御庭园,2838,,99,
盐田区,沙头角街道,海天园,2636,49,,
福田区,梅林街道,凯伦花园,2857,134,,
福田区,香蜜湖街道,创意侨园,4036,,92,
南山区,招商街道,前海丹华园,3844,,88,
大鹏新区,大鹏街道,龙岭花园,4008,33,,
龙华区,龙华街道,泰华新村,1882,55,,
福田区,福田街道,伟柏花园,2829,,90,
南山区,蛇口街道,千叶苑,3906,87,,
罗湖区,东晓街道,崇德雍翠华府,1669,,87,
福田区,华强北街道,玮鹏花园,2720,,101,
福田区,福田街道,中海华庭,2721,,139,
盐田区,盐田街道,山海四季花园,3310,,62,
福田区,华强北街道,东方时代广场,2828,,121,
龙岗区,吉华街道,金湖星苑,1946,48,,
南山区,南山街道,中海丽苑,3907,,86,
福田区,莲花街道,万托家园,3070,,102,
宝安区,松岗街道,集信大厦,2830,,32,
福田区,福保街道,众孚花园,2835,81,,
南山区,招商街道,半山海景·兰溪谷二期,3366,,124,215
盐田区,沙头角街道,环城路东小区,2927,56,,
龙岗区,横岗街道,东城中心花园二期（商品住房）,1701,,57,
宝安区,松岗街道,松盛大厦,2737,35,,
福田区,园岭街道,圆龙园,2834,,115,
龙华区,观湖街道,银江春晓家园,1958,,53,
龙岗区,园山街道,凤凰山庄,1555,55,,
大鹏新区,南澳街道,凯旋湾花园,2227,,,85
龙岗区,宝龙街道,中骏蓝湾翠岭花园一期,747,,38,
南山区,南山街道,万象新园,3765,,103,
宝安区,新安街道,富通好旺角二期,2858,,81,
宝安区,西乡街道,财富港大厦,3212,,67,
福田区,梅林街道,中康生活区,3744,73,,
南山区,南头街道,前海东岸花园,3473,,103,
南山区,沙河街道,侨城东街,3599,89,,
龙岗区,龙城街道,翡翠明珠花园(龙城),750,39,,
罗湖区,翠竹街道,万事达名苑二期,1881,,90,
大鹏新区,葵涌街道,家天下花园,2429,,37,
罗湖区,翠竹街道,文康楼,1310,,80,
罗湖区,莲塘街道,祥和花园一期,868,,63,
罗湖区,翠竹街道,万事达名苑一期,592,,85,
南山区,粤海街道,云海天城世家,3103,,91,
盐田区,沙头角街道,三家店住宅楼,2925,54,,
福田区,莲花街道,华茂欣园,3533,,89,
福田区,福田街道,英协大厦,2330,,70,
福田区,梅林街道,阳光天下花园,2166,,115,
罗湖区,南湖街道,东方皇宫,1008,,87,
福田区,南园街道,松岭路39号大院,3337,79,,
福田区,莲花街道,康欣园,3408,,79,
南山区,南山街道,怡园大厦,1984,,75,
罗湖区,黄贝街道,自来水住宅楼,1673,69,,
罗湖区,黄贝街道,罗芳雅苑(罗芳污水处理厂),4311,60,,
南山区,南山街道,地铁前海时代广场,2012,,97,
宝安区,新安街道,华厦楼,2699,35,,
罗湖区,笋岗街道,洪湖一街5号大院,1006,59,,
宝安区,新安街道,佳华锦苑,2190,,53,
龙岗区,横岗街道,信义锦绣花园,869,,49,
南山区,粤海街道,深蓝公寓,3126,,135,
南山区,南头街道,华侨新村(南山),3029,77,,105
龙岗区,布吉街道,可园三期,973,,66,
福田区,沙头街道,湖北宝丰花园,2795,79,,
南山区,粤海街道,创世纪滨海花园,4139,,101,
福田区,福田街道,华景花园大厦,4031,,86,
龙岗区,坂田街道,太阳雨家园,974,,64,
福田区,福田街道,福祥街住宅楼,2189,84,,
宝安区,西乡街道,香格丽湾园二期,2796,,83,
南山区,招商街道,榆园二期,3051,83,,
龙华区,民治街道,中海锦城花园北区,1110,,79,
龙华区,大浪街道,可乐园,636,62,,
南山区,西丽街道,鼎胜金域世家豪园,1988,,100,
罗湖区,莲塘街道,名骏豪庭,866,,69,
福田区,福田街道,港城华庭,2703,,96,
南山区,南头街道,愉康花园,1985,90,,
福田区,福田街道,高科利花园大厦,3632,,83,
罗湖区,南湖街道,荣兴大厦(罗湖),4098,,73,
龙华区,观湖街道,仁山智水花园一期,1796,,52,59
福田区,南园街道,万德居,2738,,84,
龙岗区,横岗街道,梧桐花园,1709,30,,
福田区,南园街道,锦龙花园,2833,,91,
南山区,南头街道,丽乐美居,3235,98,,
坪山区,马峦街道,京基御景印象家园四期,2198,,39,
福田区,福保街道,东方欣悦居,2837,,107,
龙岗区,宝龙街道,东鸿雅居,744,,31,
龙岗区,布吉街道,万隆苑,1798,47,,
宝安区,新安街道,景富苑,2566,56,54,
南山区,粤海街道,宏观苑,3586,,93,
龙岗区,布吉街道,世纪华厦,1885,,56,
龙岗区,龙城街道,余岭山庄,751,33,,
龙岗区,布吉街道,国展苑,3980,,56,
龙岗区,布吉街道,加洲花园,1315,55,,
宝安区,福永街道,福华大厦,3386,,28,
福田区,香蜜湖街道,育星苑,2861,79,,
罗湖区,翠竹街道,阳光绿地家园,1083,,95,
罗湖区,东晓街道,长富花园,1210,71,,
福田区,福保街道,南光紫荆苑,2945,,93,
龙华区,龙华街道,中环阁,1211,48,,
罗湖区,桂园街道,碧波楼,1587,64,,
盐田区,梅沙街道,梅沙办事处住宅楼,3485,49,,
福田区,华强北街道,金茂礼都,2559,,122,
南山区,西丽街道,深丽苑阁,3239,,76,
罗湖区,南湖街道,向西综合楼,1545,70,,
盐田区,沙头角街道,梅花楼,4157,50,,
龙岗区,布吉街道,金运花园,1185,36,,
福田区,福田街道,福涛东园,2862,,97,
福田区,莲花街道,景蜜村,2863,84,,
南山区,蛇口街道,蛇口渔港综合楼,3254,67,,
福田区,香蜜湖街道,深南中学家属楼,4313,82,,
盐田区,海山街道,翠堤雅居,2638,,58,
宝安区,新安街道,勤诚达和园悦园乐园,2946,,91,
龙岗区,坂田街道,佳兆业中央广场三期,1212,,65,
光明区,公明街道,"福盈中央山花园南区
（商品住房）",2947,,47,
大鹏新区,大鹏街道,佳兆业假日广场（商品住房）,4009,,49,
南山区,招商街道,招北综合楼,3216,97,,
南山区,沙河街道,世界花园海华居,3217,,85,
福田区,莲花街道,五洲星苑,3201,,119,
福田区,莲花街道,天一名居,2560,,92,
福田区,莲花街道,锦文阁,3230,,94,
福田区,莲花街道,聚豪园,3526,,97,
福田区,福田街道,皇都广场,3204,,85,
罗湖区,南湖街道,粤海花园,1294,,75,
盐田区,盐田街道,南方明珠花园一期,2854,42,,
南山区,粤海街道,东海万豪广场,3262,113,,
福田区,梅林街道,福达苑,3737,68,,
龙岗区,园山街道,水晶之城三期,818,41,41,
宝安区,新安街道,雅仕阁,2937,,65,
福田区,华富街道,黄木岗北区,4049,75,,
宝安区,新安街道,建安花园,3198,59,,
南山区,南头街道,荔林春晓小区,3218,,93,
龙岗区,园山街道,水晶之城二期,848,42,40,52
宝安区,西乡街道,白金假日公寓,3202,,110,
龙华区,民治街道,星河盛世花园二期,1601,,85,
南山区,蛇口街道,倚园大厦,3240,92,,
福田区,莲花街道,东景花园,3203,,83,
龙岗区,龙城街道,嘉亿爵悦,4212,,43,
南山区,招商街道,兰园商住楼,3263,,70,
龙岗区,龙城街道,天健花园一期(龙岗),1472,39,,
龙岗区,吉华街道,阳光花园三期,1713,47,49,
罗湖区,莲塘街道,四季御园,1186,,79,
龙岗区,龙城街道,万科天誉花园一期,752,,49,
宝安区,西乡街道,海涛居,2957,72,,
福田区,福保街道,江南名苑,2958,,78,
龙岗区,坂田街道,上品雅园,1214,,63,
南山区,桃源街道,香榭峰景苑,3242,,98,
龙岗区,布吉街道,灏景明苑二期,1213,,60,
福田区,华富街道,乐山居,3525,68,,
罗湖区,笋岗街道,笋岗大厦,1466,,61,
罗湖区,桂园街道,松园小区,1428,79,,
南山区,粤海街道,佳嘉豪苑,3481,,110,
福田区,莲花街道,民华大厦,2948,,116,
南山区,招商街道,海洋星苑,4162,,95,
龙华区,龙华街道,优品建筑,1254,55,50,
南山区,招商街道,蛇口花园城五期,3241,,113,
罗湖区,东湖街道,东安花园,1257,64,,
南山区,南山街道,中泰艺术名庭,3265,,140,
龙岗区,龙城街道,御府名筑花园,1436,,56,
龙岗区,龙城街道,欧景城华庭北区,793,39,36,
罗湖区,清水河街道,银田花园,1253,64,,
龙岗区,布吉街道,吉信大厦,1296,,47,
龙岗区,布吉街道,茂业城,1255,49,51,
龙岗区,布吉街道,知春里小区,1256,50,56,
南山区,南头街道,南头海关宿舍区,3543,82,,
罗湖区,东湖街道,东道苑,1617,60,,
罗湖区,翠竹街道,特力大厦,1295,,82,
南山区,南头街道,阳光荔景,3266,,98,
盐田区,盐田街道,金海雅居,2639,,43,
罗湖区,东门街道,耀华楼,1190,75,,
罗湖区,黄贝街道,碧中园,3957,,67,
宝安区,西乡街道,桃源居十二区,2567,49,49,
罗湖区,东门街道,塑和公园华府,1187,,165,
盐田区,沙头角街道,福苑,3033,,73,
龙华区,民治街道,春华四季园,4129,60,63,
罗湖区,清水河街道,华日花园,1188,,75,
龙岗区,布吉街道,文雅豪庭,1189,,49,
宝安区,福永街道,永恒怡馨苑,4161,,39,
南山区,桃源街道,桑泰丹华园二期,3183,,88,
龙岗区,园山街道,金色盛晖华庭,753,,40,
福田区,华强北街道,航天立业华庭,2959,,104,
罗湖区,莲塘街道,云景梧桐花园,1486,,81,150
宝安区,西乡街道,桃源居三区,3213,,55,
南山区,南山街道,汉京湾雅居,3182,,94,
宝安区,新安街道,深业新岸线二期,4188,,75,
南山区,蛇口街道,南水小区,3843,78,,
龙岗区,布吉街道,康达尔蝴蝶堡,1947,,63,
罗湖区,笋岗街道,嘉景苑,1948,89,95,
罗湖区,东门街道,128号大院,535,58,,
龙岗区,布吉街道,康达尔花园四期,1240,,56,
龙岗区,横岗街道,中海大山地花园北区,1106,,46,50
南山区,桃源街道,中爱花园,3127,,98,
大鹏新区,大鹏街道,滨海盛世名苑,2201,,34,
福田区,园岭街道,光纤小区(光纤工业小区),4286,85,,
南山区,沙河街道,侨洲花园,3762,93,,
福田区,沙头街道,中城天邑花园,3743,,115,
南山区,沙河街道,假日湾华庭,3763,,106,
龙岗区,布吉街道,康达尔花园一期,1858,,48,
福田区,园岭街道,八卦岭宿舍区,3595,71,,
龙岗区,龙岗街道,水岸新都四五期,1098,,35,45
南山区,南头街道,区委综合楼,3920,84,,
龙岗区,宝龙街道,金汐府,740,,39,
南山区,桃源街道,十五峯花园一期,3921,,137,
南山区,沙河街道,华侨城锦绣花园三期,3922,,101,
龙岗区,布吉街道,电联大厦,1955,35,,
南山区,桃源街道,俊峰丽舍花园,3917,,82,
龙华区,福城街道,金泽花园,1730,43,,
南山区,西丽街道,南国丽城花园,3678,,79,
龙华区,福城街道,芷峪澜湾花园（商品住房）,1464,,54,
龙岗区,吉华街道,中海怡翠山庄,4115,50,55,51
龙华区,福城街道,阳基御龙山家园,999,,51,
龙岗区,布吉街道,慢城四期,1388,,75,
坪山区,马峦街道,京基御景印象家园三期,2197,,38,
宝安区,新安街道,洪浪二村,2866,52,,
龙岗区,吉华街道,丽湖花园,3974,50,48,
南山区,桃源街道,丽岛茗园,3128,69,,
龙岗区,吉华街道,景华苑（商品住房）,1097,41,,
南山区,沙河街道,中新街住宅楼,3909,95,,
罗湖区,翠竹街道,太宁小区(太宁路147号),4260,56,,
大鹏新区,大鹏街道,东部明珠雅苑,2157,37,48,
龙华区,观湖街道,中航格澜郡一期,1801,65,45,68
龙华区,观湖街道,懿花园,1317,,51,57
龙岗区,南湾街道,尚峰花园,1504,,71,
龙岗区,南湾街道,岭宏健康家园,1797,,59,
福田区,梅林街道,大众公寓,3427,76,,
龙岗区,吉华街道,茵悦之生花园一期,1142,50,,
龙岗区,吉华街道,茵悦之生花园二期,1241,,51,
罗湖区,翠竹街道,马古岭小区,1242,64,,
盐田区,梅沙街道,东富大楼,2926,54,,
龙岗区,龙城街道,吉祥来花园,748,,44,
南山区,南头街道,前海天朗风清家园,3766,,101,
福田区,福保街道,金桂大厦,3480,,69,
南山区,招商街道,半岛花园A区,3764,80,,
龙岗区,吉华街道,茵悦之生花园三期,1799,,56,
福田区,华富街道,依山居,3605,,64,
南山区,南头街道,前海豪苑,3908,,110,
龙岗区,龙城街道,东森花园,1708,34,,
南山区,沙河街道,光侨街住宅区,3916,106,,
宝安区,西乡街道,圣淘沙骏园,2836,,80,
宝安区,新安街道,壹方商业中心二期,4283,,127,
福田区,沙头街道,金地海景花园,3664,84,89,
福田区,梅林街道,碧云天,3742,,97,
福田区,福保街道,中央花园,3210,,86,
宝安区,西乡街道,嘉华花园西区,2831,47,,
福田区,华富街道,信苑花园,4062,79,46,
福田区,梅林街道,健君园,2717,,95,
龙华区,龙华街道,华侨苑,1095,,,68
罗湖区,桂园街道,万科桂苑,1879,70,,
龙岗区,龙岗街道,水岸新都一期,749,33,32,40
龙岗区,龙岗街道,龙侨新村,1623,28,,
福田区,梅林街道,先科花园,2840,82,,
南山区,南头街道,华府花园,4094,90,,
罗湖区,翠竹街道,愉天小区,1653,82,,
龙岗区,龙城街道,德馨楼,742,35,,
盐田区,沙头角街道,梧桐山花园,3643,50,,
南山区,南山街道,华联花园,3677,80,82,
龙岗区,龙岗街道,龙园大观花园一期,1952,,43,
南山区,南山街道,华联城市山林花园二期,3918,,101,
龙华区,龙华街道,香缇雅苑,1731,,69,
龙岗区,南湾街道,和谐家园,1538,,71,
福田区,沙头街道,上沙综合市场住宅楼,4309,72,,
南山区,蛇口街道,万科蛇口公馆（商品住房）,3046,,124,
龙岗区,布吉街道,华浩源B区,1956,,41,
龙华区,大浪街道,悠山美地家园,1957,,57,
罗湖区,黄贝街道,峰景台大厦,1795,,64,
福田区,福田街道,恒运豪庭,3392,,106,
福田区,福田街道,辛诚花园,2718,96,99,
龙华区,观湖街道,仁山智水花园二期,1800,,49,63
龙岗区,坂田街道,天景山庄西区,1392,58,,
龙岗区,吉华街道,恒通工业城,1744,40,,
龙岗区,龙岗街道,水岸新都二期,1148,35,31,
龙岗区,龙岗街道,水岸新都三期,1702,,38,43
龙岗区,龙城街道,星河时代花园,743,61,60,66
南山区,南头街道,东方美地苑,3761,120,,
宝安区,新安街道,文汇学校家属楼,4298,51,,
南山区,南山街道,南山天源大厦,3845,,76,
南山区,蛇口街道,东帝海景家园,3831,,80,
罗湖区,翠竹街道,翠苑大厦,1342,,66,
福田区,园岭街道,南天二花园,3740,,100,
宝安区,福永街道,龙腾阁(福永),3777,33,,
宝安区,新安街道,润恒御园,2839,,,190
罗湖区,东门街道,鸿基东港大厦,1857,,75,
罗湖区,东门街道,都心名苑,1096,,95,
福田区,园岭街道,城市主场公寓,2558,,106,
宝安区,松岗街道,桂景园,3456,57,,45
福田区,华强北街道,华丽大院,2585,94,,
龙岗区,龙城街道,美地里园,871,,50,
龙岗区,龙岗街道,金地龙城中央（商品住房）,872,,46,
龙岗区,龙城街道,龙翔花园,873,35,,
南山区,南头街道,中山颐景花园二期,2989,100,,
福田区,香蜜湖街道,园博绿苑,2273,,101,
福田区,福保街道,加福广场,3211,,87,
福田区,福田街道,共和世家,3623,74,89,
福田区,福田街道,东怡大厦,2832,,83,
罗湖区,翠竹街道,湖景大厦,1249,,69,
罗湖区,桂园街道,大信大厦,1250,,62,
罗湖区,清水河街道,旭飞华天苑,1251,,94,
龙华区,大浪街道,潜龙曼海宁花园北区,1252,,86,
龙岗区,坪地街道,中航鼎尚华庭,984,,28,
福田区,香蜜湖街道,侨香村,3685,,113,
龙岗区,龙城街道,海逸雅居,634,37,35,
罗湖区,南湖街道,天俊大厦,1215,,95,
盐田区,海山街道,海天一色雅居,2681,,67,
南山区,蛇口街道,园景园名苑,3220,,100,
南山区,南头街道,彩虹居,3221,81,,
龙岗区,布吉街道,宝龙花园,1216,,38,
罗湖区,南湖街道,水运大厦,1515,,86,
罗湖区,黄贝街道,俊荣大厦,3951,90,,
南山区,南头街道,南山豪庭,3186,,90,
福田区,福保街道,丽港湾,2940,,95,
福田区,南园街道,怡静苑,2169,,87,
福田区,莲花街道,长城盛世家园二期,3730,,93,
盐田区,海山街道,蓝郡左岸花园,2637,,76,
宝安区,福海街道,深航幸福花园,2331,,45,
龙华区,民治街道,风和日丽花园二期,1884,54,,
福田区,沙头街道,嘉洲豪园二期,2860,,88,
龙岗区,布吉街道,帝景峰,4237,,53,
罗湖区,桂园街道,红岭南村,4252,70,,
宝安区,新安街道,50区开屏中心,3760,51,,
南山区,粤海街道,阳光粤海花园一二期(商品住房),547,,119,
龙华区,民治街道,银雅居,1220,,55,
福田区,华强北街道,工会住宅楼,4279,79,,
罗湖区,东门街道,港澳8号,1179,,81,
南山区,南头街道,中山雅苑,3414,71,,
龙岗区,横岗街道,志健时代广场,685,,49,
宝安区,新安街道,新世界誉名别苑,541,,,116
南山区,南山街道,福庭苑,3224,92,,
罗湖区,清水河街道,竹园企业公司住宅楼,4228,51,,
罗湖区,翠竹街道,旭飞华达园一期,1786,,103,
龙华区,大浪街道,福东龙华府,1196,,56,
南山区,南山街道,前海康城华府,3192,,96,
龙华区,民治街道,莱蒙水榭春天A区6期,4238,,78,
福田区,福保街道,建鑫苑,3582,,96,
罗湖区,桂园街道,滨苑新村,1677,59,,
罗湖区,南湖街道,经贸楼,627,,68,
龙岗区,布吉街道,东方半岛花园A区,3982,46,45,
龙岗区,龙城街道,东都花园二区,696,38,,
福田区,福田街道,福华新村,4275,87,,
罗湖区,东湖街道,百仕达东郡广场(百仕达乐湖),4306,,108,
罗湖区,东门街道,公园上苑,1198,,136,
龙华区,民治街道,莱蒙水榭春天花园二期,4196,,77,
福田区,香蜜湖街道,东海花园君豪阁,4027,,121,
福田区,华强北街道,电子设计院住宅楼,4278,101,,
福田区,福田街道,南光捷佳大厦,4061,,102,
罗湖区,清水河街道,路桥大厦,1667,,94,
龙华区,民治街道,莱蒙水榭春天花园三期,4197,,81,
罗湖区,桂园街道,外运宿舍大院,4211,72,,
龙岗区,横岗街道,横岗六约商住楼,4124,33,,
龙岗区,龙城街道,天健花园三期(龙岗),1488,,36,
龙岗区,龙城街道,河岸轩,3935,,43,
福田区,福保街道,益田豪园居,3484,,88,
福田区,梅林街道,银麓公寓,4088,76,,
龙岗区,龙城街道,悦澜山花园,3937,,54,
龙岗区,宝龙街道,风临四季花园,794,33,31,
南山区,蛇口街道,半岛城邦花园三期,3259,,182,
宝安区,新安街道,中南花园,2961,,69,
福田区,香蜜湖街道,雍祥居,2962,,108,
罗湖区,东门街道,同乐大厦,1246,,64,
龙岗区,龙城街道,和兴花园四期,755,35,36,
福田区,福保街道,恒冠豪园,565,,100,
宝安区,新安街道,海滨城广场二期,2944,49,60,
罗湖区,东门街道,南海中心,1209,,79,
罗湖区,南湖街道,文锦渡海关一院,1054,59,,
宝安区,新安街道,创业二村,2555,55,,
罗湖区,笋岗街道,梅园新村,3954,60,,
宝安区,新安街道,泰安花园,2568,58,,
龙岗区,布吉街道,龙园意境华府,1664,62,59,64
福田区,华强北街道,云尚公馆,2859,,135,
南山区,沙河街道,华侨城锦绣花园四期,3846,,131,
福田区,福保街道,嘉福花园,2564,,89,
龙岗区,龙岗街道,建新村,879,28,,
罗湖区,南湖街道,高嘉花园,1293,83,,
罗湖区,翠竹街道,金福大厦,1232,,77,
南山区,沙河街道,世纪假日广场,3848,,120,
福田区,莲花街道,翡翠名园,2556,83,77,
龙岗区,南湾街道,大族河山花园一期（商品住房）,1248,,55,
福田区,园岭街道,合正瑞园,2557,,88,
福田区,福保街道,泰美园,3101,,98,
南山区,蛇口街道,吉祥龙花园,3184,,161,
龙岗区,平湖街道,平吉上苑一期,1936,,53,
罗湖区,东门街道,书院街48号大院,4233,68,,
罗湖区,清水河街道,红岗花园,1217,62,,
龙岗区,布吉街道,东方半岛花园B区,1883,44,44,
南山区,南山街道,中兴公寓,3849,66,,
宝安区,福永街道,广福大厦,2941,31,,
罗湖区,南湖街道,向西路教育宿舍,1424,70,,
福田区,沙头街道,京基滨河时代广场南区,3842,,128,
福田区,南园街道,玉丰楼,2865,,103,
南山区,沙河街道,华侨城锦绣花园一期,3243,85,93,
福田区,园岭街道,园岭花园,2561,,77,
南山区,招商街道,山语海苑一期,3222,85,87,
龙岗区,龙岗街道,运河蓝湾家园,756,,39,
南山区,蛇口街道,曦湾天馥名苑,3260,,204,
宝安区,石岩街道,巨丰台,2942,40,,
宝安区,西乡街道,国雄公司商住楼,3817,46,,
龙岗区,布吉街道,倚山别苑,1586,45,,
福田区,沙头街道,绿景新苑二期,2963,,90,
罗湖区,东门街道,华盛君荟名庭,1219,,117,
龙岗区,龙城街道,紫薇苑二期,795,,37,
龙岗区,坪地街道,西湖苑,898,34,,
南山区,南山街道,南光城市花园（商品住房）,4063,,121,
大鹏新区,南澳街道,南澳海滨花园,3400,34,,
龙华区,民治街道,华业玫瑰四季馨园一期,1645,,84,
南山区,蛇口街道,半岛城邦花园二期,3847,,123,
南山区,蛇口街道,雷公岭海怡阁,3237,71,,
福田区,福田街道,福星北住宅区,2964,83,,
南山区,南山街道,向南海德大厦,3238,,109,
南山区,招商街道,桂园小区一区,3261,82,,
宝安区,西乡街道,碧海富通城五期,2565,,86,
龙岗区,横岗街道,卓越弥敦道名苑,1928,,55,
盐田区,梅沙街道,万科东海岸二期,2102,,54,60
南山区,南头街道,兰丽花园,3185,70,,
罗湖区,清水河街道,翠雅居一期,765,79,,
福田区,华强北街道,赛格住宅区,2805,,92,
龙华区,民治街道,盛荟居,1191,,75,
盐田区,沙头角街道,商贸综合楼,2640,51,,
龙岗区,龙岗街道,新城花园(龙岗),1335,21,,
龙岗区,龙岗街道,楚丰苑,1146,20,,
盐田区,海山街道,旭飞华逸园,2641,74,,
龙岗区,布吉街道,长兴楼,1535,41,,
宝安区,航城街道,华苑,2871,,64,
龙岗区,龙城街道,碧湖玫瑰园,754,34,32,
南山区,招商街道,半山海景兰溪谷国际公寓,3442,,138,
南山区,南山街道,南粤山庄,3219,65,,
罗湖区,黄贝街道,湖滨新村,1696,73,,
宝安区,新安街道,金景豪苑,2939,,56,
福田区,园岭街道,深大电话公寓,2424,,60,
福田区,梅林街道,海康大厦,2960,,115,
南山区,蛇口街道,后海理想雅园,3223,,144,
盐田区,沙头角街道,诗宁大厦,1990,,51,
罗湖区,翠竹街道,田苑新村,1176,63,,
福田区,梅林街道,深新大厦,2943,65,,
龙华区,龙华街道,南国丽园,1192,,59,
大鹏新区,大鹏街道,千禧大厦,2204,,34,
龙岗区,龙城街道,同创九著院,796,38,48,
南山区,招商街道,半岛花园B区,3257,90,,
罗湖区,东门街道,湖臻大厦,1291,,87,
龙华区,大浪街道,琼珠花园,1292,51,,
南山区,南头街道,南侨花园,3258,91,,
罗湖区,东晓街道,泰和花园,1218,64,,
龙岗区,龙城街道,东都花园一区,4224,37,,
龙华区,龙华街道,新阳丽舍,1646,59,,
南山区,招商街道,翠竹园,3281,89,,
龙岗区,布吉街道,龙威花园,3939,54,61,
宝安区,西乡街道,新安市场,2562,47,,
罗湖区,笋岗街道,湖景花园,1790,74,70,
罗湖区,黄贝街道,泰丽苑,1247,57,,
龙岗区,龙城街道,爱地花园二期,757,,40,
宝安区,沙井街道,万科翡丽郡花园,2554,,49,
龙岗区,龙岗街道,八仙岭华庭,1476,,42,
南山区,南头街道,麒麟花园A区,3880,95,99,
龙岗区,宝龙街道,恒裕嘉城花园,881,,38,
福田区,福田街道,福民佳园,2563,,89,
福田区,福田街道,银庄大厦,2843,,84,
龙岗区,横岗街道,怡和山庄,4107,34,,
龙岗区,坪地街道,融富花园一期,797,31,,
福田区,福田街道,荣超城市春天花园,4056,,122,
龙华区,观湖街道,仁山智水花园三期,961,,41,
宝安区,西乡街道,流塘阳光花园（商品住房）,3539,,79,
福田区,南园街道,动力小区,4070,83,,
福田区,沙头街道,嘉洲富苑,2938,,101,
罗湖区,桂园街道,鸿翔花园（商品住房）,1227,,97,
福田区,香蜜湖街道,香蜜湖度假村家属楼,4274,75,,
龙岗区,平湖街道,中环阳光星苑,3973,,50,
南山区,招商街道,山海韵,3443,,80,
宝安区,福永街道,福永政永楼,3670,41,,
南山区,西丽街道,西丽湖渡假村职工住宅,4176,71,,
南山区,桃源街道,桑泰丹华园四期,3797,,88,
南山区,桃源街道,桑泰丹华园一期,3798,,84,
宝安区,新安街道,海韵花园,2885,,66,
光明区,光明街道,清怡花园,3913,37,,
宝安区,新安街道,旭仕达名苑,3454,,54,
宝安区,福海街道,景山花园二期,2768,40,,
龙华区,民治街道,丰泽湖山庄,1203,64,64,
南山区,蛇口街道,海韵嘉园,3280,,111,
宝安区,新安街道,三十二区商住楼,2456,50,,
龙岗区,布吉街道,信义假日名城六期,1319,,66,
宝安区,新安街道,常盛花园,2746,60,,
龙华区,龙华街道,乐景花园,1768,52,,
龙华区,龙华街道,建设大厦(龙华),1629,,44,
南山区,沙河街道,纯水岸九期,3711,,149,
南山区,沙河街道,纯水岸十五期,3800,,162,
罗湖区,桂园街道,日豪名园,1320,,80,
龙岗区,龙岗街道,鹏兴居,1757,32,,
南山区,南山街道,南油南海大厦,3171,,116,
宝安区,新安街道,富通好旺角一期,3645,,101,
宝安区,新安街道,深业新岸线三期,4187,,76,
龙岗区,龙城街道,城市立方花园,690,,53,
龙华区,龙华街道,壹成中心璞誉府,1166,,64,
宝安区,新安街道,尚都花园,2457,,79,
龙华区,福城街道,龙湖山庄,1675,,,55
南山区,南头街道,国兴苑,3089,,78,
南山区,南头街道,莲城花园,3009,78,,
南山区,蛇口街道,卓越维港名苑南区,3596,266,223,268
宝安区,新安街道,新厦苑,2769,,66,
宝安区,福永街道,龙翔山庄,4085,,,34
龙岗区,平湖街道,锦冠华庭,1640,,40,
宝安区,新安街道,招商华侨城曦城二期,2844,,,140
南山区,西丽街道,众冠西郡园,3090,,78,
罗湖区,莲塘街道,华景园御庭轩,741,,65,
南山区,蛇口街道,旧荣村单身楼,3045,119,,
南山区,南山街道,中建荔香家园,3712,66,,
南山区,南山街道,月亮湾山庄,4066,,89,88
宝安区,新安街道,碧海花园(新安),2770,53,,
罗湖区,南湖街道,渔景大厦,1630,,63,
南山区,南山街道,汉京峰景苑,3801,,119,
南山区,蛇口街道,米兰第二季公寓,3803,,109,
南山区,蛇口街道,春树里小区,3802,,103,
南山区,蛇口街道,澳城花园南区,3283,,132,
南山区,粤海街道,后海名苑居南区,3879,100,,
南山区,粤海街道,海印长城小区一期,3284,,104,
南山区,粤海街道,科技园58区,3285,100,,
南山区,粤海街道,保利城花园,3286,,99,
罗湖区,南湖街道,友谊大厦,1765,,96,
南山区,蛇口街道,东角头住宅,3282,83,,
南山区,南山街道,好来居,3707,,144,
宝安区,新安街道,深航假日名居,3568,,66,
南山区,南山街道,南光花园,3708,80,,
南山区,南山街道,金山花园,3709,78,,
南山区,蛇口街道,卓越维港名苑北区,3713,252,203,256
宝安区,新安街道,三十一区商住楼,2624,42,,
南山区,南山街道,青青山庄,3550,,,121
龙岗区,龙岗街道,鹏达花园,683,30,,
龙岗区,吉华街道,花语馨花园,996,,52,
宝安区,西乡街道,碧海富通城一期,4081,,67,
龙岗区,龙城街道,远洋新天地水岸花园,883,29,43,33
坪山区,坪山街道,深城投·中心公馆（商品住房）,548,,40,
宝安区,新安街道,新安园,2454,47,,
宝安区,新安街道,泰华锦绣城,2455,,62,
宝安区,西乡街道,中粮澜山花园,2458,51,54,90
龙岗区,布吉街道,龙岭山庄,1080,52,,
罗湖区,莲塘街道,鹏瑞仙桐雅轩,687,57,,
南山区,南山街道,深物业前海港湾花园,3191,,87,
坪山区,坪山街道,财富城（一期）,2226,,39,
罗湖区,清水河街道,金银园,3967,,70,
龙岗区,宝龙街道,中骏四季阳光二期,4236,,35,
龙岗区,龙岗街道,金阳成大厦,684,,41,
南山区,招商街道,鲸山花园九期,4160,,101,180
龙岗区,宝龙街道,鸿景春天花园三期,1704,31,28,
南山区,南山街道,中熙香山美林苑(中熙君南山),2683,,118,
罗湖区,桂园街道,原双桥住宅楼,4227,83,,
罗湖区,南湖街道,汇泰大厦,1199,,118,
龙岗区,龙城街道,名居广场（商品住房）,3934,,56,
南山区,南山街道,南荔苑,3799,,112,
南山区,沙河街道,纯水岸三期,2991,,,600
宝安区,航城街道,领航城领尚华府,2365,,73,
罗湖区,东门街道,蛟湖路六号大院,3950,73,,
南山区,桃源街道,长源京基御领公馆,3688,,110,
龙华区,民治街道,深国际万科和风轩,1141,,76,
罗湖区,东门街道,芳邻大厦,1229,,112,
罗湖区,南湖街道,向西大厦,1531,,66,
宝安区,沙井街道,坣岗大厦,4020,,44,
龙岗区,坪地街道,凯东吉祥悦府,1489,,44,
宝安区,新安街道,裕安花园(新安),2744,58,,
宝安区,福永街道,福永花园,3672,39,,
福田区,华富街道,笔架山派出所住宅楼,3755,86,,
龙华区,民治街道,日出印象花园B区,1197,52,52,
宝安区,新安街道,湖滨花园(宝安),4310,55,,
龙岗区,南湾街道,龙泉别墅,4183,,,70
罗湖区,南湖街道,怡都大厦,1228,,66,
大鹏新区,葵涌街道,东丽观海山庄,3719,,,50
福田区,沙头街道,沙尾电话机楼,2969,,90,
宝安区,新安街道,新安办二十四区,2625,52,,
南山区,招商街道,半山海景·兰溪谷一期,2682,,112,210
宝安区,松岗街道,宝利豪庭,2767,,34,
罗湖区,翠竹街道,泰宁花园,1290,65,58,
罗湖区,东门街道,越港商业中心,1683,78,,
南山区,西丽街道,西丽湖工贸公司住宅,3807,66,,
罗湖区,东湖街道,心怡花园,1201,65,72,
南山区,南山街道,恒立心海湾花园,3279,,90,
罗湖区,清水河街道,颐园别墅三期,1327,,,131
盐田区,梅沙街道,万科东海岸三期,2210,,55,60
龙华区,龙华街道,鸿荣源·壹成中心六区,4241,,76,
宝安区,福永街道,星航华府二期,3840,,63,
龙岗区,坂田街道,万科城二期,1767,62,,64
宝安区,福永街道,福永花苑,2743,43,,
龙岗区,龙城街道,福园小区,4195,33,,
龙岗区,龙城街道,新亚洲花园,1705,,35,
宝安区,新安街道,宝华花园,2745,61,,
罗湖区,莲塘街道,东方凤雅台,686,57,66,
盐田区,海山街道,天浩商住楼,3434,50,,
福田区,梅林街道,华海公寓,3649,57,,
罗湖区,东门街道,清秀大院,1615,69,,
罗湖区,黄贝街道,赤龙坑住宅楼,1766,57,,
罗湖区,黄贝街道,深港公司宿舍,1011,,74,
福田区,南园街道,沙埔头综合楼,2623,85,,
罗湖区,桂园街道,电影大厦,1015,,73,
罗湖区,桂园街道,天地大厦,1016,,75,
龙华区,龙华街道,锦绣御园二期,1323,,67,
南山区,粤海街道,文德福花园,3017,,91,
罗湖区,黄贝街道,罗芳路新兴村,1013,48,,
龙华区,龙华街道,美丽AAA花园,1567,,58,
福田区,香蜜湖街道,振业翠海花园二期,2423,,105,
南山区,桃源街道,欧陆经典花园,2984,91,86,87
罗湖区,东门街道,水产大厦,1390,,67,
福田区,梅林街道,合正园,2392,,73,
福田区,福田街道,卫检住宅大厦,2393,,76,
福田区,南园街道,台湾花园大厦,4025,,73,
罗湖区,清水河街道,雅仕居,987,,91,
福田区,莲花街道,景田怡华苑,2024,87,,
南山区,南头街道,新海大厦,3057,,45,
福田区,福保街道,星河明居,2066,,82,
南山区,粤海街道,海怡东方花园,3058,,121,
宝安区,新安街道,富佳苑,2698,,68,
龙华区,龙华街道,嘉逸花园,1652,49,,
罗湖区,南湖街道,宝丰大厦,1325,,68,
南山区,粤海街道,缘来居,3294,,100,
龙华区,龙华街道,新城市花园二期,3989,45,,
南山区,蛇口街道,水映山岸公馆,2985,,184,
福田区,福保街道,宝田苑,3420,,82,
南山区,招商街道,桂园小区三区,2986,84,,
福田区,福田街道,城中雅苑,2279,,126,
龙华区,龙华街道,青年城邦园,988,,85,
福田区,莲花街道,富莲大厦,2394,,76,
福田区,华富街道,富荔花园,2395,81,,
南山区,粤海街道,后海花园,3590,82,85,
宝安区,新安街道,文乐花园,2068,54,,
南山区,粤海街道,华彩天成居,3059,,106,
罗湖区,清水河街道,青湖山庄,3943,53,53,
福田区,梅林街道,四季山水花园一期,581,,127,
福田区,梅林街道,四季山水花园二期,3108,,116,
福田区,福田街道,国际村,2160,78,,
福田区,福保街道,圆梦园,2161,,73,
福田区,福田街道,华强住宅区,2280,83,,
福田区,莲花街道,华泰香逸名园,2281,,94,
大鹏新区,葵涌街道,鑫园广场,2193,,31,
南山区,蛇口街道,石云村小区,3036,73,,
罗湖区,清水河街道,清水河生活区,1542,70,,
福田区,莲花街道,新莲大厦,3563,,79,
大鹏新区,葵涌街道,葵涌供销社商住楼,2600,27,,
龙岗区,平湖街道,融湖时代花园,1650,,44,
福田区,福田街道,水围新家园,3231,,93,
福田区,华富街道,笔架山机关生活区,4017,80,,
罗湖区,东湖街道,东乐花园(罗湖),1848,67,60,
南山区,南山街道,阳光棕榈园三期,3587,,115,
罗湖区,南湖街道,云景豪园,1530,,89,
罗湖区,清水河街道,银晖名居,1485,,95,
宝安区,新桥街道,富通丽沙花都,2282,,41,
罗湖区,清水河街道,鹿岭苑,4112,,55,
南山区,蛇口街道,颐安阅海台,3011,,171,
福田区,莲花街道,景田合正名园一期,2283,,97,
南山区,南山街道,新街口大楼,3037,,101,
罗湖区,清水河街道,金豪花园(罗湖),989,59,,
福田区,莲花街道,景新花园,2396,78,83,
龙华区,龙华街道,金庸阁二期,990,46,,
福田区,梅林街道,嘉鑫阳光雅居,2397,,102,
龙岗区,坂田街道,佳兆业中央广场二期,1451,,61,
龙华区,龙华街道,和平大厦(龙华),1135,46,,
福田区,福田街道,富强花园,2272,72,,
福田区,华强北街道,富怡雅居,4011,,92,
龙岗区,坂田街道,金洲嘉丽园,1734,55,,
南山区,南头街道,星海名城三期,3613,,93,
福田区,香蜜湖街道,新天国际名苑,2162,,113,
罗湖区,清水河街道,大地苑,1326,56,,
福田区,福田街道,宣嘉华庭,2164,,93,
南山区,南头街道,星海名城五期,3597,,116,
罗湖区,南湖街道,凯悦华庭,1584,,95,
罗湖区,南湖街道,南华大厦,1271,,68,
南山区,南山街道,心语雅园,3295,,105,
南山区,南山街道,怡海广场,3296,,74,
龙岗区,龙城街道,泽洋园,803,,43,
龙华区,民治街道,辉华大厦,1585,44,,
福田区,华强北街道,华新村西区,2300,75,,
罗湖区,南湖街道,向西花园,4138,72,82,
福田区,莲花街道,新景苑,2163,80,,
福田区,莲花街道,景田合正名园二期,2284,92,,
福田区,莲花街道,景田天健花园,3675,,96,
南山区,粤海街道,学林雅院,3012,99,96,
南山区,桃源街道,水木丹华园,3518,,89,
南山区,桃源街道,水木华庭,3519,,87,
南山区,招商街道,水湾A区,3604,,,115
南山区,粤海街道,晶品居,3013,,101,
福田区,莲花街道,天健世纪花园,4013,,115,
龙华区,民治街道,世纪春城四期,992,,63,
龙岗区,园山街道,润筑园,3938,,56,
宝安区,西乡街道,中粮锦云花园（商品住房）,3564,,73,
福田区,园岭街道,国城花园,2399,,119,
南山区,西丽街道,宝能华府,3038,,97,
罗湖区,清水河街道,颐园别墅一期,991,,,125
南山区,南头街道,鸿洲新都,3039,,94,
南山区,粤海街道,恒立听海花园,3040,,130,
龙岗区,平湖街道,平吉上苑二期,1937,,54,
福田区,福保街道,天健阳光华苑,2398,,94,
宝安区,新安街道,熙龙湾花园二期,3199,,93,
罗湖区,南湖街道,龙旺大厦,1270,,64,
罗湖区,笋岗街道,湖馨苑,1297,,109,
龙岗区,南湾街道,祥云苑,1298,42,,
坪山区,马峦街道,天峦湖花园二期,2200,,34,
南山区,沙河街道,中信花园,3053,83,,
宝安区,西乡街道,阳光海湾花园,2589,78,80,
龙岗区,龙岗街道,岸上林居,798,,42,
龙华区,民治街道,梅花山庄,571,,,67
宝安区,新安街道,三十五区商住楼,4150,41,,
龙岗区,布吉街道,可园七期,1387,,57,
南山区,南山街道,泛海拉菲花园一期,3804,,95,160
南山区,粤海街道,科技园48区,3715,100,,
南山区,粤海街道,科技园37区住宅楼,3067,112,,
南山区,南山街道,德尚世家花园,3806,,135,165
龙岗区,南湾街道,中城康桥花园三期,1324,50,49,
南山区,招商街道,榆园三期,2980,78,,
福田区,香蜜湖街道,东海十八居,2679,,152,
龙岗区,龙城街道,鸿进花园,800,35,,
南山区,桃源街道,珠光花半里欣苑,3293,,84,
宝安区,西乡街道,宝城花园,3723,52,,
福田区,沙头街道,泰然宿舍,2967,95,,
龙岗区,吉华街道,水晶花园,4118,39,,
宝安区,西乡街道,海湾明珠花园一期,2771,66,,
龙华区,龙华街道,富士康世纪华庭二期,1105,52,51,
宝安区,福永街道,天欣花园三期,3410,,51,
福田区,莲花街道,景雅居,3176,,91,
福田区,莲花街道,景龙大厦,2275,,69,
龙华区,民治街道,馨园二期,950,56,56,92
福田区,福保街道,宝瑞轩,2276,,80,
南山区,沙河街道,纯水岸八期,3436,,,260
罗湖区,黄贝街道,三叉河华侨新村,924,43,,
福田区,莲花街道,景桦花园,4290,,85,
盐田区,海山街道,海荣居,2615,,55,
福田区,沙头街道,新洲骏皇嘉园,2649,,106,
南山区,南头街道,马家龙工业区宿舍,3251,84,,
盐田区,海山街道,海涛花园,3573,46,,
南山区,桃源街道,宝珠花园,3016,,76,
福田区,梅林街道,梅林苑,2401,70,,
宝安区,新安街道,灵芝新村,2422,57,,
龙岗区,南湾街道,颂雅苑,1017,55,,
龙岗区,龙城街道,依山郡花园三期,805,,43,
罗湖区,黄贝街道,芳春花园,952,60,,
宝安区,西乡街道,天琴阁,2388,,84,
南山区,招商街道,海祥阁,3168,,90,
福田区,沙头街道,金海燕花园,3035,89,93,
南山区,南山街道,鼎太风华社区一期,3710,,93,
南山区,粤海街道,瑞铧苑,3714,,104,
宝安区,新安街道,金鼎花园,2741,65,,
南山区,沙河街道,明珠雅苑,3417,72,,
南山区,沙河街道,景翠苑,3783,82,,
福田区,香蜜湖街道,东海花园,2674,,116,
福田区,沙头街道,绿景花园,2675,84,80,
福田区,梅林街道,华茂苑,2067,80,75,
大鹏新区,葵涌街道,金众金域半山花园,2194,,40,
大鹏新区,葵涌街道,陶柏莉花园（一期）,4295,,42,45
宝安区,新安街道,白金时代公寓,2680,,103,
宝安区,福永街道,金域豪庭三期,3007,,61,
宝安区,西乡街道,御龙居,3647,,49,
宝安区,西乡街道,桃源居二区,2772,42,50,
南山区,南山街道,南油乐群楼,3784,92,,
南山区,南头街道,新德家园,2981,,101,
龙华区,龙华街道,美丽家园北区,922,51,53,
南山区,南头街道,红花园,2982,73,,
龙岗区,坂田街道,第五园四期,1457,,75,
南山区,南山街道,常兴花园,3528,80,,
南山区,南头街道,宏福苑,3367,85,,
福田区,莲花街道,建筑设计院住宅楼(福田),2023,81,,
福田区,福保街道,朗庭豪园,2278,,80,
宝安区,新安街道,新锦安雅园二期,2864,,63,
宝安区,西乡街道,西万住宅楼,2739,45,,
南山区,招商街道,蛇口花园城一期,3287,,97,
南山区,粤海街道,岸芷汀兰花园,3288,,135,
南山区,南山街道,深意综合楼,3289,100,,
南山区,南山街道,顺天大厦,4090,,65,
南山区,蛇口街道,皇庭港湾花园,3291,,175,
南山区,招商街道,半山海景别墅,4052,,,150
罗湖区,清水河街道,银谷别墅区(银谷会苑),4220,80,,140
罗湖区,清水河街道,银湖旅游中心宿舍区,954,64,,
福田区,福田街道,发展兴苑,4016,,121,181
龙华区,民治街道,星河盛世花园一期,1018,,94,
南山区,沙河街道,纯水岸四期,3441,,127,221
福田区,福保街道,南方国际广场,4012,,115,
宝安区,新安街道,中商花园,2389,,68,
宝安区,新安街道,中怡名苑,2390,,63,
罗湖区,南湖街道,外运大院(和平路),4243,70,,
盐田区,沙头角街道,南天花园,3311,49,,
宝安区,新安街道,泛华苑,2742,55,62,
福田区,梅林街道,富国茗苑,2305,76,,
南山区,粤海街道,深圳湾彩虹之岸,3796,,117,
南山区,蛇口街道,君汇新天花园,3055,,143,
南山区,粤海街道,新世界豪园二期,3056,,,157
宝安区,新安街道,香缤广场,2676,,81,
罗湖区,黄贝街道,名泰轩,3942,63,77,
宝安区,新安街道,富怡花园,2391,61,,
福田区,华富街道,振业花园,4078,89,,
宝安区,新安街道,七十三区商住楼,3815,44,,
宝安区,福永街道,金域豪庭二期,3808,48,50,
龙华区,龙华街道,富士康世纪华庭一期,1844,49,,
宝安区,福永街道,时代景苑二期,2884,,40,
宝安区,新安街道,金泓凯旋城,2677,,80,
福田区,梅林街道,碧荔花园,2678,,72,
福田区,福保街道,新桂花村,4097,79,80,
罗湖区,清水河街道,棕榈泉别墅一期,923,,63,157
南山区,蛇口街道,栖游家园,3458,,124,
龙华区,龙华街道,御筑轩,1659,61,65,
福田区,香蜜湖街道,天御香山花园,2065,,153,
龙华区,龙华街道,赛龙豪轩,1660,53,,
福田区,香蜜湖街道,香榭里花园,2158,,111,
福田区,梅林街道,搪瓷公司住宅楼,2159,68,,
宝安区,西乡街道,泰华豪园,2773,51,48,
南山区,蛇口街道,映月湾花园,3805,,127,
盐田区,沙头角街道,天富花园,2044,,53,
罗湖区,东门街道,东方大厦,1155,69,,
光明区,光明街道,高正豪景花园,3665,35,,
罗湖区,莲塘街道,翠榕花园,804,55,,
罗湖区,清水河街道,田园居,948,,,163
龙华区,大浪街道,荟港尊邸一期,949,60,64,85
福田区,莲花街道,市政生活区,4059,82,83,
南山区,南山街道,大陆庄园,2983,83,78,
福田区,沙头街道,新光小区,2386,90,87,
福田区,南园街道,国企大厦,2387,,81,
龙华区,龙华街道,新华苑二期,951,,57,
龙华区,福城街道,华盛观荟名庭,1620,,47,
罗湖区,东湖街道,淘金山湖景花园一期,1506,,80,
宝安区,新安街道,富源商贸大厦,4141,,64,
罗湖区,翠竹街道,百仕达花园二期,3971,86,93,
南山区,蛇口街道,曦湾华府,3290,,155,257
龙华区,民治街道,星河传奇花园一期,1322,,83,
盐田区,海山街道,海都花园,2855,,49,
龙岗区,横岗街道,振业城一期,799,52,50,53
罗湖区,莲塘街道,仙湖山庄一期,801,53,,170
南山区,沙河街道,侨城馨苑,3244,,99,
南山区,招商街道,"水湾壹玖柒玖广场一期
（商品住房）",1998,,122,
罗湖区,桂园街道,洪二村,1864,77,,
龙岗区,龙城街道,和兴花园二期,661,35,34,
龙岗区,布吉街道,荣华楼,764,40,,
罗湖区,东门街道,聚龙大厦,1873,,83,
罗湖区,笋岗街道,田心新村,1878,52,,
龙岗区,布吉街道,粤宝公司家属楼,1788,44,,
南山区,招商街道,龙瑞佳园,3401,,82,
龙岗区,坂田街道,万科金色半山花园,603,,86,
龙岗区,布吉街道,兴业花园,604,34,,
龙岗区,龙岗街道,九州家园二期,4189,30,31,
罗湖区,东晓街道,紫荆花园,1874,62,56,
罗湖区,黄贝街道,新秀村北区,1455,63,,
龙岗区,布吉街道,莲花山庄三村,605,,,54
罗湖区,翠竹街道,嘉多利花园,1607,,95,
罗湖区,桂园街道,星桂园,1865,,114,
罗湖区,桂园街道,快捷假日公寓,1699,,108,
罗湖区,东晓街道,金稻田公寓,3995,80,,
龙岗区,布吉街道,信义假日名城三期,1343,,61,
龙岗区,坪地街道,吉之堡商都,1474,29,,
罗湖区,东门街道,名阳阁,606,83,,
罗湖区,南湖街道,文锦中学宿舍,3976,59,,
大鹏新区,葵涌街道,德华花园,2202,33,,
罗湖区,南湖街道,渔民村,1866,,109,
龙岗区,南湾街道,南岭花园,1398,34,,
龙岗区,龙岗街道,创富时代名苑,662,,40,
龙华区,龙华街道,鸿荣源·壹成中心五区,4222,,88,
罗湖区,东门街道,万科彩园,1867,,98,
龙岗区,坂田街道,十二橡树庄园二期,1244,63,52,95
罗湖区,东湖街道,布心花园,1344,57,,
罗湖区,东门街道,金溪大厦,1345,78,,
龙岗区,布吉街道,大世纪花园一二期,1346,60,53,
罗湖区,翠竹街道,竹园商场,1680,74,,
盐田区,沙头角街道,副食果菜大楼,3433,46,,
福田区,南园街道,南华花园,2277,,96,
罗湖区,黄贝街道,华丽东村,1349,63,,
罗湖区,东门街道,蛟湖小区,1350,76,,
罗湖区,东门街道,新安公司住宅,1700,77,,
罗湖区,桂园街道,公安局大院,4240,69,,
盐田区,盐田街道,佳兆业山海苑,3671,,53,
宝安区,新安街道,华苑楼,2934,48,,
龙岗区,坂田街道,星光之约花园,607,47,54,
南山区,桃源街道,怡然天地居,3297,81,,
南山区,南头街道,桃花园(南山),3298,79,,
罗湖区,黄贝街道,文锦大厦,1328,,69,
南山区,沙河街道,美加广场,2976,,90,
罗湖区,莲塘街道,仙湖山庄二期,802,,,180
南山区,南头街道,桃苑小区,3019,87,,
南山区,桃源街道,天地峰景园,3015,,82,
福田区,福田街道,名科馨阁,2302,,93,
罗湖区,翠竹街道,新港鸿花园,1785,82,79,
福田区,梅林街道,奥士达住宅楼,3835,68,,
罗湖区,翠竹街道,市人民医院住宅楼,3975,66,,
罗湖区,东门街道,明华广场,1354,,75,
宝安区,西乡街道,福中福商业城一二期,2363,61,,
宝安区,西乡街道,瑞尚居（商品住房）,2426,,66,
宝安区,西乡街道,桃源居六区,2364,53,59,
福田区,香蜜湖街道,建业小区,3731,78,,
福田区,华强北街道,君悦阁,2301,,120,
福田区,莲花街道,新世界山月居,2400,,77,
罗湖区,清水河街道,齐明别墅,993,,69,159
福田区,沙头街道,君临天下名苑,2385,,158,
龙岗区,龙城街道,盛龙花园一期,682,31,,
罗湖区,翠竹街道,东湖医院宿舍,4249,66,,
罗湖区,南湖街道,深华商业大厦,1870,,87,
罗湖区,南湖街道,爵士大厦,1954,,110,
罗湖区,桂园街道,电器公司,1183,71,,
龙华区,民治街道,金地梅陇镇二期,994,,58,
福田区,园岭街道,庆安航空大厦,2590,,65,
南山区,招商街道,招北小区,4051,89,,
罗湖区,东湖街道,麟腾苑二期,1351,,85,
宝安区,新安街道,冠利达利安公寓,2230,61,,
龙岗区,龙岗街道,满京华喜悦里华庭一期,4102,,54,
罗湖区,桂园街道,祥宝楼,1352,,89,
罗湖区,桂园街道,市公安局接待站住宅楼,1353,71,,
盐田区,沙头角街道,水务沙头角综合楼,3432,44,,
龙华区,民治街道,锦绣江南四期,1458,,58,
福田区,莲花街道,雅颂居,3200,,155,
罗湖区,莲塘街道,鹏兴花园一期,4180,55,,
福田区,沙头街道,嘉洲豪园一期,2672,,87,
南山区,南山街道,山海翠庐,2977,,78,91
南山区,招商街道,工贸佳园,2978,77,,
南山区,沙河街道,纯水岸十六期,3861,,156,
罗湖区,南湖街道,中怡大厦,1122,,94,
南山区,南山街道,惠中名苑,578,86,,
罗湖区,翠竹街道,万科俊园,1314,,93,
罗湖区,清水河街道,鸣翠谷,944,72,90,
南山区,西丽街道,官龙名苑,3014,,70,
光明区,马田街道,峰荟花园二期,4262,,43,
龙岗区,布吉街道,超群大厦,1123,52,,
罗湖区,黄贝街道,丹枫白露苑,1057,,79,
龙岗区,南湾街道,中兆花园,1124,56,53,
罗湖区,桂园街道,骏庭名园,3949,,90,
罗湖区,黄贝街道,文华花园,945,68,69,
南山区,南山街道,天马综合楼,3041,,73,
大鹏新区,葵涌街道,陶柏莉花园（二期）,4296,,42,
罗湖区,桂园街道,都市名园,1527,,96,
宝安区,西乡街道,碧海富通城六期,2361,,80,
光明区,公明街道,宏发雍景城,2362,36,42,
罗湖区,莲塘街道,桐景花园,4137,,61,
龙岗区,宝龙街道,怡瑞达乐郡,1475,,37,
罗湖区,东门街道,兴华广场,1871,70,,
龙华区,观湖街道,深业泰然观澜玫瑰苑,1872,,53,
南山区,粤海街道,美墅蓝山家园,3042,,109,
福田区,福田街道,彩天名苑,3565,,106,
福田区,南园街道,杰恩大厦,2673,,111,
南山区,蛇口街道,招南小区,3292,91,,
罗湖区,翠竹街道,金翠园,1121,,106,
龙岗区,龙城街道,鸿基花园三期,681,,54,
龙岗区,布吉街道,粤宝山顶住宅小区,1508,42,,
罗湖区,翠竹街道,巨邦公司住宅楼(西区),3940,53,,
罗湖区,桂园街道,红群楼小区,4126,72,,
南山区,沙河街道,华侨城锦绣花园二期,3923,,86,
龙岗区,布吉街道,翡翠星光园,1377,,70,
宝安区,西乡街道,海语西湾花园,2274,,70,
龙华区,民治街道,金地梅陇镇四期,1525,,68,
福田区,华强北街道,振兴路体委宿舍,2883,94,,
南山区,粤海街道,城脉深圳湾公馆,2979,,248,
福田区,福田街道,名津广场（商品住房）,3197,,103,
盐田区,海山街道,新世界倚山花园一期,2223,,,100
龙华区,民治街道,潜龙鑫茂花园A区,1626,78,73,
罗湖区,黄贝街道,福德花园大厦,1868,,74,
龙华区,龙华街道,和平花园,1012,38,,
罗湖区,清水河街道,金湖山庄,946,81,,130
罗湖区,清水河街道,润唐山庄,947,,64,161
罗湖区,莲塘街道,赛普振华苑,663,58,,
龙岗区,坂田街道,泓瀚苑,1869,45,,
大鹏新区,大鹏街道,璞岸花园一期,2598,,50,
龙岗区,宝龙街道,金地名峰花园,3933,,39,
龙岗区,布吉街道,可园一期,1125,61,62,
南山区,沙河街道,美庐锦园,3043,,107,
南山区,招商街道,碧涛苑别墅,3044,,,125
罗湖区,东晓街道,松泉山庄,1321,67,63,
宝安区,福永街道,永恒楼,3000,,44,
南山区,招商街道,爱榕园一二期,555,91,,
南山区,南头街道,马家龙大新住宅楼,3924,79,,
盐田区,海山街道,海鹏苑,2579,47,,
罗湖区,东晓街道,比华利山庄,1597,46,,
龙岗区,布吉街道,大芬艺术大厦,1890,,47,
龙岗区,横岗街道,地铁锦上花园,735,,57,
宝安区,新安街道,丰华苑,2406,,68,
龙岗区,坂田街道,万科四季花城一期,1891,55,58,59
龙岗区,坂田街道,坂田石化新村,1665,45,,
宝安区,西乡街道,中粮万福阁,2375,,87,
龙岗区,坂田街道,万科四季花城四期,1498,61,58,
龙华区,民治街道,万家灯火花园,1849,61,,
宝安区,新安街道,中洲华府二期（商品住房）,2407,,108,
宝安区,西乡街道,桃源居七区,2368,45,47,
南山区,南头街道,星海名城一期,3461,,96,
宝安区,西乡街道,桃源居五区,2409,51,50,
南山区,招商街道,天海豪景苑,3863,,75,
罗湖区,翠竹街道,公路局大院,1636,68,,
罗湖区,东湖街道,谱心苑,1043,69,,
龙岗区,布吉街道,金洲花园,3970,59,,
罗湖区,翠竹街道,田贝二路八号大院,4256,62,,
罗湖区,笋岗街道,田贝村综合楼,643,65,,
宝安区,西乡街道,桃源居十四区,2416,53,53,
龙岗区,布吉街道,莲花山庄二村,1303,,,55
宝安区,西乡街道,双龙花园,3553,44,,
龙岗区,布吉街道,信义荔山公馆,4130,,71,
福田区,香蜜湖街道,水榭花都一期,2379,,196,206
龙华区,龙华街道,美丽365花园,622,58,53,
坪山区,龙田街道,中粮一品澜山花园,2149,,35,41
龙华区,龙华街道,城市明珠花园,1901,,54,
龙华区,大浪街道,潜龙曼海宁花园南区,1902,,73,
龙岗区,坂田街道,第五园七期,1337,,69,114
罗湖区,桂园街道,百汇大厦,3932,,86,
罗湖区,桂园街道,红围四巷,925,83,,
福田区,福田街道,庆福园,4055,,116,
龙华区,民治街道,书香门第上河坊广场,1581,,95,
龙岗区,布吉街道,京南华庭,1903,,64,
南山区,南山街道,山东大厦,3864,,69,
宝安区,西乡街道,桃源居十一区,2410,,59,
龙岗区,龙岗街道,国香尚居,737,,35,
福田区,园岭街道,长泰花园,2411,,97,
龙华区,龙华街道,华侨花园,1904,40,,
光明区,马田街道,宏发嘉域花园一期,2417,,45,
宝安区,福海街道,中粮凤凰里花苑,3008,,52,
龙岗区,坂田街道,第五园三期,1304,,68,72
龙华区,龙华街道,东和花园,1305,45,,
龙华区,民治街道,卓越皇后道名苑,4100,,72,95
福田区,福保街道,银泰苑,2380,,80,
宝安区,新安街道,泰华商业城,2381,56,,
龙华区,龙华街道,龙股综合楼,1905,39,,
宝安区,新安街道,七十四区商住楼,3895,50,,
龙岗区,坂田街道,天景山庄东区,1896,52,,62
罗湖区,翠竹街道,深纺大院,940,70,,
龙岗区,南湾街道,泰雅园,1044,60,57,
龙华区,民治街道,万科金域华府一期,1045,,89,168
龙华区,民治街道,万科金域华府二期,1802,,100,178
龙岗区,坂田街道,依云山庄,1399,49,,59
南山区,沙河街道,世界花园樱花居,3360,88,,
罗湖区,桂园街道,信兴广场,1400,,110,
龙岗区,布吉街道,大芬油画苑,595,,42,
罗湖区,桂园街道,桂花大厦,1282,,73,
龙华区,民治街道,中航阳光新苑,1819,73,65,
龙岗区,南湾街道,左庭右院（南区）,4254,,55,
福田区,香蜜湖街道,水榭花都三期,2369,,184,
盐田区,沙头角街道,诗宁别墅区,3459,,,59
罗湖区,桂园街道,广场北街住宅楼,4229,72,,
龙岗区,布吉街道,祥发大厦,640,,42,
光明区,凤凰街道,盛迪嘉光明壹号花园一期,4276,,50,
罗湖区,笋岗街道,洪湖一街1号大院,623,75,,
龙岗区,吉华街道,翠枫豪园一期,1307,48,,
龙岗区,吉华街道,翠枫豪园二期,1438,52,49,
龙岗区,布吉街道,莲花山庄四村,593,,,69
福田区,福保街道,葵花公寓,2617,,215,
龙岗区,南湾街道,阳基新天地家园,3969,,52,
罗湖区,桂园街道,松园南小区,1959,69,,
龙岗区,坂田街道,德润荣君府（商品住房）,957,,74,
宝安区,新安街道,西城雅筑花苑,2402,,100,
龙岗区,布吉街道,粤宝花园,4193,45,43,
龙岗区,吉华街道,长发楼,1517,42,,
龙岗区,布吉街道,大都汇大厦,3997,,62,
龙岗区,吉华街道,金域上郡花园,1931,,67,
龙岗区,南湾街道,大世纪水山缘,594,,50,
南山区,南山街道,新保辉大厦,3767,,105,
龙岗区,坂田街道,星河银湖谷花园,985,,86,
盐田区,海山街道,鹏湾花园,2578,53,51,
龙岗区,横岗街道,翠湖山庄,574,38,,46
南山区,南山街道,月亮湾花园,4093,60,,
福田区,梅林街道,天居水木澜山居,2418,,95,
盐田区,沙头角街道,诗宁里小区,2577,49,,
南山区,粤海街道,科技园30区,3768,128,,
龙岗区,吉华街道,花语岸花园,3962,,58,
福田区,莲花街道,馨庭苑二期,2165,,89,
福田区,莲花街道,彩田村,4024,,91,
福田区,梅林街道,天源梅林居,2695,81,85,
福田区,福田街道,大康福盈门大厦,3896,,81,
南山区,粤海街道,金海岸大厦,3315,,123,
南山区,粤海街道,英伦名苑一期,3316,100,109,
罗湖区,桂园街道,嘉福苑,4134,63,,
龙岗区,布吉街道,信义假日名城五期B区,1875,,68,
罗湖区,桂园街道,名仕阁,4101,,96,
宝安区,西乡街道,龙腾花园,3554,50,,
罗湖区,南湖街道,双城世纪大厦,1306,,99,
龙岗区,横岗街道,隆盛花园,680,,41,
龙岗区,坪地街道,懿祥花园,3977,29,,
罗湖区,桂园街道,红围街1/9号,642,67,,
罗湖区,翠竹街道,深中宿舍楼(洪湖中学宿舍楼),4246,75,,
龙华区,民治街道,滢水山庄一期,761,58,,
龙岗区,布吉街道,盈翠家园,599,51,56,
宝安区,西乡街道,宝田居,2419,51,,
宝安区,西乡街道,富盈门花园,2420,,56,
龙岗区,坂田街道,旭景佳园二期,1518,,61,
罗湖区,南湖街道,和平大厦,1505,,73,
龙华区,民治街道,玖龙玺花园二期北区,1579,,97,
龙岗区,坂田街道,佳兆业悦峰花园,1818,,65,
坪山区,马峦街道,东津名座,3593,,42,
罗湖区,桂园街道,和平广场,1037,,92,
宝安区,西乡街道,桃源居一区,2413,50,49,
宝安区,西乡街道,古海花园,3659,48,,
龙岗区,坂田街道,绿怡居,4210,,60,
福田区,南园街道,南园新村,2370,89,,
光明区,光明街道,和润家园,2085,,59,
龙岗区,坂田街道,嘉御豪园,1038,,75,
龙华区,观澜街道,观澜湖高尔夫大宅露诗达区,1403,,,78
龙岗区,坂田街道,信义御珑豪园,1934,,76,
罗湖区,翠竹街道,生产资料住宅,644,72,,
龙岗区,布吉街道,可园二期,615,,59,
龙岗区,布吉街道,可园四期,1333,,61,
龙岗区,布吉街道,可园五期,616,,61,
龙华区,龙华街道,中环花园三期,1594,50,,
宝安区,石岩街道,如意豪庭,2437,,46,
南山区,蛇口街道,蛇口小学综合楼,3253,71,,
罗湖区,南湖街道,向欣苑,1951,75,,
罗湖区,桂园街道,解放路174号大院,4119,67,,
龙岗区,吉华街道,金沙花园(龙岗),1820,,34,
龙华区,观澜街道,观澜豪园赛维纳,1610,,52,
龙华区,观澜街道,观澜豪园晓峰居,1888,,,118
宝安区,福永街道,福安大厦,3548,30,,
罗湖区,南湖街道,铂金时代公寓,617,,95,
龙岗区,布吉街道,信义假日名城二期,1497,58,65,
福田区,园岭街道,鹏盛村,2376,81,82,
坪山区,碧岭街道,东部华侨城天麓七区,2224,,,150
光明区,马田街道,峰荟花园一期,4277,,52,
宝安区,新安街道,天悦龙庭,2377,,76,
宝安区,新安街道,御景湾花园,3001,,76,
罗湖区,东晓街道,外贸经济公司住宅楼,4307,60,,
罗湖区,南湖街道,东海大厦,1119,,67,
龙岗区,布吉街道,布吉广场,1120,43,45,
坪山区,坪山街道,嘉宏湾花园二期,2150,51,48,72
龙岗区,布吉街道,信义荔景御园,998,,101,
罗湖区,桂园街道,国都花园(罗湖),1814,,79,
罗湖区,桂园街道,金众经典家园,4136,,94,
宝安区,西乡街道,宝兴花园,2421,51,,
龙岗区,南湾街道,公园里花园二期,3944,,57,
龙岗区,南湾街道,公园里花园四期,3945,,57,
龙岗区,龙岗街道,德沁苑,736,,37,
盐田区,盐田街道,裕达华庭,2573,,49,
盐田区,盐田街道,裕鹏阁,2574,44,,
龙岗区,布吉街道,信义荔山御园,1898,,89,
南山区,桃源街道,塘朗城广场,2987,,85,
罗湖区,翠竹街道,石油公司住宅楼,1514,62,,
龙岗区,吉华街道,阳光花园一期,1815,55,,
罗湖区,桂园街道,宏安楼,1816,78,,
龙华区,龙华街道,富士康世纪华庭三期,1448,,56,
龙岗区,坂田街道,第五园六期,1539,,90,
龙岗区,坂田街道,嘉霖华禧（商品住房）,958,,61,
罗湖区,桂园街道,中医院住宅楼(罗湖),1932,69,,
光明区,光明街道,新地中央花园,4068,,49,
罗湖区,南湖街道,锦花大厦,618,,65,
龙岗区,布吉街道,京宝苑,1334,45,,
宝安区,新安街道,中粮紫云花园,2870,,97,
宝安区,福永街道,凤凰花苑,2414,,45,
坪山区,马峦街道,金地朗悦花园,3071,,35,
龙岗区,龙城街道,阅山华府二期,826,,47,46
罗湖区,翠竹街道,水库市场综合楼,1039,81,,
宝安区,新安街道,裕宝大厦,2354,,64,
盐田区,沙头角街道,边检住宅楼,4169,46,,
罗湖区,黄贝街道,金盾花园,1347,60,,
龙岗区,布吉街道,百合星城一期,1348,,64,
龙岗区,布吉街道,莲花山庄一村,4314,,,63
龙岗区,横岗街道,横岗住宅楼,664,44,,
龙岗区,布吉街道,信义假日名城一期,1000,54,,
龙岗区,坂田街道,万科四季花城二期,1889,63,66,
龙岗区,坂田街道,富豪山庄,641,,,52
福田区,福田街道,云顶翠峰花园二期,2372,,107,
罗湖区,桂园街道,红桂皇冠名庭（商品住房）,619,,113,
光明区,公明街道,宏发美域花园,2373,,45,
罗湖区,桂园街道,荔景大厦,620,,83,
龙华区,大浪街道,和平里花园一期（商品住房）,1897,,72,
宝安区,西乡街道,贤基大厦,2355,47,,
龙华区,民治街道,藏珑苑,1302,,79,115
龙华区,民治街道,公馆一八六六花园北区,4247,,90,
盐田区,海山街道,翠景花园,2572,46,,
光明区,光明街道,正兆景嘉园,2378,,41,
龙岗区,横岗街道,新世界广场四期,1738,,36,
龙岗区,布吉街道,凯旋天玺名庭（商品住房）,995,,78,
龙岗区,布吉街道,华浩源A区,1634,45,47,
罗湖区,东门街道,糖烟酒大院,1960,77,,
福田区,园岭街道,新华住宅楼,2601,83,,
龙岗区,坂田街道,旭景佳园三期,1496,54,63,
罗湖区,桂园街道,鸿隆世纪广场,596,,82,
光明区,光明街道,美景花园,2412,37,,
南山区,南头街道,星海名城六期,3598,,100,
宝安区,西乡街道,福安楼,2405,34,,
盐田区,海山街道,蓝色海月居,2602,,54,
宝安区,西乡街道,凤凰雅居,3522,,73,
盐田区,海山街道,碧桐海苑,2575,,63,
盐田区,沙头角街道,碧桐湾,2576,,69,
罗湖区,桂园街道,红岭集团大院,1899,72,80,
龙岗区,南湾街道,南威中心,1900,32,,
罗湖区,东门街道,好年华大厦,1499,,101,
罗湖区,黄贝街道,海珑华苑,1817,,78,
南山区,南山街道,中海阳光玫瑰园,3778,,97,
南山区,沙河街道,红树西岸花园,3779,,165,
光明区,马田街道,中粮云景花园南区,2466,,48,
罗湖区,桂园街道,红桂一街8号大院,1036,64,,
宝安区,西乡街道,翠景居,2436,59,56,
福田区,福保街道,深福保经济适用房,4293,,102,
龙岗区,布吉街道,联美新天地华府,960,,65,
龙岗区,宝龙街道,蓝钻风景花园,734,,34,
宝安区,西乡街道,润恒尚园,2408,,66,
龙岗区,布吉街道,莲花山庄五村,1040,,,52
龙岗区,坂田街道,万科四季花城五期,1041,59,63,
龙岗区,龙城街道,阅山华府三期,827,,49,
龙岗区,坂田街道,日辉台花园,1042,58,53,
龙华区,民治街道,圣莫丽斯花园,1813,79,84,140
龙岗区,布吉街道,国都花园(龙岗),1401,,41,
龙岗区,坂田街道,万科四季花城七期,613,53,56,58
龙岗区,坂田街道,万科四季花城六期,614,56,57,59
宝安区,新安街道,湖景居,2371,,62,
龙岗区,布吉街道,宝丽花园,1150,37,,
龙岗区,布吉街道,宝丽苑,569,,45,
龙岗区,布吉街道,德兴城,1434,47,,
龙岗区,坂田街道,中铁诺德公馆一期,621,,65,
龙华区,观澜街道,汉士达华庭一期,4099,,,77
宝安区,新安街道,东江豪苑,2374,,55,
南山区,粤海街道,育德佳园二期,3478,,102,
南山区,南头街道,御海新苑二期,3479,93,,
福田区,香蜜湖街道,水榭花都二期,2367,,193,
宝安区,西乡街道,大益广场,2011,,59,
龙岗区,坂田街道,第五园一期,1402,59,,87
宝安区,新安街道,恒安花园,2403,,73,
宝安区,福永街道,时代景苑三期,2404,,46,
罗湖区,翠竹街道,翠华花园,1089,73,,
福田区,梅林街道,梅林华天公寓,3738,74,,
龙岗区,横岗街道,康乐花园五区,1735,42,,
南山区,粤海街道,南油生活A区,3424,80,80,
福田区,沙头街道,泰然广场,2543,86,,
南山区,桃源街道,聚宁山庄,3790,84,,
福田区,福田街道,彩虹新都,3626,,72,
南山区,粤海街道,汇景花园,3322,,90,
罗湖区,清水河街道,泥岗西村,1049,80,,
南山区,粤海街道,深圳湾锦缎之滨,3119,,113,
福田区,华强北街道,桑达大厦,3205,,98,
宝安区,新安街道,华滨大厦,2083,54,,
南山区,桃源街道,半山语林公寓,3110,,108,
龙华区,龙华街道,新城市花园一期,3947,48,,
罗湖区,南湖街道,新银座华庭,1184,,101,
南山区,蛇口街道,海虹苑,3179,74,,
南山区,粤海街道,海逸苑,3180,76,,
南山区,蛇口街道,百丽湾花园,3181,,141,
福田区,华强北街道,报社大院,564,107,,
龙华区,民治街道,世纪春城6号地块,1050,,71,
龙岗区,龙城街道,奥林华府一期,821,,44,
龙华区,民治街道,世纪春城7号地块,1051,,89,
福田区,梅林街道,新世界上梅林家园,3390,,83,
福田区,沙头街道,新中苑,2072,75,,
罗湖区,翠竹街道,慢性病防治医院住宅楼,1737,66,,
南山区,南头街道,常兴广场,3137,,87,
宝安区,西乡街道,中粮鸿云花园,2084,,63,
南山区,粤海街道,阳光海景豪苑,3138,,98,
南山区,沙河街道,御景东方花园,3139,125,131,
南山区,蛇口街道,广物花园,3140,82,,
罗湖区,清水河街道,金祥都市花园,561,55,,
南山区,粤海街道,华润深圳湾悦府二期,3174,,169,
龙岗区,横岗街道,城市中心花园,4257,37,38,
龙华区,龙华街道,煜丰泽花园广场,1086,41,,
福田区,香蜜湖街道,天宝物华家园,2849,,151,
南山区,桃源街道,科大雅苑,3111,,115,
罗湖区,清水河街道,红岗大厦,1087,,56,
宝安区,新安街道,欣荣苑,2545,,54,
南山区,蛇口街道,海昌大厦,3134,98,,
南山区,粤海街道,海晖大厦,3135,,85,
南山区,沙河街道,深云村,3352,,89,
福田区,福田街道,星河国际花园,2580,,123,
大鹏新区,大鹏街道,鹏海苑,2195,36,,
南山区,南头街道,南海台大厦,3072,,92,
罗湖区,桂园街道,华瑞大厦,1116,,86,
福田区,梅林街道,汇龙花园,3628,87,,
罗湖区,翠竹街道,海洋大厦（商品住房）,3948,,93,
罗湖区,清水河街道,金祥佳园,1117,,64,
福田区,园岭街道,岭尚时代园,2850,,102,
南山区,蛇口街道,海湾花园,3112,70,,100
南山区,南山街道,海王大厦,3113,,76,
宝安区,新安街道,宝海花园,2581,57,,
宝安区,新安街道,富源滨海春城,2582,,58,
宝安区,新安街道,富源花园,2583,56,61,
宝安区,新安街道,富铭花园,2584,61,,
罗湖区,翠竹街道,安全局大院(西区),3972,65,,
福田区,梅林街道,梅安居,3532,94,,
罗湖区,东门街道,东门天地大厦,1055,,92,
南山区,粤海街道,深南花园,3073,,79,
罗湖区,黄贝街道,华丽西村,1056,65,,
宝安区,新安街道,宝雅花园,3622,61,60,
罗湖区,翠竹街道,美思苑大厦,1118,,77,
福田区,南园街道,汇港名苑,2178,,97,
龙岗区,平湖街道,同创新作居,570,,49,
龙华区,龙华街道,弘诚阁,1276,47,,
南山区,招商街道,金竹园小区,4046,91,,
福田区,梅林街道,梅兴苑,3683,75,,
龙岗区,横岗街道,港信达银信广场（商品住房）,534,,57,
南山区,招商街道,海月华庭,3114,,118,
南山区,招商街道,海月花园一期,3588,106,100,
福田区,香蜜湖街道,恒星园,2851,,106,
南山区,粤海街道,海岸明珠园,3136,,115,
南山区,粤海街道,海文花园,4058,111,102,
南山区,桃源街道,郁金香家园,3314,,88,
龙岗区,横岗街道,恒地悦山湖花园,822,,50,
龙岗区,龙城街道,公园大地八期,4214,,50,
宝安区,西乡街道,华侨城曦城,2231,,,167
盐田区,梅沙街道,东部华侨城天麓五区,3552,,,151
南山区,南山街道,鸿瑞花园一期,3074,,94,
龙岗区,横岗街道,信义御城豪园（商品住房）,4109,,60,
龙华区,民治街道,世纪春城8号地块,1014,,81,
南山区,蛇口街道,海伴雅居,3075,,98,
南山区,蛇口街道,招东小区,3149,71,77,
宝安区,西乡街道,安泰花园,2308,70,,
宝安区,西乡街道,湾上六座花园,3614,,82,
龙岗区,布吉街道,倚龙华庭,1426,,66,
龙岗区,龙城街道,紫薇苑一期,816,41,,
龙岗区,龙城街道,非凡空间阁,817,,52,
南山区,粤海街道,豪方现代豪园,3150,,94,
福田区,沙头街道,新洲花园,2533,80,75,
南山区,粤海街道,海珠城,3115,,89,
罗湖区,清水河街道,金湖花园C区,1365,61,,
龙华区,福城街道,玺园,1490,58,,
罗湖区,东门街道,东方颐园,1088,,108,
南山区,招商街道,金竹园大厦,3116,74,81,
宝安区,新安街道,宝佳苑,2534,71,,
宝安区,新安街道,宝新花园,3510,64,,
南山区,招商街道,海上世界双玺花园三期,3579,,185,
罗湖区,东门街道,景阳西,1368,63,,
宝安区,航城街道,润科华府一二期,1975,,54,
宝安区,新安街道,TATA公寓,2048,,73,
龙岗区,龙岗街道,传麒尚林二期,4217,,43,
南山区,粤海街道,英伦名苑三期,3317,,100,
南山区,招商街道,联合医院住宅楼,3318,89,,
宝安区,新安街道,威文大厦,2073,,58,
福田区,香蜜湖街道,明福居,3636,,104,
南山区,南山街道,雷圳碧榕湾海景花园,3499,,94,
南山区,粤海街道,青春家园,3076,,99,
龙华区,民治街道,绿景香颂花园,1356,,83,
南山区,西丽街道,松坪水居,3423,71,,
南山区,粤海街道,博海名苑,3078,,151,
南山区,南头街道,友邻公寓,3079,,131,
福田区,福田街道,华明楼,2075,,80,
南山区,沙河街道,香山里花园二期,3323,,117,
罗湖区,清水河街道,兴芙楼,1358,47,,
罗湖区,翠竹街道,百仕达花园一期,1167,91,92,
罗湖区,东湖街道,翡翠园山湖居二期,1661,,69,
龙岗区,布吉街道,万科红悦花园,1081,,79,
龙岗区,横岗街道,怡美山庄,814,43,39,
罗湖区,南湖街道,钻石时代公寓,1654,,120,
南山区,粤海街道,电力花园一期,3151,,93,
南山区,南山街道,南油百富大厦,3152,,108,
南山区,南山街道,南油福临苑,3153,,107,
福田区,莲花街道,景西大厦,2076,,78,
罗湖区,黄贝街道,文锦花园,1154,72,,
龙岗区,园山街道,水晶之城四期,828,42,35,
福田区,福保街道,帝涛豪园,2179,,81,
福田区,福保街道,帝港海湾豪园,2180,,88,
罗湖区,南湖街道,文星花园,1058,54,,
福田区,沙头街道,泰然泰康轩,2183,,119,
福田区,华强北街道,现代之窗大厦,2184,,112,
福田区,华富街道,现代苑,537,,78,
福田区,福田街道,瑞昌大厦,2185,,95,
福田区,福田街道,彩田医院宿舍,4281,72,,
福田区,莲花街道,彩田居,3449,,89,
福田区,梅林街道,东梅住宅楼,4304,,78,
福田区,福保街道,居雅苑,2079,,80,
福田区,福田街道,华轩大厦,2587,,85,
福田区,园岭街道,红岭中学住宅楼,4280,88,,
南山区,南山街道,山海美域花园,3086,,92,
龙岗区,龙城街道,阳光天健城,820,,52,
南山区,招商街道,花果山大厦,3117,,77,
福田区,莲花街道,宏威花园,2535,78,,
南山区,沙河街道,松山村,4155,98,,
福田区,福田街道,星河世纪大厦,3625,,139,
罗湖区,翠竹街道,新丰大厦,1090,,58,
龙华区,龙华街道,龙泉花园,1575,48,,
罗湖区,翠竹街道,水贝供电局大院,1091,71,,
南山区,桃源街道,龙辉花园,3324,69,,
罗湖区,黄贝街道,新秀村南区,1009,58,,
南山区,西丽街道,西丽山庄,4158,,,200
宝安区,新安街道,新锦安雅园一期,3404,,65,
南山区,南山街道,阳光棕榈园一期,3448,85,89,
福田区,莲花街道,景林花园,2232,76,,
龙华区,民治街道,世纪春城一期,1156,57,53,
南山区,招商街道,雍景湾花园,3177,,139,
罗湖区,黄贝街道,汇鑫花园,3958,,86,
龙岗区,横岗街道,新亚洲广场,823,,38,
罗湖区,翠竹街道,怡泰大厦,1443,,72,
南山区,南头街道,时代骄子大厦,3319,,104,
罗湖区,南湖街道,金鼎大厦,1655,,93,
南山区,粤海街道,朗景园,2708,,109,
罗湖区,南湖街道,高嘉大厦,766,,65,
罗湖区,南湖街道,长丰苑,1720,,91,
南山区,南头街道,嘉南美地,3080,,88,
南山区,南山街道,四达大厦,3081,,92,
龙华区,民治街道,潜龙花园,562,61,56,
龙岗区,龙城街道,园景花园,698,,30,
福田区,福田街道,时代星居,2250,,83,
龙华区,民治街道,盛铭居,1112,57,,
南山区,招商街道,水湾源华后海综合楼,3130,84,,
南山区,蛇口街道,广博星海华庭,3131,,103,
龙华区,龙华街道,绿茵华庭,1113,48,,
福田区,福保街道,金地翠园,2544,,115,
龙华区,龙华街道,桦润馨居C区,1656,53,,
南山区,沙河街道,纯水岸十三期,3440,,,260
罗湖区,黄贝街道,锦秀新村,1151,64,,
南山区,招商街道,四海小区,3054,100,,
福田区,香蜜湖街道,宝能城市公馆一二期,4294,,135,
南山区,蛇口街道,金色海琴苑,4048,,95,
宝安区,西乡街道,香缇湾花园,3668,,81,
福田区,梅林街道,栖棠映山花园,2804,,136,
罗湖区,莲塘街道,莲塘供水公司住宅楼,815,48,,
罗湖区,莲塘街道,东和住宅楼,1556,59,,
南山区,沙河街道,天鹅堡一期,3084,,100,
福田区,莲花街道,景田西,3638,80,,
南山区,南头街道,西海明珠花园,3158,,107,
龙岗区,龙岗街道,龙禧雅苑,813,,38,
宝安区,福海街道,御景水岸花园,2071,77,56,70
南山区,招商街道,文竹园小区,4042,88,,
罗湖区,黄贝街道,锦上花家园,1152,,89,
福田区,莲花街道,惠翔苑,3233,69,,
南山区,粤海街道,西海湾花园,3154,,104,
福田区,福田街道,福宁居,3618,82,,
宝安区,松岗街道,松涛花园,2536,34,,
罗湖区,清水河街道,龙园山庄,3966,52,52,
宝安区,新安街道,海天花园,2539,62,,
宝安区,新安街道,泰华苑,2540,65,,
福田区,沙头街道,星河雅居,2541,,81,
龙岗区,横岗街道,雅景苑一期,819,,44,
南山区,蛇口街道,海莉园,3159,63,,
福田区,园岭街道,园中花园,2080,,91,
龙华区,民治街道,卓能雅苑,1500,,63,
南山区,南山街道,现代城华庭,3178,,87,
福田区,华强北街道,地质局大院,2537,95,,
福田区,梅林街道,振业梅苑,2538,84,,
南山区,蛇口街道,恒裕滨城花园一期,3320,,171,
罗湖区,桂园街道,海关生活区(桂圆),1355,70,74,
龙华区,龙华街道,华源大厦,1441,43,,
福田区,华强北街道,华新村东区,2697,74,,
福田区,香蜜湖街道,星逸居,2542,,85,
龙华区,民治街道,世纪春城三期,1357,,61,
福田区,南园街道,河畔明居,3739,,74,
龙岗区,龙城街道,东方沁园一期,597,,31,
南山区,蛇口街道,雷公岭住宅区,3321,80,,
南山区,桃源街道,皇庭香格里花园,3118,,108,
福田区,福田街道,景福大厦,2069,,79,
龙华区,民治街道,馨园一期,1019,54,,
福田区,园岭街道,园东花园,2070,,96,
福田区,沙头街道,金地花园,3419,73,,
福田区,沙头街道,金域蓝湾,2187,,102,
罗湖区,莲塘街道,畔山花园,1621,52,,
福田区,福保街道,物业时代新居,2188,84,82,
福田区,莲花街道,景田翠景园,3206,,86,
罗湖区,黄贝街道,大澎花园,1114,68,74,
福田区,园岭街道,园岭新村,2696,80,79,
南山区,南头街道,前海华庭,3077,,102,
福田区,莲花街道,宏浩花园,3637,,89,
福田区,梅林街道,山水居,3540,,90,
南山区,沙河街道,纯水岸五期,3082,,,298
南山区,西丽街道,学子荔园,3083,94,,
龙华区,龙华街道,万家园,1111,42,,
福田区,沙头街道,嘉洲华苑,2077,,89,
罗湖区,黄贝街道,朗钜御风庭,1277,,104,
罗湖区,清水河街道,金祥悦园,1020,,61,
龙华区,民治街道,潜龙鑫茂花园B区,1627,,81,
南山区,南头街道,南头花园永发楼,3085,79,,
福田区,香蜜湖街道,嘉园小区,2078,,97,
南山区,南山街道,鸿瑞花园二期,3132,,97,
罗湖区,清水河街道,红岗东村,1115,56,,
南山区,粤海街道,纯海岸雅居,3060,,122,
南山区,蛇口街道,维园大厦,3666,,76,
福田区,梅林街道,东方富苑,2074,,81,
福田区,梅林街道,润裕苑,3810,72,,
南山区,桃源街道,西湖林语名苑,3155,,89,
福田区,福田街道,福岗园,3384,,105,
龙岗区,宝龙街道,和盛五十府,1010,,39,
龙岗区,龙岗街道,桑泰龙樾府,1491,,37,
南山区,蛇口街道,翡翠海岸花园,3157,,172,
福田区,莲花街道,时尚新天地名苑,2181,,117,
福田区,华富街道,城市绿洲花园,4186,,112,
福田区,莲花街道,城市花园(福田),2182,93,86,
龙华区,福城街道,银河新村,1721,27,,
南山区,粤海街道,豪方花园,4076,89,,
福田区,沙头街道,建发住宅楼,2588,78,,
南山区,南山街道,阳光华艺大厦,3160,,150,
罗湖区,清水河街道,海宝阁,1643,53,,
罗湖区,清水河街道,碧清园,1465,,75,
福田区,福田街道,桐林公寓,2186,,134,
南山区,蛇口街道,绿海湾花园,3061,,165,
罗湖区,清水河街道,颐园别墅二期,1021,,,143
南山区,沙河街道,天鹅堡二期,3109,,119,
宝安区,新安街道,兴华阁,2081,57,,
宝安区,新安街道,华安苑,2082,49,,
龙岗区,宝龙街道,顺泽阳光公馆,1140,,42,
罗湖区,黄贝街道,龙景花园,1153,,57,
南山区,南山街道,阳光花地苑,3156,,109,
南山区,沙河街道,燕栖楼,3383,,113,
罗湖区,黄贝街道,口岸住宅小区,1453,67,,
南山区,桃源街道,德意名居一期,4045,,95,
福田区,沙头街道,怡和楼,3527,87,,
龙岗区,龙城街道,公园大地九期,4200,,55,57
宝安区,新安街道,玖悦雅轩,2616,,82,
盐田区,海山街道,东埔海景花园三期,2877,,68,
盐田区,盐田街道,鹏广达·四季公馆,3068,,67,
宝安区,西乡街道,松茂柏景湾公馆,3451,,69,
福田区,福田街道,皇城广场,2221,,98,
龙岗区,布吉街道,康达尔花园二期,1384,,52,
龙岗区,坂田街道,大族云峰花园,1431,,59,
龙华区,民治街道,同创华著,1793,,79,
南山区,南山街道,怡苑阁,3066,,69,
罗湖区,南湖街道,海关宿舍一院,4226,69,,
龙岗区,南湾街道,国香山翡翠华庭,1367,48,51,
南山区,粤海街道,柏宁花园,3325,,246,
宝安区,沙井街道,京基御景珑庭,3144,,45,
龙华区,民治街道,华业玫瑰四季馨园二期,953,,91,
龙华区,民治街道,莱蒙水榭春天花园一期,4219,,76,
龙华区,民治街道,展远御珑苑,934,,84,118
龙华区,龙华街道,幸福城润园二期,1425,,67,
盐田区,梅沙街道,万科东海岸四期,2234,,54,65
龙华区,观湖街道,金地塞拉维花园,629,54,51,57
盐田区,海山街道,东部翠海轩,2233,,65,
宝安区,西乡街道,招商华侨城曦城六期,4284,,,115
龙岗区,横岗街道,振业城六七期,697,38,42,
南山区,粤海街道,蔚蓝海岸社区首期,2005,,114,
罗湖区,黄贝街道,新兴村,1606,63,,
南山区,粤海街道,南油生活B区,3792,94,,
南山区,南头街道,四季丽晶公寓,3793,,130,
罗湖区,清水河街道,鲜花公司综合楼,1520,65,,
南山区,蛇口街道,阳光海滨花园,2997,,153,
龙华区,观澜街道,观澜湖比佩亚大宅,936,65,,76
罗湖区,东湖街道,太白居,1200,70,69,
罗湖区,东门街道,八达商城,935,91,,
南山区,粤海街道,科技园住宅小区,4084,98,105,
龙岗区,南湾街道,桂芳园一期,1070,58,,
龙岗区,南湾街道,南和花园,572,31,,
福田区,莲花街道,莲花北,3814,81,,
罗湖区,莲塘街道,电信宿舍,1479,52,,
福田区,香蜜湖街道,东方园博苑,2740,,141,
南山区,沙河街道,深圳湾畔花园,3786,,103,
盐田区,海山街道,东和附楼,3435,,61,
福田区,南园街道,福滨南村,3746,83,,
福田区,福保街道,益田名园,3724,,89,
南山区,南山街道,招商领玺家园,3445,,94,
福田区,香蜜湖街道,深业中城,3680,,119,
罗湖区,桂园街道,供电局小区,3946,67,,
龙岗区,龙城街道,公园大地四期,4203,,52,57
宝安区,新桥街道,博林君瑞花园,4282,,47,
罗湖区,东门街道,翠园街五巷,1366,69,,
罗湖区,东门街道,北效小区,1483,73,,
罗湖区,清水河街道,笋岗中学住宅楼,4125,57,,
罗湖区,清水河街道,金湖花园A区,1362,75,69,
罗湖区,清水河街道,金湖花园B区,1243,74,,
宝安区,西乡街道,桃源居十七区,2049,,51,
罗湖区,南湖街道,向西雍睦豪庭,1547,,106,
龙岗区,龙城街道,御景蓝湾公馆,877,47,52,
罗湖区,桂园街道,宝丽大厦,1363,,86,
龙岗区,龙城街道,佳兆业未来城,4258,,41,
南山区,粤海街道,后海名苑居北区,579,106,,
罗湖区,清水河街道,金华阁,1482,56,,
宝安区,西乡街道,松茂御龙湾雅苑二期,2020,,85,
龙华区,大浪街道,荟港尊邸二期,1549,,73,
南山区,南头街道,南头花园中南苑,3444,84,,
龙岗区,横岗街道,丽晶中心,1053,,53,
龙岗区,龙城街道,公园大地七期,4202,,54,
龙岗区,龙城街道,公园大地六期,4201,,57,
盐田区,盐田街道,东部华侨城天麓九区,2878,,,153
罗湖区,黄贝街道,靖轩豪苑,1236,,97,
南山区,南头街道,南头花园,3351,89,,
龙岗区,横岗街道,东城中心花园三期（商品住房）,1685,,62,
龙岗区,布吉街道,康达尔花园三期,1385,,53,
龙岗区,龙城街道,喜福汇,1082,,38,
龙华区,观湖街道,奥宸观壹城华府,930,,53,
宝安区,新安街道,文汇花园,4140,59,,
南山区,招商街道,蛇口花园城三期,3236,105,110,
龙岗区,龙城街道,华策中心城,4207,,43,52
龙岗区,布吉街道,万科红三期,1364,,82,
龙华区,民治街道,新彩苑,1139,,87,
福田区,福田街道,辛盛苑,4266,73,,
坪山区,坪山街道,泰富华庭,4007,,29,
罗湖区,东门街道,东兴大厦,1907,72,,
罗湖区,清水河街道,金华金怡阁,1742,58,,
南山区,沙河街道,纯水岸一期,3307,107,118,240
福田区,梅林街道,万泽云顶尚品花园二期,3745,,130,
南山区,粤海街道,京光海景花园,3791,,85,
光明区,光明街道,金城大第花园三期,2627,,72,
盐田区,沙头角街道,梧桐苑,2222,59,,
南山区,南头街道,仓前锦福苑,2996,96,82,
龙岗区,龙城街道,悦城花园三期,851,,50,
宝安区,新安街道,岭下花园,2298,54,,
盐田区,盐田街道,海川阁,2087,,58,
宝安区,沙井街道,拾悦里雅居,3570,,47,
罗湖区,东门街道,城东小区,1359,71,,
罗湖区,东门街道,奥康德大厦,777,63,,
宝安区,新安街道,弘雅花园五期雅景居,4268,57,,
罗湖区,翠竹街道,蓝馨苑,1340,,102,
福田区,华强北街道,都会100大厦,2091,,127,
宝安区,新安街道,建安新村,2092,61,,
大鹏新区,大鹏街道,名墅海景度假村,4001,,,25
宝安区,新安街道,弘雅花园三期,2093,50,55,
罗湖区,莲塘街道,小鹏兴花园,676,62,,
宝安区,新安街道,泰华俊庭,2257,,87,
福田区,莲花街道,景发花园,2019,77,78,
南山区,粤海街道,翠岭居,2758,94,,
南山区,招商街道,翠薇园住宅楼,2759,87,85,
龙华区,民治街道,骏景华庭,781,,66,
南山区,南头街道,秀林新居,2731,,98,
龙岗区,龙城街道,尚景花园,789,30,33,
福田区,香蜜湖街道,熙园,2266,179,151,
福田区,福田街道,海滨广场(福田),2299,,80,
南山区,粤海街道,蔚蓝海岸社区三期,2736,,112,
罗湖区,黄贝街道,食品公司住宅楼(北区),778,71,,
罗湖区,翠竹街道,化工大院,942,69,,
罗湖区,翠竹街道,华丽园,1433,73,75,
福田区,香蜜湖街道,竹园小区,3720,89,,
宝安区,新安街道,弘雅花园二期,2094,55,,
福田区,梅林街道,荔园阁一期,3273,81,,
福田区,沙头街道,蓝湾半岛社区,3728,,96,
宝安区,新安街道,洪福雅苑,2258,,68,
南山区,南头街道,旺海怡苑,2760,,91,
罗湖区,翠竹街道,鸿园居,977,,86,
南山区,南山街道,鼎太风华社区三期,2761,,90,
福田区,南园街道,水畔紫云阁,2259,,98,
福田区,莲花街道,安居苑(莲花),4271,,72,
盐田区,盐田街道,东海龙腾公寓,2852,42,,
罗湖区,莲塘街道,仙泉山庄,790,,,108
罗湖区,莲塘街道,仙湖枫景家园,791,,76,
福田区,莲花街道,深业岭秀名苑,3370,,104,
罗湖区,笋岗街道,合正锦湖逸园,1565,,96,
福田区,梅林街道,梅林二村,3667,77,,
南山区,南山街道,跃华园,3469,,78,
罗湖区,东湖街道,心悦园,1446,62,,
罗湖区,笋岗街道,祥福雅居,779,,93,
福田区,福田街道,港丽豪园一期,2310,,113,
罗湖区,莲塘街道,雍翠豪园,677,,67,
罗湖区,莲塘街道,鹏兴花园二期,679,,68,
宝安区,新安街道,新城花园(宝安),2095,60,,
南山区,南山街道,鼎太风华社区五期,2762,,99,
福田区,梅林街道,新活力花园,3652,62,,
南山区,招商街道,海上世界双玺花园二期,3030,,164,
南山区,南头街道,常丰花园,2763,76,,
罗湖区,莲塘街道,聚宝华府,700,,90,
南山区,桃源街道,陶然居,2764,98,,
罗湖区,莲塘街道,兰亭国际公寓,1101,,67,
福田区,福田街道,深大新村,3631,79,,
福田区,梅林街道,特皓苑,2260,67,,
盐田区,盐田街道,中铁大厦,2853,38,,
龙岗区,横岗街道,东城中心花园一期（商品住房）,806,,71,
龙岗区,龙城街道,紫悦龙庭,4213,,49,
福田区,福保街道,碧馨苑,2287,,98,
福田区,沙头街道,祥云天都世纪大厦,2288,,100,
南山区,南头街道,荔秀华庭,2732,,131,
南山区,南山街道,荔芳村,2733,106,,
福田区,福保街道,益田村,4096,84,83,
龙岗区,龙城街道,香林玫瑰花园,667,38,35,
龙岗区,龙城街道,新鸿花园,668,46,45,
福田区,福田街道,福鑫苑,2312,,80,
宝安区,新安街道,金泰花园,2286,57,,
龙岗区,龙城街道,和兴花园一期,1611,46,,
南山区,蛇口街道,蛇口海欣花园,2752,74,86,
龙岗区,坂田街道,传古斋综合楼,1462,43,,
福田区,华富街道,海连大厦,2315,,88,
南山区,南山街道,南海城中心,2753,,83,
南山区,粤海街道,蔚蓝海岸社区四期,2754,,123,
福田区,莲花街道,缔梦园二期,3002,,98,
福田区,福田街道,皇庭彩园,2316,,101,
罗湖区,莲塘街道,运发御景兰庭,669,,71,
罗湖区,翠竹街道,水电大厦,1846,,47,
罗湖区,黄贝街道,锦绣大厦,1961,,78,
罗湖区,黄贝街道,集浩花园,1962,,70,
罗湖区,莲塘街道,仙桐御景家园,693,,65,
福田区,福田街道,港丽豪园二期,2311,,127,
福田区,福田街道,福雅园,2313,,82,
福田区,莲花街道,香蜜新村,4060,84,,
福田区,香蜜湖街道,香蜜湖第一生态苑,2314,,204,218
盐田区,梅沙街道,泊岸雅苑,2101,,50,
龙华区,龙华街道,大信花园一期,1440,54,,
南山区,招商街道,蛇口兴龙大厦,3926,58,,
罗湖区,莲塘街道,莲通花园,1375,54,,
福田区,园岭街道,翠馨居,2098,,98,
龙岗区,龙城街道,尚景欣园一期,1609,,36,
南山区,南头街道,荟芳园,3429,,75,
南山区,南头街道,荔馨村,3928,110,,
罗湖区,黄贝街道,御湖峰家园,1427,,72,
罗湖区,翠竹街道,柏丽花园,1078,,82,
福田区,福田街道,皇福苑,2215,,95,
福田区,沙头街道,花好园,2097,,125,
罗湖区,翠竹街道,翠拥华庭二期,1971,,94,
罗湖区,莲塘街道,聚宝综合楼,1207,56,,
福田区,南园街道,玉福楼,2847,82,,
福田区,沙头街道,润福园,2096,,85,
南山区,蛇口街道,蛇口春天广场,3927,,101,
南山区,西丽街道,雅丽阁,2765,53,,
福田区,福田街道,城投福滨苑,3368,,97,
福田区,梅林街道,兰江山第花园一期,2229,153,128,
罗湖区,翠竹街道,鹏大厦,1973,,134,
南山区,粤海街道,雅仕荔景苑,2766,,121,
罗湖区,翠竹街道,合正荣悦府一期,975,,112,
罗湖区,翠竹街道,阳光天地家园,782,,124,
罗湖区,翠竹街道,鹏城合正星园,976,,101,
罗湖区,黄贝街道,金枫花园,783,58,52,
龙华区,龙华街道,中环花园,784,50,,
福田区,梅林街道,水务局梅林住宅楼,4032,74,,
南山区,桃源街道,龙都名园,2808,,91,
南山区,南头街道,御海新苑一期,2734,86,,
龙岗区,龙城街道,爱地花园一期,807,39,,
龙岗区,横岗街道,康乐花园商住六区,1469,41,,
宝安区,新安街道,金汇名园,2285,,63,
龙华区,民治街道,龙源大厦,772,43,,
龙岗区,龙城街道,熙和园,792,,56,
南山区,招商街道,新一代大厦,3794,,128,
南山区,招商街道,华府假日大厦,3795,,96,
宝安区,新安街道,海雅广场,2622,,91,
罗湖区,黄贝街道,外贸大院,931,56,,
罗湖区,东晓街道,海鹰大厦(罗湖),1233,64,,
南山区,粤海街道,城市印象家园,3226,,114,
罗湖区,笋岗街道,裕田大楼,1691,48,,
南山区,沙河街道,纯水岸二期,2990,,,600
罗湖区,东门街道,水产商住楼,1692,74,,
盐田区,海山街道,新世界倚山花园二期,2333,,57,
龙岗区,横岗街道,瑞泽佳园二期,830,,48,
盐田区,海山街道,保税区第三生活区,2336,59,,
南山区,南山街道,香格名苑,2995,,89,
罗湖区,翠竹街道,康宁医院职工宿舍,4255,66,,
龙岗区,布吉街道,龙园龙凤雅居,1066,,69,
罗湖区,笋岗街道,嘉宝田花园一期,1602,,87,
龙岗区,平湖街道,御峰园,1068,42,46,51
龙岗区,龙城街道,公园大地三期,4209,,51,
罗湖区,莲塘街道,景福花园二期,850,53,,
罗湖区,清水河街道,棕榈泉别墅二期,1467,68,,196
罗湖区,桂园街道,果园西,630,71,,
宝安区,福永街道,星航华府三期,3841,,50,
罗湖区,东晓街道,布心公寓,1651,71,,
龙岗区,坂田街道,儒骏城立方,763,,73,
坪山区,马峦街道,京基御景印象家园二期,2196,,37,
宝安区,新安街道,招商华侨城曦城五期,2619,,,170
福田区,华富街道,工勘院住宅楼,4273,88,,
龙华区,民治街道,长城里程家园,1906,,61,
南山区,招商街道,万豪御景苑,3871,,119,
龙华区,大浪街道,尚峻御园,928,,76,
南山区,沙河街道,侨苑二期,3397,,95,
南山区,蛇口街道,三湘海尚花园一期,3872,,162,
罗湖区,翠竹街道,环卫大院,1204,68,,
宝安区,新安街道,佳华名苑,2620,,98,
南山区,沙河街道,天鹅堡三期,2004,,197,
盐田区,海山街道,东和大厦,2332,,52,
南山区,南头街道,南头新苑,2006,76,,
罗湖区,东门街道,新风花园,1046,81,,
坪山区,坪山街道,万科金域东郡,2151,,39,
龙岗区,布吉街道,慢城三期,1143,48,53,
福田区,梅林街道,兰江山第花园二期,2042,,116,
龙岗区,布吉街道,可园六期,1386,,61,
罗湖区,笋岗街道,新时速嘉园,1047,67,79,
盐田区,沙头角街道,上东湾雅居,2335,,100,
罗湖区,笋岗街道,中贸大厦,1681,,85,
罗湖区,莲塘街道,长岭花园,701,48,,
盐田区,盐田街道,东部华侨城天麓二区,3387,,,196
龙岗区,龙城街道,新龙岗花园北区,1149,,27,
龙岗区,龙城街道,君悦龙庭三期,702,,46,
罗湖区,南湖街道,航运大院,1698,69,,
南山区,南头街道,名家富居,3789,,102,
宝安区,福永街道,金石雅苑,2643,,46,
南山区,桃源街道,聚宁山庄别墅,3065,,,211
福田区,福保街道,福保桂花苑,3561,,91,
光明区,公明街道,宏发上域花园,3642,,58,
盐田区,沙头角街道,晒鱼坝住宅,2235,54,,
南山区,南山街道,光彩新世纪家园,3865,,104,
罗湖区,翠竹街道,天俊公司住宅楼,1838,68,,
宝安区,福永街道,立新湖花园,2621,33,,
南山区,招商街道,招商桃花园一期,3195,,98,
南山区,招商街道,紫竹园,3463,99,,
南山区,南头街道,中山颐景花园一期,3306,,86,
罗湖区,笋岗街道,银山楼,1839,63,,
龙岗区,龙岗街道,千林山居一期,3978,36,37,50
盐田区,盐田街道,倚山时代雅居,2236,,91,
盐田区,盐田街道,东部华侨城天麓六区,2334,,,120
福田区,福田街道,廊桥花园,2642,,115,
罗湖区,翠竹街道,泊林花园,1521,,109,
罗湖区,翠竹街道,贝丽南商住楼,932,66,,
罗湖区,翠竹街道,东湖丽苑,1637,72,,
罗湖区,清水河街道,银翠苑,624,,68,
罗湖区,南湖街道,熙龙大厦,1048,,80,
龙岗区,龙城街道,公园大地二期,4208,,48,
罗湖区,翠竹街道,建材公司综合楼,4182,64,,
大鹏新区,葵涌街道,海语山林花园,2152,,39,
龙岗区,平湖街道,东都雅苑,1067,34,35,
罗湖区,东湖街道,鹏城花园,933,63,,
罗湖区,翠竹街道,嘉湖新都,1069,,100,
盐田区,沙头角街道,关前楼,2337,,46,
罗湖区,桂园街道,深业宿舍,1454,67,,
龙岗区,布吉街道,美杜兰华庭,1725,,53,
南山区,招商街道,海上世界双玺花园一期,2007,178,,
罗湖区,黄贝街道,曦龙山庄,785,,53,
罗湖区,黄贝街道,轻工大厦,3936,52,,
福田区,华富街道,福莲花园,3407,86,86,
福田区,香蜜湖街道,嘉隆星苑,2252,,99,
南山区,桃源街道,宝能城花园,2711,,110,
南山区,沙河街道,纯水岸十二期,3438,,,298
南山区,粤海街道,滨海之窗花园,2712,,112,
南山区,桃源街道,润城花园,2817,,78,
南山区,南山街道,深华园,3877,96,,
南山区,沙河街道,沙河高尔夫别墅,2757,,,221
福田区,福田街道,景源华庭,2254,,102,
罗湖区,笋岗街道,洪湖民富楼,780,54,,
福田区,莲花街道,东方玫瑰花园,3228,,110,
宝安区,新安街道,庆华花园,2264,56,,
福田区,莲花街道,梅林海关大院,2434,85,,
罗湖区,黄贝街道,新湖村公汽住宅楼,4184,61,,
罗湖区,桂园街道,京基一百大厦,1235,,130,
罗湖区,黄贝街道,碧波花园,3961,46,,
罗湖区,莲塘街道,莲塘花园,632,,55,
龙岗区,龙城街道,中海康城花园一期,659,,40,
龙岗区,龙城街道,瑞华园,654,,42,
罗湖区,黄贝街道,宁水花园,3953,53,,
龙岗区,横岗街道,中海大山地花园南区,660,45,47,46
龙岗区,平湖街道,茗萃园一期,1775,,39,
罗湖区,黄贝街道,华深公司住宅楼,4251,56,,
龙岗区,龙岗街道,仙岭居,656,,41,
龙岗区,坂田街道,富豪花园,1783,53,,
龙岗区,平湖街道,南油花园,1863,35,,
龙岗区,龙城街道,中海康城花园二期,704,,39,
罗湖区,东晓街道,中华花园,1239,,62,
南山区,招商街道,伍兹公寓,3234,,156,
罗湖区,南湖街道,粤鹏大厦,1666,,77,
龙岗区,龙岗街道,锦城星苑一期,655,36,,
龙岗区,布吉街道,海轩广场,1238,,85,
盐田区,沙头角街道,碧海花园三期,2043,,49,
龙岗区,布吉街道,理想家园,1663,,59,
罗湖区,桂园街道,河南外贸大院,1859,61,,
罗湖区,桂园街道,美荔园,1845,,86,
宝安区,松岗街道,联投东方华府一期（商品住房）,2358,,53,
罗湖区,桂园街道,市木材公司住宅楼,1562,69,,
宝安区,新安街道,壹方商业中心一期,4288,,125,
罗湖区,黄贝街道,东深小区,598,66,68,
龙岗区,龙岗街道,远洋新干线,4216,,43,
盐田区,海山街道,进出口公司宿舍,3312,44,,
龙岗区,布吉街道,汇福花园,1668,47,47,
罗湖区,南湖街道,天安国际大厦,1789,,101,
盐田区,海山街道,上善梧桐苑,2955,,61,
宝安区,福永街道,万科金色领域花园三期,2842,,57,
福田区,莲花街道,天健天骄北庐,3686,,130,
宝安区,福永街道,万科金色领域花园二期,2841,,59,
宝安区,松岗街道,松河瑞园二期（商品住房）,2213,,47,
罗湖区,东门街道,凉果街2号大院,1776,72,,
南山区,蛇口街道,海境界家园一期,3749,,119,
罗湖区,黄贝街道,华丽花园,773,,71,
龙岗区,龙城街道,首创八意府,808,,50,
龙岗区,龙城街道,中森双子座公馆,1208,,58,
龙岗区,龙城街道,万科天誉花园二期,4108,,54,
盐田区,梅沙街道,海阔凌海公寓,2872,55,,
龙岗区,龙城街道,龙城国际花园,670,,44,
罗湖区,黄贝街道,东湖大厦,1598,,61,
龙岗区,龙岗街道,旭源瑞景轩,824,,46,
龙岗区,龙岗街道,怡龙枫景园,631,,42,
福田区,南园街道,红岭大厦,4014,,82,
罗湖区,黄贝街道,中建二局小区,788,65,,
南山区,粤海街道,龙城花园,2727,84,,
福田区,莲花街道,香景大厦,3003,,88,
罗湖区,翠竹街道,逸翠园二期,1710,,89,
龙岗区,平湖街道,华侨城四海锦园,771,,50,
龙华区,龙华街道,金碧世家,1577,58,,
南山区,蛇口街道,华达雅园,2729,69,,
福田区,华富街道,瑰丽福景大厦,2297,,90,
龙岗区,龙岗街道,榭丽花园一期,1631,36,,
罗湖区,莲塘街道,广岭家园,1963,,63,
福田区,香蜜湖街道,香荔绿洲,2317,,90,
龙岗区,龙城街道,依山郡花园一期,694,38,43,
龙华区,龙华街道,康华苑,1439,48,,
宝安区,新安街道,鸿景园,3274,,61,
福田区,梅林街道,翰岭花园,4041,,94,
福田区,福保街道,自由港湾公寓,3005,,122,
福田区,梅林街道,恒盛居,3581,76,,
福田区,福田街道,恒福花园,2251,,100,
罗湖区,翠竹街道,名豪居,768,,87,
龙华区,民治街道,丰润花园多层,769,49,,
南山区,南山街道,深航飞行员公寓,3500,,82,
盐田区,沙头角街道,中信海滨花园,2875,,49,
罗湖区,翠竹街道,逸翠园一期,1927,,73,
宝安区,沙井街道,华盛新沙荟名庭二期,2321,,51,
罗湖区,莲塘街道,雅翠轩,674,,75,
罗湖区,莲塘街道,鹏兴花园六期,1444,,73,
福田区,福田街道,福昌大厦,2322,,75,
罗湖区,莲塘街道,聚福花园二期,1632,,61,
罗湖区,莲塘街道,聚福花园一期,1933,49,,
罗湖区,笋岗街道,田心庆云花园,776,83,78,
龙岗区,龙岗街道,榭丽花园三期,675,,43,
盐田区,梅沙街道,海怡轩,2216,,60,
南山区,南头街道,一甲海边新村（商品住房）,3914,85,,
龙岗区,龙城街道,竹雅苑,855,,32,
福田区,沙头街道,金地名轩,3837,,103,
龙华区,观湖街道,佳华领域广场一期,1137,,49,
宝安区,新安街道,理想居,2261,,63,
南山区,南山街道,龙城新苑,4151,80,,
南山区,桃源街道,鼎胜山邻居,2812,,103,
南山区,南山街道,鼎太风华社区六期,2813,,99,
南山区,招商街道,海景广场大厦,2814,,97,
南山区,桃源街道,龙祥苑,2815,,79,
罗湖区,翠竹街道,龙屋小区,1967,64,,
福田区,福田街道,福泉花园,2089,,96,
南山区,粤海街道,滨福庭园,2713,,123,
南山区,粤海街道,熙湾俊庭,2755,,125,
南山区,南山街道,龙泰轩,2756,,90,
罗湖区,莲塘街道,玉雅居,1684,,63,
龙岗区,龙岗街道,榭丽花园二期,1576,35,33,
坪山区,龙田街道,豪方菁园,2139,,50,
宝安区,新安街道,冠利达大厦,2306,,64,
福田区,莲花街道,特区报社住宅楼,2255,,87,
福田区,香蜜湖街道,特发小区,2256,91,96,
南山区,招商街道,花果山小区,2809,97,,
龙华区,龙华街道,大信花园二期,1102,55,,
福田区,莲花街道,香蜜二村,3567,77,,
福田区,莲花街道,金色家园一期,2289,,96,
福田区,莲花街道,金色家园二期,3331,,118,
南山区,桃源街道,龙福苑,2816,75,,
盐田区,盐田街道,三洲田新村,3535,39,,
盐田区,梅沙街道,爱琴湾山庄,2873,,,90
宝安区,新安街道,天源花园,2291,52,51,
盐田区,沙头角街道,云深处别墅区,2874,67,,101
福田区,福田街道,漾福居,3887,,114,
南山区,沙河街道,香山美墅花园,3129,121,135,221
罗湖区,清水河街道,红岗亨平苑,770,56,,
福田区,沙头街道,康达尔公寓,2025,81,,
南山区,沙河街道,纯水岸十期,3439,,,260
宝安区,新安街道,晶美花园,2265,46,,
福田区,沙头街道,椰树花园,3836,82,,
南山区,南头街道,金麒麟花园,2730,,91,
福田区,莲花街道,香荔村,2318,78,,
福田区,香蜜湖街道,香荟雅苑,2319,,121,
罗湖区,翠竹街道,田苑小区,1964,61,,
龙岗区,龙城街道,城市花园二期(龙岗),671,,42,
龙岗区,横岗街道,雅景苑二期,825,,42,
罗湖区,东门街道,万达丰大厦,1965,,67,
宝安区,西乡街道,福中福花园,3006,66,,
罗湖区,黄贝街道,黄贝岭上村曲尺楼,774,63,,
龙岗区,龙城街道,盛龙花园二期,673,,44,
南山区,沙河街道,桂花苑,556,91,91,
宝安区,新安街道,泰华花园,2295,52,,
宝安区,新安街道,安乐花园滨城新村,2296,52,,
福田区,福田街道,福滨新村,3662,88,,
福田区,香蜜湖街道,竹盛花园三期,2294,,95,
大鹏新区,葵涌街道,十七英里花园,2120,,87,117
盐田区,盐田街道,梧桐春晓花园,3813,,67,
宝安区,新安街道,招商华侨城曦城一期,2459,,,161
大鹏新区,葵涌街道,华侨海景山庄,4079,35,,48
福田区,福田街道,福源大厦,2099,,89,
宝安区,沙井街道,东乐花园(宝安),2100,50,,
罗湖区,黄贝街道,海关二院(黄贝),1752,60,,
南山区,沙河街道,首地容御花园,3396,,133,
罗湖区,黄贝街道,华兴花园,1753,72,,
南山区,桃源街道,桃源村,4074,83,75,
南山区,招商街道,雍华府,2710,96,99,
南山区,蛇口街道,太古城花园南区,3531,,156,
福田区,南园街道,御景华城花园,2262,,105,
罗湖区,笋岗街道,宝岗花园,1968,55,,
罗湖区,笋岗街道,庐江春天公寓,1516,,79,
宝安区,松岗街道,畔山御景花园,2090,,37,40
罗湖区,东门街道,新龙坊小区,1969,66,,
龙岗区,龙城街道,东方御花园,699,,40,
南山区,南头街道,豪方天际花园一期,4069,,103,
宝安区,新安街道,华联城市全景花园,3004,,100,
福田区,梅林街道,福贸花园,4002,79,,
南山区,粤海街道,华润城润府二期（商品住房）,3750,,160,166
福田区,梅林街道,华安园,3629,,103,
福田区,莲花街道,华富大厦,3369,,97,
南山区,桃源街道,鼎胜林栖园,2810,,77,
龙华区,福城街道,迎侨花园,786,28,,
龙华区,民治街道,世纪春城二期,787,59,59,
罗湖区,笋岗街道,金丽花园二期,1603,72,,
罗湖区,笋岗街道,铁东小区(北区),4106,65,,
罗湖区,东门街道,名文阁,1557,,74,
宝安区,新安街道,西城品阁,2253,,84,
南山区,南头街道,豪园,4033,85,,
龙岗区,横岗街道,华侨新村(横岗),1794,44,,
福田区,莲花街道,怡枫园,2263,85,108,
南山区,粤海街道,深大海滨小区,3446,88,,
罗湖区,笋岗街道,洪湖邮电大院,1850,68,71,
福田区,园岭街道,南天一花园,3747,,89,
福田区,福田街道,皇庭世纪花园,2290,,120,
福田区,华富街道,皇家翠苑,3196,,95,
罗湖区,翠竹街道,城建综合楼,1461,88,,
罗湖区,黄贝街道,自来水罗湖综合楼,637,64,,
福田区,莲花街道,金色假日名苑,3313,,115,
龙岗区,龙城街道,城龙花园,809,36,36,
福田区,华强北街道,群星广场,2292,,102,
福田区,福田街道,皇庭居,2293,,101,
龙华区,民治街道,风和日丽花园一期,1966,50,,
南山区,桃源街道,香瑞园,4149,,100,160
南山区,南山街道,荔庭园一期,2728,84,,
龙岗区,坪地街道,创城·宜城风景花园,810,,44,
龙岗区,坪地街道,柠檬时代,1612,,35,
罗湖区,黄贝街道,食品公司住宅楼(南区),1711,66,,
龙岗区,龙城街道,龙园印象名苑,665,,45,
南山区,南山街道,南海明珠,2735,94,,
龙华区,龙华街道,金庸阁一期,775,54,,
福田区,园岭街道,核电花园,3651,,98,
罗湖区,东晓街道,农牧公司宿舍(东晓),4127,61,,
龙岗区,龙城街道,悦城花园二期,672,,31,
福田区,香蜜湖街道,香格丽苑,2026,,115,
福田区,香蜜湖街道,香珠花园,2320,,106,
罗湖区,莲塘街道,金色年华家园,1234,,81,
福田区,莲花街道,民宁园,3729,,78,
福田区,香蜜湖街道,香域中央花园,540,,160,
罗湖区,清水河街道,银湖汽车站综合楼,1178,46,50,
南山区,蛇口街道,顺风阁,3495,78,,
龙岗区,龙城街道,欧景花园三期,666,,53,
宝安区,新安街道,雅然居,3661,,60,
福田区,梅林街道,荔园阁二期,3521,,92,
龙华区,民治街道,银泉花园,1970,,50,
龙岗区,龙城街道,欧景花园二期,1772,,35,
盐田区,沙头角街道,东和海韵园,2088,,60,55
南山区,蛇口街道,湾厦花园,3034,,71,
南山区,南山街道,汉京半山公馆,2709,,142,170
罗湖区,黄贝街道,边检大院,926,72,78,
罗湖区,黄贝街道,金安大厦,767,,63,
南山区,桃源街道,海龙苑,2811,,71,
南山区,蛇口街道,浩宇单身公寓,3496,97,,
宝安区,西乡街道,海湾明珠花园二期,2167,60,59,
龙岗区,龙城街道,尚景欣园二期,831,,36,
南山区,蛇口街道,恒裕滨城花园二期,3679,,202,
龙岗区,龙城街道,保利上城花园,1707,,48,
龙岗区,坂田街道,万科城三期,1033,,60,63
龙岗区,坂田街道,万科城一期,1034,66,68,
龙岗区,龙城街道,天健.现代城花园,4206,,42,
宝安区,西乡街道,桃源居十五区,2449,,53,
南山区,粤海街道,科技园37区,3875,95,103,
南山区,沙河街道,光华街住宅区,4083,99,,
南山区,蛇口街道,湾厦凯宁阁,3406,82,,
南山区,蛇口街道,水产职工住宅楼,3706,77,,
龙华区,民治街道,莱蒙水榭山花园,1920,,,180
南山区,招商街道,华采花园(华彩花园),3087,77,84,
南山区,招商街道,龙电花园A区,4043,83,,
龙华区,民治街道,星河丹堤花园,1741,65,78,117
福田区,华强北街道,深勘大院,4019,65,,
龙华区,民治街道,幸福枫景花园,1921,,63,
南山区,招商街道,龟山别墅,3929,,,130
宝安区,新安街道,风采轩,2646,67,64,
龙华区,龙华街道,锦绣花园(龙华),1763,39,,
龙岗区,布吉街道,信义假日名城四期,1450,,68,
宝安区,新安街道,宝民花园,4299,55,,
宝安区,新安街道,海信花园,2441,60,,
南山区,招商街道,水湾小区,3256,111,,
南山区,招商街道,招商桃花园二期,3193,,93,
龙岗区,坂田街道,万科四季花城三期,1059,56,,59
龙华区,民治街道,金地上塘道花园一期,1974,,73,
龙岗区,南湾街道,桂芳园六期,1764,,55,
宝安区,新安街道,菁英趣庭,2647,,96,
福田区,华强北街道,通新岭新村,4029,109,91,
福田区,香蜜湖街道,鑫竹苑,2648,,97,
南山区,南头街道,南光市场,4044,79,,
盐田区,沙头角街道,物资公司商住楼,2609,49,,
南山区,南山街道,向南茗轩,4054,97,,
南山区,南头街道,万裕椰风海岸家园,3930,,90,
宝安区,西乡街道,丽景城,2447,57,58,
盐田区,沙头角街道,沙栏吓裕华楼,2612,48,,
罗湖区,南湖街道,森威大厦,1529,,79,
宝安区,西乡街道,绿海名居,2446,,67,
龙华区,民治街道,熙元山院,1060,,95,168
宝安区,西乡街道,颐合花园,2009,46,,
龙岗区,坂田街道,万科城四期,1061,,57,60
南山区,粤海街道,海映山庄,3653,79,,
盐田区,沙头角街道,罗湖住宅局住宅楼,2613,45,,
宝安区,新安街道,达海花园,2039,63,60,
盐田区,沙头角街道,鹏湾丽苑,2603,54,,
宝安区,新安街道,深信泰丰大厦,2192,,71,
福田区,福保街道,美晨苑,2438,,78,
宝安区,新安街道,宝安新村,2038,49,,
福田区,莲花街道,缔梦园三期,3466,,121,
龙岗区,布吉街道,中翠花园,1283,,54,
龙岗区,南湾街道,丹郡花园,962,,50,
宝安区,新安街道,金海华府,2040,,68,
龙华区,观湖街道,招商澜园,1286,,54,
龙岗区,龙城街道,华业玫瑰郡（商品住房）,738,,45,
罗湖区,南湖街道,裕安花园(罗湖),1287,63,,
龙华区,民治街道,滢水山庄二期,762,52,,
龙岗区,南湾街道,英郡年华花园二期,1284,,66,
罗湖区,南湖街道,广东省银行大厦,1285,,76,
罗湖区,翠竹街道,燃气公司宿舍,4131,74,,
宝安区,新安街道,熙龙湾花园一期,2442,,100,
宝安区,新安街道,山语华庭,3556,,58,
宝安区,西乡街道,城市峰尚花园,2443,,76,
宝安区,福永街道,企岗山住宅区,3389,44,,
罗湖区,东湖街道,宝龙苑,628,66,72,
福田区,南园街道,福田法庭住宅楼,2359,87,,
福田区,福保街道,福源花园二期,2357,,83,
龙岗区,南湾街道,桂芳园五期,1782,,57,
盐田区,沙头角街道,桥东新村中区,2611,48,,
宝安区,新安街道,风临洲苑,2644,,84,
龙岗区,坂田街道,家和花园南区,1449,56,,
罗湖区,南湖街道,芙蓉大厦,1202,75,74,
罗湖区,黄贝街道,深勘宿舍,1726,64,,
罗湖区,翠竹街道,合正荣悦府二期,1588,,116,
宝安区,新安街道,壹方商业中心三期,4287,,102,
龙岗区,横岗街道,信义湛宝大厦,1706,,56,
罗湖区,南湖街道,边检总站二大院,1460,62,,
罗湖区,南湖街道,南方证券大厦,1715,,93,
龙岗区,横岗街道,腾昌花园,1103,37,39,
宝安区,西乡街道,招商果岭花园,2440,,73,
龙岗区,坂田街道,佳华领汇广场一期,1136,,71,
罗湖区,南湖街道,海丰苑,1777,,93,
盐田区,梅沙街道,万科东海岸一期,2356,50,49,52
罗湖区,翠竹街道,翠沁阁,1770,,88,
南山区,招商街道,招商桃花园三期,3255,,93,
盐田区,梅沙街道,优品艺墅雅居,2608,48,,
龙华区,观湖街道,招商观园,1035,53,50,49
罗湖区,东门街道,蛟湖路三号大院,1780,67,,
龙岗区,平湖街道,翠峰丽景,1781,39,38,
光明区,凤凰街道,盛迪嘉光明壹号花园三期,2170,,49,
龙岗区,布吉街道,星都豪庭,1778,,75,
罗湖区,莲塘街道,鹏基生活区,653,71,,
罗湖区,桂园街道,深港豪苑,1919,,81,
罗湖区,黄贝街道,通发花园,1860,60,,
南山区,桃源街道,京基御景峯（商品住房）,553,,87,
龙岗区,布吉街道,丽廷豪苑,1729,,69,
罗湖区,莲塘街道,港莲村,1507,47,,
龙岗区,吉华街道,尚水天成花园,1862,,67,
南山区,南山街道,鼎太风华社区八期,3655,,106,
龙岗区,吉华街道,阳光花园二期,1716,49,,
罗湖区,笋岗街道,洪湖二街14号大院,1895,66,,
罗湖区,笋岗街道,洪湖花园,1548,,67,
罗湖区,笋岗街道,洪湖二街44号大院,1727,61,,
龙岗区,龙城街道,紫薇花园东区,724,35,,
龙岗区,龙城街道,深业紫麟山花园,1100,,36,50
龙岗区,龙岗街道,摩尔城,703,,44,
龙岗区,宝龙街道,振业峦山谷花园二期,3981,,39,42
龙岗区,园山街道,森泉雅轩,658,,48,
龙岗区,龙岗街道,海航国兴花园二期,1694,,46,
罗湖区,黄贝街道,锦星花园,4133,66,,
龙岗区,宝龙街道,振业峦山谷花园一期,1147,,39,
宝安区,西乡街道,鸣乐大厦,2723,49,,
罗湖区,东晓街道,松泉公寓,1771,62,,
福田区,福田街道,深荣大厦,2433,,104,
盐田区,梅沙街道,天琴湾三期,2452,,,218
宝安区,福永街道,星航华府四期,3516,,62,
龙华区,民治街道,溪山美地园二期,1608,,81,86
南山区,南头街道,星海名城二期,3873,,89,
南山区,沙河街道,侨苑一期,3278,,94,
南山区,南山街道,鼎太风华社区二期,3874,,97,
龙华区,民治街道,莱蒙水榭春天五期,4244,,80,
罗湖区,莲塘街道,乐意楼,739,61,,
南山区,蛇口街道,三湘海尚花园二期,3474,,255,
光明区,凤凰街道,盛迪嘉光明壹号花园二期,4263,,48,
福田区,梅林街道,润裕山景豪苑二期,3893,,84,
罗湖区,翠竹街道,罗湖工区,1861,67,,
南山区,粤海街道,科苑西住宅小区,3634,94,,
龙岗区,龙城街道,楚丰广场,657,,40,
福田区,沙头街道,嘉葆润金座家园二期,2360,,129,
南山区,招商街道,荔兴苑,3654,79,,
罗湖区,桂园街道,瑞苑,1272,,80,
龙岗区,布吉街道,吉星花园,3985,43,,
罗湖区,桂园街道,松园南十巷,1714,83,,
罗湖区,笋岗街道,洪湖二街4号大院,1628,70,,
龙岗区,坂田街道,龙岸花园,1938,,79,91
宝安区,新安街道,西岸观邸花园,2645,,95,
龙岗区,南湾街道,英郡年华花园一期,1503,,59,
盐田区,沙头角街道,山泉小区,2338,47,,
南山区,南山街道,汇宾广场二期,3530,,110,
罗湖区,桂园街道,滨苑小区,1205,65,,
罗湖区,桂园街道,环保局大院,1769,67,,
宝安区,航城街道,领航里程花园,4172,71,72,
盐田区,沙头角街道,商贸商住楼,2607,42,,
罗湖区,笋岗街道,洪湖二街2号大院,1762,61,,
罗湖区,清水河街道,棕榈滩花园,1289,,71,
福田区,沙头街道,南溪新苑,4018,,101,
罗湖区,黄贝街道,华清园,1728,,65,
龙岗区,布吉街道,华浩源四期,1052,,48,
福田区,梅林街道,百兴苑,3468,76,,
宝安区,新安街道,华盛盛荟名庭（商品住房）,4297,,81,
福田区,园岭街道,鹏盛年华公寓,3332,,99,
福田区,沙头街道,锦洲花园,2475,80,,
福田区,沙头街道,锦滨苑,2476,79,,
宝安区,西乡街道,富瑰园,2477,54,57,
宝安区,福永街道,文福大厦,3559,29,,
福田区,华强北街道,中泰燕南名庭二期,3698,,118,
罗湖区,南湖街道,南苑,1604,,77,
福田区,华富街道,静逸居,3107,72,,
龙华区,民治街道,绿景香颂美庐园,1079,,82,
南山区,沙河街道,荔园新村,3702,83,,
罗湖区,莲塘街道,仙桐合正锦园,878,,69,
罗湖区,东门街道,蛟湖税务局住宅,1560,75,,
罗湖区,东门街道,蛟湖迎宾大院,1909,71,,
福田区,沙头街道,天安高尔夫花园,2663,,87,
盐田区,沙头角街道,新裕综合楼,2484,42,,
龙岗区,坂田街道,万科城（二区）,645,,75,77
南山区,南山街道,阳光棕榈园二期,3703,96,91,
福田区,梅林街道,润裕山景豪苑一期,538,,77,
龙华区,民治街道,风和日丽花园三期,1831,49,,
盐田区,海山街道,供电局综合楼,2450,54,,
罗湖区,黄贝街道,怡景花园别墅,1779,,,180
罗湖区,黄贝街道,华佳大厦,1561,,61,
罗湖区,翠竹街道,五矿三号大院,4132,73,,
宝安区,新安街道,里仁府,2113,,62,
罗湖区,莲塘街道,东方·尊峪花园,4235,,73,
福田区,沙头街道,天安高尔夫珑园,2445,,140,
南山区,南山街道,永安公寓,3413,85,,
福田区,香蜜湖街道,豪峰园,2468,,96,
福田区,香蜜湖街道,越众小区,4021,80,,
龙岗区,龙岗街道,合家欢园,723,51,,
罗湖区,东门街道,东门广场,1534,,78,
龙岗区,龙岗街道,旭源怡景轩,725,,41,
福田区,福田街道,皇达东方雅苑,2114,,116,
罗湖区,清水河街道,金景花园,1761,58,,
罗湖区,黄贝街道,中物集团,1835,64,,
盐田区,梅沙街道,心海玥雅居,2451,53,,
福田区,南园街道,锦峰大厦,2895,,90,
龙华区,民治街道,汇龙湾花园,1062,,80,
龙华区,民治街道,汇龙苑,1063,69,,
福田区,梅林街道,颐林雅院,2630,88,85,
福田区,香蜜湖街道,风临左岸名苑,2631,,99,
龙岗区,吉华街道,又一村花园,1917,57,,
福田区,沙头街道,韵动家园,3838,,100,
南山区,蛇口街道,弘都世纪公寓,3869,,119,
南山区,南头街道,港湾丽都花园,3870,,83,
宝安区,新安街道,金叶茗苑,3385,,63,
龙岗区,宝龙街道,鸿景春天花园二期,714,29,,
罗湖区,东晓街道,宝丰苑,1170,,72,
罗湖区,东晓街道,海关生活区(东晓),1791,60,,
盐田区,海山街道,东部山海家园,3885,61,73,
福田区,沙头街道,金沙花园(福田),2478,75,,
福田区,香蜜湖街道,香榭茗园,2453,,117,
龙岗区,吉华街道,阳光花园四期,1583,,47,
盐田区,盐田街道,东海丽景花园一二期,543,49,54,
龙岗区,龙岗街道,东方瑞景苑,705,,45,
南山区,南山街道,鹏都大厦,3704,,78,
福田区,南园街道,赛格苑,2109,84,84,
福田区,香蜜湖街道,竹盛花园一期,2108,84,,
福田区,沙头街道,金海丽名居,2479,,88,
福田区,园岭街道,荣生住宅楼(荣生小区),4285,75,,
盐田区,沙头角街道,创意大厦,2485,39,49,
宝安区,西乡街道,金港华庭,2667,,74,
福田区,南园街道,锦绣新居,2237,81,,
罗湖区,东门街道,书院街5号大院,1174,84,,
福田区,园岭街道,长城大厦,542,,87,
南山区,南头街道,直升机场住宅楼,3175,74,,
福田区,梅林街道,申汇基合正逸园,2890,,79,
龙岗区,布吉街道,诚信华庭,1832,,56,
福田区,莲花街道,龙塘生活区,3517,80,,
龙岗区,布吉街道,金运家园,1833,,54,
宝安区,新桥街道,棕榈堡花园,2469,,43,
宝安区,松岗街道,松兴大厦,2470,44,,
龙华区,民治街道,风和日丽花园四期,1972,,56,
南山区,沙河街道,荔枝苑,3776,89,,
罗湖区,东门街道,竹边新村,1812,68,,
盐田区,盐田街道,四季水岸雅居,2929,,58,
福田区,福保街道,缔馨园,2115,,119,
宝安区,西乡街道,碧海富通城三期,3616,,86,
龙岗区,布吉街道,中加名园,1639,62,55,
宝安区,新安街道,腾阁,2448,,84,
宝安区,松岗街道,集信名城,3411,,41,55
大鹏新区,葵涌街道,金海滩渡假别墅,3886,36,,53
盐田区,梅沙街道,天涛轩,3726,,,164
福田区,园岭街道,百花公寓,4003,,106,
福田区,沙头街道,绿洲花园,2896,80,,
盐田区,梅沙街道,心海伽蓝雅居,3486,,48,74
南山区,南山街道,荔海春城花园,3781,78,108,
福田区,福田街道,金港豪庭,2508,,102,
福田区,梅林街道,金燕园,3524,,97,
南山区,南山街道,华联城市山林花园一期,3088,,105,
南山区,南山街道,登良花园,3161,80,,
龙岗区,南湾街道,公园里花园三期（商品住房）,3984,,59,
南山区,沙河街道,国际市长交流中心,2992,,125,
福田区,梅林街道,红梅苑,2632,84,,
福田区,园岭街道,长安花园,2633,,93,
宝安区,西乡街道,安源居,2634,51,,
龙岗区,龙城街道,朝阳里雅苑,1622,57,58,
罗湖区,莲塘街道,鹏莲花园,706,47,,
盐田区,海山街道,东部阳光花园,2482,,60,
盐田区,沙头角街道,桐辉居,2483,50,47,
龙岗区,平湖街道,深华业商住楼,1754,39,,
龙岗区,平湖街道,深华业大厦,1755,,35,
罗湖区,翠竹街道,竹园居,1758,75,,
南山区,沙河街道,中旅广场,4174,98,94,
盐田区,沙头角街道,瀚海翠庭,2606,,64,
罗湖区,南湖街道,湖心花园,1591,,87,
罗湖区,南湖街道,瑞丰大厦,1288,,51,
罗湖区,莲塘街道,依仙湖居,707,54,,
福田区,梅林街道,润华苑,3394,,105,
福田区,梅林街道,银海苑,3335,,89,
宝安区,西乡街道,碧海富通城四期,2891,,81,
龙华区,民治街道,丰润花园别墅,1563,60,,76
南山区,招商街道,碧涛苑多层,3194,95,,
福田区,莲花街道,国泰豪园,3558,,100,
宝安区,新安街道,泰华大厦,2041,,53,
罗湖区,南湖街道,集建国际名园,1032,,113,
龙岗区,龙城街道,天健花园二期(龙岗),849,36,,
罗湖区,莲塘街道,莲塘D小区,4111,63,,
福田区,南园街道,飞扬时代大厦,2892,,118,
盐田区,沙头角街道,合泰御景翠峰(商品住房),546,,70,
盐田区,盐田街道,绿色盐港家园,3912,,50,
福田区,福保街道,雅云轩,2471,,92,
福田区,福田街道,集华花园,2472,,75,
福田区,华富街道,集福居,3641,90,100,
宝安区,新安街道,中信安华综合商住楼,2845,45,,
南山区,蛇口街道,万丰园,3162,79,,
罗湖区,南湖街道,罗湖大厦,1918,,96,
盐田区,海山街道,瑞林苑,2610,48,,
福田区,南园街道,金宝城大厦,2030,,97,
福田区,梅林街道,雕塑家园,2473,,94,
龙岗区,龙岗街道,御豪苑,726,,39,
罗湖区,东晓街道,布心阳光明居,1173,,75,
宝安区,西乡街道,松茂御龙湾雅苑一期,2664,,85,
福田区,莲花街道,金色家园三期,2665,,99,
福田区,园岭街道,荔湖花苑,2666,,101,
宝安区,福海街道,景山花园一期,3557,31,,
福田区,莲花街道,瑞达苑,3421,,77,
罗湖区,南湖街道,侨社大院,1108,55,,
盐田区,沙头角街道,文和园,3430,,45,
福田区,福保街道,蓝色海云居,2906,,109,
福田区,华强北街道,荔香坊,4265,93,77,
罗湖区,东门街道,登高村,1760,70,,
福田区,沙头街道,荔树人家,2110,,92,
宝安区,沙井街道,中熙香莎公馆,2465,,46,
宝安区,西乡街道,碧海富通城二期,2111,,70,
龙岗区,龙城街道,悦城花园一期,708,,,40
罗湖区,东晓街道,碧岭华庭,1915,,71,
宝安区,西乡街道,富通蟠龙居,577,67,65,
福田区,香蜜湖街道,越众越海家园（商品住房）,4028,,102,
罗湖区,东门街道,生产资料公司,1914,67,,
龙岗区,龙城街道,龙福一村,917,32,,
福田区,莲花街道,香丽大厦,3450,,72,
福田区,莲花街道,黄埔雅苑四期,2893,,114,
南山区,蛇口街道,滨海苑,3878,79,,
宝安区,新安街道,碧涛阁,2894,58,,
盐田区,沙头角街道,碧海花园一期,2614,52,,
罗湖区,南湖街道,置地逸轩,1712,,131,
罗湖区,东门街道,华隆园,1759,,94,
福田区,莲花街道,茶宫茗香苑,4190,,94,
大鹏新区,南澳街道,洋畴湾花园,2225,,,85
罗湖区,东门街道,凉果街5号大院,1829,70,,
罗湖区,东门街道,南塘商业广场,1830,76,84,
宝安区,西乡街道,碧海名园,2474,73,71,
盐田区,沙头角街道,桐海雅庭,2481,,53,
龙岗区,平湖街道,茗萃园三期,625,,40,
龙岗区,龙城街道,碧湖花园(龙岗),727,37,35,
福田区,华富街道,莲花二村,2635,87,89,
宝安区,西乡街道,华龙花园,2439,50,,
宝安区,新安街道,北方园小区,2171,53,,
盐田区,沙头角街道,沙副小区,2604,58,,
盐田区,沙头角街道,海港花园,2605,42,,48
盐田区,盐田街道,盐田九号小区,3809,44,,
盐田区,盐田街道,云顶道雅居,3309,,105,
福田区,园岭街道,长乐花园,4037,,90,
福田区,香蜜湖街道,荔林苑,2889,,109,
坪山区,马峦街道,心海城一期,3272,,34,
龙岗区,龙岗街道,沁园,1470,21,,
坪山区,坪山街道,深业东城上邸,2144,,37,
福田区,南园街道,滨江新村西区,2661,79,,
福田区,园岭街道,长怡花园,4067,,101,
福田区,莲花街道,莲兴苑,3606,,90,
宝安区,福永街道,同和凤凰花苑,4075,,49,
宝安区,新安街道,君逸世家花园,2662,,84,
福田区,莲花街道,幸福家园,3409,,81,
福田区,福田街道,广业大厦,2112,,101,
福田区,莲花街道,凯旋豪庭,2444,,123,
南山区,沙河街道,御景东方东堤园,3064,,168,185
盐田区,海山街道,海山居,4148,56,54,
坪山区,坪山街道,祺祥滨河名苑,3052,,34,
龙岗区,龙城街道,锦绣东方花园,722,,44,36
盐田区,盐田街道,星港名苑,2480,,41,
宝安区,西乡街道,青春庭园,3106,85,,
龙岗区,布吉街道,大世纪花园三期,1916,,52,
南山区,招商街道,南达楼,3497,80,,
南山区,粤海街道,南粤明珠,3705,,99,
罗湖区,清水河街道,红岗西村,1743,56,,
罗湖区,笋岗街道,利泰公寓,1834,61,,
坪山区,坪山街道,水岸明珠,2142,27,29,
罗湖区,莲塘街道,莲花阁,1338,52,,
南山区,南山街道,太子山庄,4087,78,80,
南山区,沙河街道,湖滨花园(南山),3690,,90,
福田区,梅林街道,碧华庭居,576,,79,
罗湖区,南湖街道,兴隆大厦,1913,,68,
福田区,梅林街道,艺丰花园,549,72,,
龙岗区,龙城街道,龙城华府,695,,44,
宝安区,松岗街道,松涛大厦,2807,31,,
南山区,沙河街道,世界花园香山居,1991,85,,
罗湖区,黄贝街道,安业花园,1092,57,72,
南山区,蛇口街道,荣村小区,1992,85,,
南山区,沙河街道,东方花园W区,3785,,,171
南山区,蛇口街道,南海玫瑰花园三期,1994,,124,
南山区,南山街道,铭筑荔苑,1995,,114,
南山区,南头街道,建设局宿舍,550,80,,
宝安区,沙井街道,华盛新沙荟名庭一期,2596,,51,
宝安区,新安街道,怡富楼,4146,59,,
龙华区,龙华街道,华昱苑,1316,50,,
宝安区,新安街道,安乐新苑,2488,45,,
南山区,沙河街道,联发大楼,3190,71,,
罗湖区,南湖街道,湖心大厦,1519,,97,
南山区,粤海街道,科技园34区,3096,108,,
罗湖区,东湖街道,翡翠园二期,1773,,64,
罗湖区,桂园街道,菁华楼,602,70,,
南山区,蛇口街道,海明阁,3520,54,,
宝安区,西乡街道,桃源居四区,2489,55,51,
盐田区,梅沙街道,东部华侨城天麓八区,2212,,,151
南山区,蛇口街道,望海汇景苑,3787,,96,
宝安区,新安街道,新安湖商业城,2618,,79,
南山区,南山街道,福海苑,3788,96,,
南山区,南山街道,诺德假日花园,3215,,98,
南山区,招商街道,天骄华庭,3097,,133,
南山区,蛇口街道,湾厦玉竹苑,3098,75,,
南山区,招商街道,兰园小区,3099,85,84,
龙华区,龙华街道,桦润馨居A区,1064,53,,
宝安区,福永街道,金域豪庭一期,3470,48,,
龙岗区,南湾街道,中城康桥花园二期,4114,50,50,
宝安区,新安街道,碧涛居二期,2460,59,,
龙华区,民治街道,金地梅陇镇三期,1065,,64,
南山区,南山街道,南山花园,1996,,,99
宝安区,新安街道,富华花园,3882,53,,
南山区,南头街道,金宝花园,1997,82,,
南山区,蛇口街道,南水花园,3147,80,,
南山区,南山街道,光彩山居岁月家园,3163,,81,
南山区,粤海街道,怡海花园,3164,74,,
罗湖区,莲塘街道,莲南商住楼,1633,48,,
盐田区,沙头角街道,华升职工住宅楼,2211,53,,
龙华区,民治街道,七里香榭花园,1195,,66,
南山区,南山街道,海昌阁,3447,80,,
罗湖区,南湖街道,口岸公安大院,1309,76,,
南山区,蛇口街道,米兰公寓,3268,,110,
宝安区,西乡街道,湾美花园,2490,,96,
南山区,沙河街道,一辉花园一期,3269,98,,
南山区,蛇口街道,金色阳光雅居,3267,,106,
罗湖区,南湖街道,港逸豪庭,1308,,75,
罗湖区,东门街道,立新花园三期,1071,,81,
宝安区,西乡街道,西乡物业商住大厦,2461,51,,
福田区,香蜜湖街道,雅福居,2491,,99,
宝安区,新安街道,新锦安壹号公馆,2463,,87,
光明区,马田街道,益田假日府邸（商品住房）,2015,,50,
南山区,沙河街道,荣超侨香诺园,3091,,116,
福田区,沙头街道,都市花园,2103,,101,
南山区,南山街道,荔雅居,3695,,82,
南山区,南山街道,银兴苑,3694,79,,
龙岗区,龙城街道,城市花园一期(龙岗),709,34,,
罗湖区,笋岗街道,碧水园,1825,,70,
龙岗区,坂田街道,佳兆业中央广场一期,1596,,61,
罗湖区,莲塘街道,乐华楼,716,59,,
宝安区,西乡街道,魅力时代花园（商品住房）,2903,,84,
罗湖区,东门街道,立新花园一期,1522,89,86,
龙岗区,宝龙街道,绿色满庭芳,712,,41,
罗湖区,笋岗街道,梨园路单身住宅楼,758,66,,
盐田区,海山街道,东埔海景花园二期,3753,,65,
龙岗区,龙城街道,欧意轩花园,713,35,32,
龙岗区,宝龙街道,卓弘高尔夫雅苑,711,,45,
南山区,南头街道,园丁楼,3188,87,,
南山区,招商街道,蛇口高山花园,3475,,113,
南山区,南头街道,马家龙住宅楼,580,77,,
宝安区,新安街道,豪城馨庭居,2116,,63,
龙华区,民治街道,苹果园,1824,,75,
宝安区,航城街道,金达花园,2117,57,49,
福田区,梅林街道,笔架山公馆,2028,,98,
南山区,蛇口街道,蓝漪花园,3782,,89,106
福田区,沙头街道,鸿景湾名苑,2904,,103,
罗湖区,东晓街道,英达花园,1638,63,62,
南山区,蛇口街道,蛇口翠苑小区,3868,78,,
龙岗区,龙城街道,天集雅苑,728,,35,
龙岗区,龙城街道,宏兴苑,729,32,34,
罗湖区,东门街道,轻工综合楼,1559,73,,
罗湖区,东晓街道,宝翠苑,1523,,86,
龙岗区,龙城街道,阳光广场,721,,38,
宝安区,新安街道,新安中学住宅楼,3619,54,,
罗湖区,黄贝街道,汽车培训中心住宅楼,4234,57,,
盐田区,盐田街道,和亨家家园,3578,,51,
福田区,华富街道,笔架山庄,4038,65,,
罗湖区,黄贝街道,庐峰翠苑,1836,,79,
大鹏新区,葵涌街道,麓湾居,2203,,,65
罗湖区,黄贝街道,中山花园,1910,,70,
福田区,香蜜湖街道,香蜜苑,3146,,146,
盐田区,盐田街道,蔚蓝假日雅苑,2218,,49,
坪山区,龙田街道,盈富家园,2140,,34,
南山区,南山街道,康乐大厦,3488,103,85,
罗湖区,桂园街道,幸福里雅居,1495,,158,
南山区,南山街道,康乐村,3577,79,,
福田区,香蜜湖街道,越众竹林花园,2628,81,,
龙岗区,龙岗街道,龙富花园(平南),1595,29,,
福田区,福田街道,福民大厦,2629,,79,
龙岗区,龙城街道,家和盛世花园一期,633,,47,
龙华区,龙华街道,花半里清湖花园,1822,,59,54
宝安区,西乡街道,海乐花园,3388,53,,
宝安区,西乡街道,豪业华庭,2104,71,60,
福田区,福田街道,港田华园,2105,,99,
南山区,粤海街道,科苑学里揽翠居,4165,,102,
宝安区,航城街道,兴达华府,2888,,77,
罗湖区,翠竹街道,翠都花园,1493,73,,
宝安区,沙井街道,万科翡逸郡园,2887,,52,
龙岗区,龙城街道,家和盛世花园二期,916,,54,
南山区,招商街道,蓬莱花园,3701,74,,
罗湖区,翠竹街道,翠苑住宅小区,4239,62,,
龙岗区,龙城街道,吉祥里豪庭,899,,52,
南山区,招商街道,振兴小区,3302,81,,
南山区,南山街道,汇宾广场一期,1993,,78,
罗湖区,黄贝街道,金城华庭,1376,,100,
龙岗区,龙城街道,欧景花园一期,710,,35,
福田区,香蜜湖街道,金众金竹花园,2118,76,,
南山区,蛇口街道,湾厦泰福苑,3890,,98,
南山区,桃源街道,湖彬苑,3780,,101,
宝安区,新安街道,宏发领域花园,2901,,106,
南山区,南头街道,南苑新村西区,4089,85,,
南山区,蛇口街道,南海玫瑰花园二期,3866,,126,145
罗湖区,黄贝街道,湖滨阁,1678,,74,
南山区,南头街道,华为住宅楼,3612,81,,
南山区,南头街道,工商楼,3022,67,,
南山区,南头街道,荔苑小区,4168,77,,
龙岗区,龙城街道,公园大地十期,4204,,47,57
南山区,粤海街道,科技园36区,3189,109,,
南山区,招商街道,海月花园二期,3304,91,94,
龙岗区,龙岗街道,叠翠新峰花园二期,715,,37,
福田区,梅林街道,蓝天绿都家园,2902,,91,
福田区,南园街道,锦龙新村,2029,86,,
罗湖区,东湖街道,华秀花园,1171,60,,
福田区,梅林街道,高达苑,2031,66,,
福田区,香蜜湖街道,香诗美林花园,4022,,110,
福田区,福田街道,高发城驰苑,2511,108,121,
福田区,华强北街道,海馨苑,4023,,110,
龙岗区,吉华街道,海心汇福园（商品住房）,1912,,67,
南山区,粤海街道,汇园雅居,3699,,102,
龙岗区,龙城街道,公园大地五期,4205,,55,
南山区,粤海街道,天悦园,3095,,91,
南山区,粤海街道,蔚蓝海岸社区二期,3305,,103,
龙华区,龙华街道,城市阳光花园,1823,,52,
光明区,光明街道,东区住宅区,2626,36,,
宝安区,西乡街道,锦欣花园,2509,47,,
龙岗区,布吉街道,鸿景豪苑,1911,,56,
龙华区,观澜街道,观湖园,1543,,,71
南山区,沙河街道,汇文楼,3700,,95,
龙岗区,布吉街道,新利苑,1558,43,,
罗湖区,东湖街道,彩世界家园,1671,,73,
宝安区,新安街道,佳华书苑雅阁,2107,,96,
罗湖区,笋岗街道,泥岗铁路小区,3955,63,,
龙华区,龙华街道,华富小区,1826,42,,
宝安区,西乡街道,桃源居十三区,2462,48,53,
罗湖区,黄贝街道,新天地名居,1175,,103,
宝安区,西乡街道,兴华花园(宝安),4145,49,,
宝安区,新安街道,海云轩,2106,,65,
盐田区,海山街道,太平洋住宅区,2217,51,,
罗湖区,黄贝街道,怡景花园-荷花村,1144,76,,
福田区,华强北街道,红荔村住宅区,551,96,,
福田区,梅林街道,梅林三村,4091,,74,
福田区,华强北街道,海外装饰大厦,3889,81,,
龙岗区,布吉街道,灏景明苑一期,1827,,56,
罗湖区,东晓街道,新屋吓培峰苑,1494,,87,
大鹏新区,葵涌街道,半山海花园,2141,,45,45
宝安区,新桥街道,鸿荣源禧园,3621,,48,
罗湖区,翠竹街道,洪湖东岸家园,1908,,85,
盐田区,沙头角街道,沙头角海关小区,3721,59,,
罗湖区,黄贝街道,西岭花园,1194,50,,
南山区,南山街道,中润大厦,3303,,115,
罗湖区,桂园街道,桂木园小区,1546,65,,
盐田区,沙头角街道,瀚海东岸家园,3336,,62,
福田区,梅林街道,绅宝花园,2886,,71,
盐田区,盐田街道,东部华侨城天麓三区,3910,,,136
坪山区,坑梓街道,深业御园,2143,,34,
罗湖区,东门街道,盛华公司住宅楼(东门),1837,69,,
龙岗区,龙城街道,花半里花园,717,,37,
南山区,招商街道,港湾生活小区,3867,70,71,
福田区,莲花街道,雨田村二期,2905,,83,
福田区,莲花街道,雨田村一期,3506,79,,
福田区,华强北街道,中泰燕南名庭一期,2512,,112,
罗湖区,南湖街道,云峰花园,1172,,73,
罗湖区,南湖街道,卫检大院,1422,70,,
龙岗区,坂田街道,家和花园北区,1821,58,,
南山区,南头街道,南头大厦,3412,,88,
龙岗区,吉华街道,金域中央花园二期,1649,,61,
罗湖区,清水河街道,银湖住宅区（商品住房）,4103,59,,
福田区,莲花街道,青海大厦,3105,,83,
福田区,莲花街道,润丰园,2510,,78,
南山区,粤海街道,科技园住宅区,4175,89,,
龙华区,观澜街道,汉士达华庭二期,1193,,,77
龙岗区,龙岗街道,百合山水别苑,692,38,38,
福田区,福保街道,城市3米6公寓,3684,,88,
龙岗区,吉华街道,长庆小时代雅轩,955,,58,
南山区,粤海街道,大冲都市花园,3405,,137,
福田区,莲花街道,天健名苑,3572,,149,
福田区,香蜜湖街道,港中旅花园二期,2384,,141,
龙岗区,平湖街道,平湖佳兆业广场,1480,,47,
福田区,梅林街道,虹湾花园,2046,,124,
福田区,香蜜湖街道,天健公馆,2366,,164,
南山区,蛇口街道,半岛城邦花园四期（商品住房）,3452,,130,
龙华区,民治街道,星河传奇花园二期（商品住房）,1222,,80,
罗湖区,翠竹街道,德弘天下华府,583,,97,
龙岗区,龙城街道,东都花园二期,829,,46,
罗湖区,南湖街道,嘉宾派出所住宅楼,1329,74,,
罗湖区,笋岗街道,虹桥金岸,1481,,83,
宝安区,西乡街道,君成雍和园,3620,,75,
罗湖区,笋岗街道,城建洪湖住宅楼,1544,63,,
龙岗区,龙城街道,中粮祥云（商品住房）,4198,,51,
罗湖区,东门街道,翠园街四巷,1221,75,,
龙岗区,龙城街道,琳珠华庭（商品住房）,1477,,50,
罗湖区,南湖街道,阳光新干线家园,1223,,102,
罗湖区,翠竹街道,巨邦公司住宅楼(东区),1459,63,,
南山区,粤海街道,大冲新城花园,3915,,110,
南山区,粤海街道,华润城润府三期,3018,,164,
龙华区,民治街道,碧水龙庭,3979,,66,
福田区,莲花街道,景丽花园,2047,74,,
福田区,梅林街道,香山花园,2427,71,,
南山区,西丽街道,松坪村三期西区,3308,,109,
福田区,南园街道,燃气集团住宅楼,4303,79,,
龙岗区,宝龙街道,中骏四季阳光三期,1478,,33,
罗湖区,东晓街道,松泉山庄松泉阁,1687,,82,
龙岗区,坂田街道,华晖瑞禧家园,1756,,70,
宝安区,航城街道,领航城领秀花园,2382,,67,
南山区,粤海街道,粤海小区,3165,79,,
罗湖区,南湖街道,联城美园,1226,,110,
福田区,沙头街道,金海湾花园,3640,,91,
龙岗区,吉华街道,金域领峰花园,956,,68,
南山区,粤海街道,帝景园二期,3092,,90,
南山区,招商街道,水湾B区,3093,85,,
南山区,招商街道,荔园小区,3603,93,,
南山区,沙河街道,荔海楼,3094,,104,
龙岗区,南湾街道,中房怡乐花园,1330,51,53,
罗湖区,清水河街道,翠雅居二期,1589,69,76,
南山区,南头街道,麒麟花园B区,4164,84,83,
龙华区,民治街道,日出印象花园A区,3960,57,57,
宝安区,新安街道,招商华侨城曦城四期,4315,,,163
南山区,沙河街道,燕晗山居,3187,,,222
龙华区,福城街道,澜汇花园,1739,,48,
宝安区,新安街道,鸿昌花园,3639,,57,
宝安区,福永街道,怡海楼,3549,42,,
龙岗区,龙城街道,广业成学府道花园,691,,54,
南山区,蛇口街道,永乐新村,3166,76,,
南山区,粤海街道,粤海综合楼,3462,66,,
南山区,蛇口街道,海兴阁,3611,74,,
南山区,粤海街道,厚德品园,3300,,122,
南山区,粤海街道,海印长城小区二期,3301,,103,
南山区,沙河街道,燕晗山苑,3477,,146,
福田区,香蜜湖街道,安峦公馆,2467,,131,
南山区,沙河街道,汀兰鹭榭花园,3270,129,116,221
盐田区,盐田街道,金港盛世华庭,2017,,61,
南山区,蛇口街道,鸿威海怡湾畔花园,3299,,167,
龙岗区,龙岗街道,千林山居二期,1432,,36,
罗湖区,南湖街道,兴业大厦,1787,,89,
罗湖区,南湖街道,世界金融中心,1953,,142,
福田区,沙头街道,好景豪园,2383,73,81,
龙华区,民治街道,金地上塘道花园二期,1331,,79,
罗湖区,东晓街道,丰湖大厦,1073,,75,
罗湖区,笋岗街道,兴华花园(罗湖),1075,,63,
罗湖区,黄贝街道,凤凰印象花园,1074,,112,
龙岗区,吉华街道,阳光花园五期,1582,,60,
罗湖区,笋岗街道,笋岗派出所综合楼(笋岗派出所宿舍),4225,65,,
龙岗区,布吉街道,百合星城二期,1107,,65,
罗湖区,黄贝街道,电视台宿舍,1935,60,,
南山区,南头街道,苏豪名厦,3167,,82,
罗湖区,莲塘街道,梧桐山新居一期,688,69,,
罗湖区,翠竹街道,叠翠居,1224,91,,
罗湖区,南湖街道,冠懋金色都汇,1225,,119,
罗湖区,南湖街道,罗湖区人民医院住宅,4230,,74,
龙岗区,龙城街道,公园大地一期,4199,,52,57
龙华区,福城街道,华盛峰荟名庭一期（商品住房）,1533,,51,
南山区,沙河街道,装饰公司宿舍,3696,85,,
龙岗区,布吉街道,长龙新村,1613,45,,
宝安区,新安街道,新安湖花园,2045,58,73,
罗湖区,南湖街道,银座公寓,1501,,93,
龙岗区,龙城街道,东方沁园二期,689,,48,
南山区,南头街道,南贸中心,3225,88,,
罗湖区,东门街道,洪湖大厦,1332,,79,
南山区,招商街道,鲸山别墅,4080,,,140
盐田区,海山街道,卫生系统职工住宅楼,3069,47,,
南山区,南头街道,翡翠明珠花园（商品住房）,3328,,130,
福田区,南园街道,锦花新居,3748,85,,
福田区,香蜜湖街道,锦庐花园,3734,,177,
光明区,光明街道,龙光玖龙台,2594,,58,
罗湖区,黄贝街道,凤凰路6号大院,4305,72,,
龙华区,民治街道,龙悦居四期,1181,,76,
龙华区,龙华街道,保利悦都花园,937,,72,
福田区,莲花街道,黄埔雅苑一期,2656,106,112,
宝安区,新安街道,碧涛居一期,2657,57,63,
龙岗区,龙城街道,京基御景中央花园一期,882,,40,
罗湖区,黄贝街道,凤凰路166号大院,4223,,77,
罗湖区,莲塘街道,港莲二村,1550,48,,
罗湖区,黄贝街道,华丽小区,1404,57,,
宝安区,福海街道,华强城市花园三期,3453,,56,
宝安区,松岗街道,满京华云著花园一期,2593,,45,
宝安区,沙井街道,宝亭锦园,4082,,40,
罗湖区,莲塘街道,莲塘派出所宿舍,4110,46,,
龙华区,民治街道,潜龙鑫茂花园C区,963,,85,
龙华区,龙华街道,华盛珑悦花园（商品住房）,1492,,59,
罗湖区,东门街道,翠园十四巷,1273,68,,
罗湖区,莲塘街道,莲馨家园,678,,59,
坪山区,坪山街道,深城投中城花园（商品住房）,554,,46,
龙岗区,布吉街道,新兴楼,1568,40,,
福田区,香蜜湖街道,金海花园,2309,,105,
龙岗区,平湖街道,鹏华世家华府,997,,37,
南山区,桃源街道,博林天瑞花园一期,3580,,110,
宝安区,西乡街道,万象新天一期,4272,,83,
福田区,沙头街道,乾泰公寓,4302,86,,
光明区,玉塘街道,勤诚达正大城花园一期,2432,,51,
宝安区,西乡街道,凤凰天誉,3669,,64,
南山区,西丽街道,鹤祥苑,2998,68,,
盐田区,盐田街道,御景台雅园,3551,,58,
宝安区,福永街道,怀德广场,3207,,58,
罗湖区,笋岗街道,翠盈嘉园,1072,,82,
南山区,南山街道,仓前锦福苑三期,3104,97,87,
南山区,南山街道,仓前锦福苑二期,3883,,85,
南山区,招商街道,悠然居,3327,,90,
盐田区,沙头角街道,半山悦海花园,2928,,79,
光明区,玉塘街道,明发光明轩,3716,,49,
光明区,光明街道,金城大第花园二期,2464,,,52
福田区,福田街道,国际文化大厦,4086,,95,
南山区,桃源街道,德意名居二期,4071,,89,
龙华区,龙华街道,鸿荣源·壹成中心七区,4245,,73,
南山区,蛇口街道,枫叶望海公馆,4064,,123,
福田区,福保街道,石厦花园,3697,,120,
龙华区,民治街道,玉华花园,1828,50,50,
宝安区,航城街道,领航城领誉华府,3142,,64,
福田区,莲花街道,必好花园,2654,75,,
罗湖区,翠竹街道,嘉多利花园北区,938,,95,
罗湖区,东门街道,蛟湖路片区二号大院,939,74,,
宝安区,新安街道,西城上筑花园,3635,,85,
宝安区,西乡街道,幸福港湾御品居,3534,,75,
坪山区,龙田街道,奥园翡翠东湾,2428,,39,
光明区,马田街道,天汇时代花园一期,3834,,51,
坪山区,坪山街道,六和商业广场一期（商品住房）,2153,,46,
南山区,南头街道,东关·乐尚林居,3326,,94,
龙华区,龙华街道,天玑公馆,4120,,57,
南山区,沙河街道,天鹅湖花园（二期）,2994,,126,
罗湖区,东湖街道,淘金山湖景花园二期,1502,,109,167
宝安区,松岗街道,满京华云著花园二期,2016,,47,
罗湖区,东晓街道,鹿鸣园,1133,,70,
罗湖区,笋岗街道,洪湖二街10号大院,635,71,,
宝安区,松岗街道,联投东方华府二期（商品住房）,2722,,50,
罗湖区,笋岗街道,美景花园,1614,,69,
龙岗区,吉华街道,景华嶺莑,1109,,62,
大鹏新区,葵涌街道,招商东岸家园（商品住房）,3143,,36,
南山区,粤海街道,红树别院,4166,,135,
福田区,南园街道,园西,2655,84,,
龙华区,龙华街道,鸿荣源·壹成中心九区,4308,,68,
龙岗区,南湾街道,银领公馆,1138,,66,
盐田区,梅沙街道,清涛阁,3490,,52,
南山区,桃源街道,博林天瑞花园二期,3718,,97,
宝安区,航城街道,天福华府B区,2174,,58,
龙岗区,龙城街道,碧湖豪苑,1551,,36,
罗湖区,东门街道,东升街一巷,927,49,,
宝安区,新安街道,弘雅花园四期雅兰亭,4291,69,64,
南山区,南头街道,红花雅筑,3338,,130,
龙岗区,布吉街道,慢城一期,4221,49,50,
罗湖区,桂园街道,鹿丹铁路新村,4242,69,,
龙华区,观湖街道,中森公园华府,1616,,52,
罗湖区,笋岗街道,嘉宝田花园二期,1445,,96,
罗湖区,南湖街道,文星阁,1618,103,,
福田区,香蜜湖街道,安托山花园一期,4301,,180,
福田区,香蜜湖街道,安托山花园二期,4300,,180,
罗湖区,黄贝街道,芳庭苑,1619,,67,
宝安区,新安街道,宝新阁,2882,,49,
宝安区,航城街道,领丽花园,2595,,66,
龙华区,大浪街道,尚峻花园一期,929,,76,
光明区,光明街道,金城大第花园一期,3398,,66,
罗湖区,桂园街道,中海鹿丹名苑,1682,72,121,
宝安区,新安街道,十八区锦竹苑,3571,55,,
南山区,南头街道,南头中学宿舍,3172,73,,
大鹏新区,葵涌街道,亚迪村,2205,,26,
福田区,福田街道,皇御苑一期,3648,,96,
福田区,福田街道,皇御苑二期,3574,,98,
福田区,福田街道,皇御苑三期,2966,,100,
福田区,福田街道,皇御苑四期,2435,,117,
南山区,沙河街道,怡康楼,3173,,101,
龙岗区,龙岗街道,千林山居三期,731,,42,47
龙华区,民治街道,莱蒙水榭春天B区6期,4250,,75,
坪山区,坑梓街道,比亚迪三村,2228,,38,
坪山区,马峦街道,悦都会华庭,2119,,38,
罗湖区,黄贝街道,安业馨园,1509,,64,
宝安区,沙井街道,华盛新沙荟名庭三期,2970,,58,
盐田区,沙头角街道,沙头角工商分局住宅楼,2956,48,,
福田区,福保街道,福田花园,3601,86,90,
福田区,梅林街道,锦林新居,3576,71,,
宝安区,新安街道,天御豪庭,3585,,111,
罗湖区,清水河街道,银湖蓝山润园二期,1452,,119,
宝安区,新安街道,云玺锦庭,1989,,111,
南山区,招商街道,山语海苑二期,3544,,89,
宝安区,福海街道,华强城市花园一期,3169,,52,
龙岗区,龙城街道,京基御景中央花园二期,903,,42,
宝安区,航城街道,天福华府A区,2206,,60,
宝安区,西乡街道,幸福港湾尚品居,3542,,85,
宝安区,新安街道,幸福海岸二期,2208,,81,
宝安区,新安街道,幸福海岸一期,2207,,84,
福田区,梅林街道,万泽云顶尚品花园一期,2209,,151,193
光明区,光明街道,深房传麒山东区,4269,,60,48
龙岗区,龙城街道,竹雅名居竹韵苑,857,,30,
龙岗区,龙城街道,竹馨苑,856,,37,
龙岗区,龙城街道,竹沁苑,854,,29,
龙岗区,龙岗街道,海航国兴花园一期,858,,49,
龙华区,民治街道,公馆一八六六花园南区,4312,,98,
龙华区,民治街道,锦绣江南三期,1690,,56,
龙华区,民治街道,锦绣江南二期,1564,57,57,
龙华区,民治街道,锦绣江南一期,1689,58,61,
龙华区,民治街道,玖龙玺花园二期南区,1722,,94,
龙华区,民治街道,中海锦城花园南区,1484,,79,
南山区,西丽街道,松坪村兰苑,4154,83,,
南山区,西丽街道,松坪村竹苑,3422,76,,
南山区,西丽街道,松坪村梅苑,3460,77,,
坪山区,马峦街道,天峦湖花园一期,2199,,35,
盐田区,海山街道,东埔海景花园一期,3754,56,,
罗湖区,莲塘街道,梧桐合正锦园,1950,,67,
南山区,沙河街道,盛德苑,3758,84,,
盐田区,盐田街道,中海半山溪谷花园,3725,48,50,
罗湖区,桂园街道,蔡屋围南村,1265,79,,
罗湖区,翠竹街道,鸿业苑,3941,,87,
福田区,香蜜湖街道,港中旅花园一期,2658,131,137,192
龙岗区,龙城街道,龙平紫园,901,34,44,
南山区,桃源街道,桃源村三期,3472,,82,
罗湖区,翠竹街道,鸿怡阁,1647,,97,
宝安区,新安街道,新玥庭,3660,,55,
龙华区,龙华街道,盛地龙泉,1574,53,,
龙岗区,龙城街道,远洋新天地家园,978,,50,
福田区,沙头街道,雄江苑,4040,89,,
宝安区,西乡街道,"华海金湾公馆(A104-0136)
(华丰前海湾一期)",2018,,83,
宝安区,西乡街道,"华海金湾公馆(A104-0135)
(华丰前海湾二期)",4264,,80,
罗湖区,东湖街道,东湖馨苑,3986,62,,
罗湖区,东晓街道,东昌路4号公交综合楼,1670,54,,
龙岗区,坪地街道,西湖苑水岸香,897,24,29,39
龙华区,民治街道,安宏基天曜广场,559,,77,
宝安区,新桥街道,名仕国际,247,,34,
罗湖区,东门街道,港丰大厦,374,,106,
南山区,南山街道,南园枫叶公寓,519,,139,
南山区,南山街道,南光城市花园（商务公寓）,525,,133,
南山区,西丽街道,万科运城三期,510,117,112,
南山区,粤海街道,金地国际公寓,516,,155,
宝安区,新安街道,华盛盛荟名庭（商务公寓）,517,,87,
福田区,华强北街道,中电迪富大厦,512,,146,
南山区,粤海街道,深投控创智天地大厦,509,,130,
福田区,莲花街道,哈尔滨大厦,503,,117,
南山区,南山街道,诚盈商务中心,513,,105,
龙岗区,南湾街道,公园里花园三期（商务公寓）,523,,68,
龙华区,观湖街道,福楼村统建楼,22,,33,
龙华区,民治街道,上丰花园,25,,43,
龙岗区,布吉街道,北一号大芬统建楼,32,35,,
龙华区,龙华街道,清湖铭泉,42,,46,
龙岗区,南湾街道,黄金花园,46,,40,
龙华区,龙华街道,鑫园,50,,40,
龙华区,民治街道,伽乐园,51,,42,
龙华区,福城街道,中心花园,52,,37,
龙华区,民治街道,乐溪公寓,53,,50,
龙华区,龙华街道,荔苑大厦,54,,50,
龙华区,龙华街道,盛世江南,60,,43,
龙华区,大浪街道,上早大厦,71,,41,
龙华区,大浪街道,澳华花园,77,,41,
龙华区,福城街道,冼屋大楼,78,,35,
龙华区,龙华街道,翠湖茗苑,80,,46,
龙华区,观湖街道,创新华庭,87,,33,
罗湖区,笋岗街道,田贝花园,93,,55,
龙岗区,园山街道,龙村村委统建楼,94,,36,
龙岗区,龙城街道,荔枝园村统建楼,96,,36,
龙华区,福城街道,庄园华庭,101,,34,
罗湖区,东晓街道,美景苑,106,42,42,
宝安区,福海街道,新田花园,111,,35,
南山区,南头街道,久商大厦,113,,69,
宝安区,新桥街道,星悦豪庭一二期,136,,39,
宝安区,沙井街道,海怡苑,137,,33,
宝安区,西乡街道,共乐华庭,138,,55,
宝安区,石岩街道,星耀名城,140,,31,
宝安区,福海街道,和平世家,141,,40,
宝安区,新桥街道,西岸银座,143,,41,
宝安区,新桥街道,麒麟名都,152,,42,
宝安区,西乡街道,畔山美地嘉园,163,,48,
宝安区,西乡街道,骏丰园,164,,49,
宝安区,西乡街道,东山花园,165,,50,
光明区,公明街道,轩苑居,172,,34,
宝安区,沙井街道,骏凯豪庭,178,,35,
宝安区,松岗街道,佳裕广场,181,,37,
宝安区,新桥街道,景城花园,183,36,28,
宝安区,西乡街道,乐群雅居,197,,55,
宝安区,石岩街道,元径村统建楼,199,32,,
宝安区,福永街道,城市花园,211,,38,
宝安区,新桥街道,和盛花园,223,,28,
大鹏新区,葵涌街道,滨海雅苑,228,,28,
福田区,梅林街道,下梅林综合市场楼,240,55,,
光明区,凤凰街道,融域名城小区,241,,40,
宝安区,沙井街道,后亭雅苑,244,,34,
光明区,光明街道,民鑫商贸大厦,246,,26,
南山区,南山街道,德源花园,249,73,,
宝安区,沙井街道,菱塘花园,251,,35,
大鹏新区,大鹏街道,山海苑,254,,30,
坪山区,坑梓街道,岐山统建楼,260,,33,
宝安区,沙井街道,金沙名都,262,,34,
光明区,马田街道,合众豪庭,263,,32,
宝安区,燕罗街道,燕景华庭,275,28,36,
光明区,光明街道,国泰花园,279,34,,
南山区,桃源街道,荔景家园,282,67,,
南山区,桃源街道,光前大厦,283,65,,
宝安区,福永街道,怡安居小区,285,,35,
宝安区,沙井街道,骏景豪园,287,,37,
大鹏新区,大鹏街道,金沙苑,290,,30,
大鹏新区,南澳街道,水头沙二路统建楼,291,30,30,
龙华区,福城街道,芷峪澜湾花园（商务公寓）,397,,57,
宝安区,沙井街道,南国春天,304,,35,
宝安区,新桥街道,沙利公馆,314,,40,
宝安区,西乡街道,万菱公寓彩云轩,327,,70,
龙华区,福城街道,华盛峰荟名庭一期（商务公寓）,340,,57,
罗湖区,桂园街道,京基一百,341,,100,
龙岗区,吉华街道,海心汇福园（商务公寓）,354,,71,
罗湖区,清水河街道,银湖蓝山,355,,105,
龙岗区,布吉街道,棕科云端,359,,90,
龙华区,大浪街道,和平里花园一期（商务公寓）,361,,86,
龙岗区,横岗街道,东城中心花园二期（商务公寓）,368,,65,
龙华区,龙华街道,幸福城商业大厦,370,,84,
龙岗区,南湾街道,大族河山花园一期（商务公寓）,375,,61,
龙华区,观湖街道,佳华领域广场,380,,66,
龙岗区,横岗街道,荣德国际雨馨公寓,382,,59,
罗湖区,东门街道,湖溪大厦,391,,99,
龙岗区,横岗街道,港信达横岗大厦,402,,60,
宝安区,西乡街道,松茂御龙雅苑,403,,97,
光明区,马田街道,宏发嘉域花园,408,,53,
宝安区,西乡街道,前海铂寓,421,,70,
福田区,福保街道,新天地世纪商务中心,424,,123,
南山区,南山街道,大新时代大厦,425,,126,
大鹏新区,葵涌街道,招商东岸家园（商务公寓）,429,,47,
大鹏新区,葵涌街道,城央公寓,430,,49,
南山区,粤海街道,汉京金融中心,436,,150,
宝安区,西乡街道,瑞尚居（商务公寓）,446,,75,
南山区,南山街道,前海卓越金融中心二期,450,,150,
福田区,福田街道,深圳中心天元2期,451,,187,
南山区,桃源街道,宝能城花园（东区）,453,,118,
福田区,福田街道,澳新亚大厦,457,,122,
福田区,沙头街道,盛唐商务大厦,459,,131,
盐田区,海山街道,壹海公寓,465,,93,
南山区,南山街道,龙佳园,470,99,99,
福田区,沙头街道,嘉葆润金座家园,491,,182,
宝安区,新安街道,中洲华府二期（商务公寓）,497,,128,
罗湖区,翠竹街道,典雅居,557,,90,
福田区,香蜜湖街道,求是大厦,499,,127,
龙岗区,布吉街道,莲花山庄芙蓉苑,1877,,,65