name,district,street,address,lng,lat,multi_rent,high_rent,low_rent
茶宫茗香苑,福田区,莲花街道,福田区景田路82号,114.03779,22.557775,,94,
华隆园,罗湖区,东门街道,罗湖区翠园街38号,114.12185,22.552904,,94,
华联丰大厦,龙华区,大浪街道,龙华区大浪街道华宁路22-23号,113.98379,22.691963,,38,
碧海花园一期,盐田区,沙头角街道,盐田区环城路5号,114.22754,22.544743,52,,
碧涛阁,宝安区,新安街道,宝安区宝安大道与上川一路交汇处南侧,113.881662,22.567428,58,,
滨海苑,南山区,蛇口街道,南山区蛇口新街滨海苑小区,113.921094,22.492497,79,,
黄埔雅苑四期,福田区,莲花街道,福田区福中路316号,114.048756,22.54846,,114,
香丽大厦,福田区,莲花街道,福田区莲花西路2075号路,114.034777,22.554121,,72,
龙福一村,龙岗区,龙城街道,龙岗区德政路95号,114.241,22.727103,32,,
生产资料公司,罗湖区,东门街道,罗湖区晒布路46号,114.115928,22.553198,67,,
越众越海家园（商品住房）,福田区,香蜜湖街道,福田区紫竹六道64号,114.001752,22.537954,,102,
富通蟠龙居,宝安区,西乡街道,宝安区西乡大道与新城大道交汇处南侧,113.864421,22.578229,67,65,
碧岭华庭,罗湖区,东晓街道,罗湖区太白路4068号,114.120808,22.581838,,71,
悦城花园一期,龙岗区,龙城街道,龙岗区吉祥中路与盘龙路交汇处东侧,114.237693,22.734978,,,40
碧海富通城二期,宝安区,西乡街道,宝安区共乐路与西乡大道交汇处北侧,113.853528,22.572043,,70,
中熙香莎公馆,宝安区,沙井街道,沙井路与西茭塘路交汇处（麒麟山景大酒店东侧）,113.803541,22.726502,,46,
荔树人家,福田区,沙头街道,福田区福强路5070号,114.028584,22.529538,,92,
登高村,罗湖区,东门街道,东门中路,114.119008,22.553438,70,,
荔香坊,福田区,华强北街道,福田区荔香街与同心路交汇处东南侧,114.097565,22.544714,93,77,
蓝色海云居,福田区,福保街道,福田区石厦北一街7号,114.046515,22.529931,,109,
文和园,盐田区,沙头角街道,盐田区官下路2号,114.229219,22.553209,,45,
侨社大院,罗湖区,南湖街道,罗湖区和平路1019号,114.110532,22.531356,55,,
置地逸轩,罗湖区,南湖街道,罗湖区南湖路2007号,114.115973,22.53994,,131,
瑞达苑,福田区,莲花街道,福田区景田路2号,114.040297,22.546823,,77,
景山花园一期,宝安区,福海街道,宝安区福永街道塘尾社区大洋路55号,113.816841,22.696676,31,,
荔湖花苑,福田区,园岭街道,福田区红荔路1068号,114.094762,22.552144,,101,
金色家园三期,福田区,莲花街道,福田区莲花路2018号,114.039676,22.557242,,99,
松茂御龙湾雅苑一期,宝安区,西乡街道,深圳宝安碧海片区银田路与宝怡路交汇处,113.848879,22.576524,,85,
布心阳光明居,罗湖区,东晓街道,罗湖区金稻田路1048号,114.129263,22.58575,,75,
御豪苑,龙岗区,龙岗街道,龙岗区龙岗路与鹏达路交汇处西北侧,114.265925,22.721979,,39,
雕塑家园,福田区,梅林街道,福田区中康路2号,114.054884,22.566057,,94,
金宝城大厦,福田区,南园街道,福田区南园路与华发南路交汇处东南侧,114.084437,22.54002,,97,
瑞林苑,盐田区,海山街道,盐田区海山路46号,114.232784,22.561807,48,,
罗湖大厦,罗湖区,南湖街道,罗湖区建设路1070号,114.1128,22.539005,,96,
万丰园,南山区,蛇口街道,南山区工业七路与爱榕路交汇处西南侧,113.923831,22.496984,79,,
中信安华综合商住楼,宝安区,新安街道,宝安区新安街道办与新安四路交汇处南侧,113.892947,22.583455,45,,
集福居,福田区,华富街道,福田区红荔西路,114.064731,22.55001,90,100,
集华花园,福田区,福田街道,福田区金田路2010号,114.059599,22.529052,,75,
雅云轩,福田区,福保街道,福田区石厦北三街4号,114.049873,22.527934,,92,
绿色盐港家园,盐田区,盐田街道,盐田区永安路与明珠大道交汇处东侧,114.245772,22.592888,,50,
合泰御景翠峰(商品住房),盐田区,沙头角街道,沙头角梧桐山隧道口,114.215819,22.556457,,70,
飞扬时代大厦,福田区,南园街道,福田区华发南路与深南中路交汇处东南侧,114.084482,22.542001,,118,
莲塘D小区,罗湖区,莲塘街道,罗湖区国威路152号,114.164556,22.567395,63,,
天健花园二期(龙岗),龙岗区,龙城街道,龙岗区建设路21号,114.24182,22.72999,36,,
集建国际名园,罗湖区,南湖街道,罗湖区江背路20号,114.118365,22.541366,,113,
泰华大厦,宝安区,新安街道,宝安区新安街道前进一路265号,113.894524,22.576102,,53,
国泰豪园,福田区,莲花街道,福田区景田南路2号,114.041049,22.546827,,100,
碧涛苑多层,南山区,招商街道,南山区太子路10号,113.908676,22.483714,95,,
丰润花园别墅,龙华区,民治街道,宝安区人民北路与工业东路交汇处西南侧,114.024767,22.643959,60,,76
碧海富通城四期,宝安区,西乡街道,宝安区共乐路与兴业路交汇处南侧,113.847801,22.570523,,81,
银海苑,福田区,梅林街道,福田区梅林八号路77号,114.060109,22.573915,,89,
润华苑,福田区,梅林街道,福田区梅林路与龙尾路交汇处西北侧,114.036955,22.569528,,105,
依仙湖居,罗湖区,莲塘街道,罗湖区仙湖路156号,114.164653,22.570609,54,,
瑞丰大厦,罗湖区,南湖街道,罗湖区沿河南路1181号,114.12015,22.539046,,51,
湖心花园,罗湖区,南湖街道,罗湖区南湖路3009号,114.11529,22.5437,,87,
瀚海翠庭,盐田区,沙头角街道,盐田区沙深路33号,114.225735,22.549507,,64,
中旅广场,南山区,沙河街道,南山区侨城西街1号,113.977682,22.539334,98,94,
竹园居,罗湖区,翠竹街道,罗湖区翠竹片区东门北路2081号,114.130071,22.56323,75,,
深华业大厦,龙岗区,平湖街道,龙岗区凤凰片区新立街18号,114.128381,22.701057,,35,
深华业商住楼,龙岗区,平湖街道,龙岗区凤凰片区双拥街39-59号,114.124979,22.699852,39,,
桐辉居,盐田区,沙头角街道,盐田区园林路5号,114.217795,22.558358,50,47,
东部阳光花园,盐田区,海山街道,盐田区深盐路2038号,114.240816,22.565401,,60,
鹏莲花园,罗湖区,莲塘街道,罗湖区港莲路与罗沙公路交汇处西侧,114.163006,22.561486,47,,
朝阳里雅苑,龙岗区,龙城街道,龙岗镇中心城11区,114.230242,22.722851,57,58,
安源居,宝安区,西乡街道,宝安区庄边路与宝民二路交汇处东北侧,113.877084,22.586696,51,,
长安花园,福田区,园岭街道,福田区百花四路11号,114.085228,22.555283,,93,
红梅苑,福田区,梅林街道,福田区梅秀路4号,114.043929,22.568248,84,,
国际市长交流中心,南山区,沙河街道,南山区石洲中路55号,113.961469,22.541636,,125,
公园里花园三期（商品住房）,龙岗区,南湾街道,深圳市龙岗区南湾街道丹坪快速与布沙路交汇处,114.153849,22.609647,,59,
登良花园,南山区,南山街道,南山区登良路,113.915897,22.516788,80,,
华联城市山林花园一期,南山区,南山街道,南山区南山大道与内环路交汇处,113.910195,22.51403,,105,
金燕园,福田区,梅林街道,福田区梅华路2号,114.056614,22.568646,,97,
金港豪庭,福田区,福田街道,福田区金田路1001号,114.059678,22.521205,,102,
荔海春城花园,南山区,南山街道,南山区向南路与工业八路交汇处,113.911532,22.509031,78,108,
心海伽蓝雅居,盐田区,梅沙街道,盐田区环梅路29号,114.303925,22.603711,,48,74
绿洲花园,福田区,沙头街道,福田区新洲七街186号,114.035598,22.525577,80,,
百花公寓,福田区,园岭街道,福田区百花二路3号,114.087137,22.554895,,106,
天涛轩,盐田区,梅沙街道,盐田区大梅沙片区盐梅路天涛轩053在建楼,114.298987,22.588164,,,164
金海滩渡假别墅,大鹏新区,葵涌街道,龙岗区深葵公路与溪涌路交汇处东南侧,114.362018,22.612127,36,,53
集信名城,宝安区,松岗街道,宝安区松岗街道沙江东路集信名城178号,113.843669,22.783759,,41,55
腾阁,宝安区,新安街道,宝安区新安街道宝民路,113.886807,22.576422,,84,
中加名园,龙岗区,布吉街道,龙岗区荣超路与和坑路交汇处西南侧,114.116825,22.595579,62,55,
碧海富通城三期,宝安区,西乡街道,宝安区兴业路与西乡大道交汇处西侧,113.850004,22.569739,,86,
缔馨园,福田区,福保街道,福田区石厦北一街3号,114.046595,22.527983,,119,
四季水岸雅居,盐田区,盐田街道,盐田港后方陆域北山道与盐田路交汇处,114.254126,22.593957,,58,
竹边新村,罗湖区,东门街道,罗湖区东升街与翠园路交汇处东南侧,114.124009,22.552914,68,,
荔枝苑,南山区,沙河街道,南山区福清街40号,113.975027,22.540488,89,,
风和日丽花园四期,龙华区,民治街道,宝安区工业东路与梅龙路交汇处西南侧,114.02635,22.644488,,56,
松兴大厦,宝安区,松岗街道,宝安区松岗街道朝阳路378号,113.842081,22.766928,44,,
棕榈堡花园,宝安区,新桥街道,宝安区中心路与创新路交汇处东侧,113.824777,22.721963,,43,
金运家园,龙岗区,布吉街道,龙岗区中心路与金运路交汇处东北侧,114.116914,22.610477,,54,
龙塘生活区,福田区,莲花街道,福田区商报路120号,114.034849,22.551689,80,,
诚信华庭,龙岗区,布吉街道,龙岗区吉政路与深惠公路交汇处东北侧,114.123233,22.609652,,56,
申汇基合正逸园,福田区,梅林街道,福田区梅林路12号,114.065282,22.573633,,79,
直升机场住宅楼,南山区,南头街道,南山区深圳市直升飞机场,113.924884,22.562052,74,,
长城大厦,福田区,园岭街道,福田区百花四路与百花五路交汇处北侧,114.084041,22.556151,,87,
书院街5号大院,罗湖区,东门街道,罗湖区人民北路书院街5号,114.114025,22.55581,84,,
锦绣新居,福田区,南园街道,福田区滨河大道与爱华路交汇处东北侧,114.087156,22.538603,81,,
金港华庭,宝安区,西乡街道,宝安区西乡片区金海路与宝安大道交汇处西,113.8565,22.585205,,74,
创意大厦,盐田区,沙头角街道,盐田区中英街与环城路交汇处北侧,114.226347,22.545924,39,49,
荣生住宅楼(荣生小区),福田区,园岭街道,福田区八卦三路88号,114.094991,22.565012,75,,
金海丽名居,福田区,沙头街道,福田区金地一路18号,114.036996,22.519614,,88,
竹盛花园一期,福田区,香蜜湖街道,福田区紫竹六道78号,114.000017,22.538554,84,,
赛格苑,福田区,南园街道,福田区深南大道与华强南路交汇处东南侧,114.082342,22.541827,84,84,
鹏都大厦,南山区,南山街道,南山区南光路126号,113.92319,22.525475,,78,
东方瑞景苑,龙岗区,龙岗街道,龙岗区龙平路与罗瑞合东街交汇处西侧,114.264034,22.732184,,45,
东海丽景花园一二期,盐田区,盐田街道,盐田区盐田路208号,114.25347,22.593051,49,54,
阳光花园四期,龙岗区,吉华街道,福田区吉华路与新龙路交汇处东侧,114.110056,22.618841,,47,
香榭茗园,福田区,香蜜湖街道,福田区农园路15号,114.016123,22.544517,,117,
金沙花园(福田),福田区,沙头街道,福田区新洲五街15号,114.034228,22.527227,75,,
东部山海家园,盐田区,海山街道,盐田区海山一巷与海山路交汇处东北侧,114.232982,22.562963,61,73,
海关生活区(东晓),罗湖区,东晓街道,罗湖区布吉路1026号,114.115038,22.58418,60,,
宝丰苑,罗湖区,东晓街道,深圳市罗湖区金稻田路围岭公园东侧（布心地铁A出口）,114.129163,22.584728,,72,
鸿景春天花园二期,龙岗区,宝龙街道,龙岗区康美思大道与深汕公路交汇处北侧,114.286868,22.727201,29,,
金叶茗苑,宝安区,新安街道,宝安区新安街道50区翻身路163号,113.881251,22.570802,,63,
港湾丽都花园,南山区,南头街道,南山区桃李路283号,113.909622,22.534129,,83,
弘都世纪公寓,南山区,蛇口街道,南山区工业七路3号,113.931416,22.498176,,119,
韵动家园,福田区,沙头街道,福田区沙嘴路119号,114.033195,22.529295,,100,
又一村花园,龙岗区,吉华街道,龙岗区八约路与石龙路交汇处东侧,114.10324,22.611282,57,,
风临左岸名苑,福田区,香蜜湖街道,福田区农林路53号入口,114.009633,22.54469,,99,
颐林雅院,福田区,梅林街道,福田区中康路77号,114.052991,22.57466,88,85,
汇龙苑,龙华区,民治街道,宝安区梅龙路与民乐路交汇处东北侧,114.036931,22.606377,69,,
汇龙湾花园,龙华区,民治街道,深圳市龙华新区大道和民宝路交汇处（地铁四号线红山站D出口）,114.023096,22.624818,,80,
锦峰大厦,福田区,南园街道,福田区滨河大道与上步南路交汇处西北侧,114.090798,22.538757,,90,
心海玥雅居,盐田区,梅沙街道,盐田区海星道20号,114.30568,22.602158,53,,
中物集团,罗湖区,黄贝街道,罗湖区华丽路与凤凰路交汇处东北侧,114.131162,22.551798,64,,
金景花园,罗湖区,清水河街道,罗湖区金碧路与泥岗村西街交汇处西北侧,114.087969,22.571369,58,,
皇达东方雅苑,福田区,福田街道,福田区益田路3002号,114.052336,22.526552,,116,
旭源怡景轩,龙岗区,龙岗街道,深圳市龙岗区南联碧新路与八仙岭公园段交汇处,114.265397,22.713939,,41,
东门广场,罗湖区,东门街道,罗湖区湖贝路东门广场2163号,114.118771,22.547597,,78,
合家欢园,龙岗区,龙岗街道,龙岗区植物园路279号,114.261989,22.712604,51,,
越众小区,福田区,香蜜湖街道,福田区竹子林六路8号,114.006444,22.539557,80,,
天安高尔夫珑园,福田区,沙头街道,车公庙天安开发区内泰然一路,114.02819,22.53444,,140,
东方·尊峪花园,罗湖区,莲塘街道,罗湖区罗沙路2018号,114.186794,22.561112,,73,
里仁府,宝安区,新安街道,宝安区宝安大道与上川一路交汇处东南侧,113.88101,22.568041,,62,
五矿三号大院,罗湖区,翠竹街道,罗湖区翠竹片区文锦北路1048号,114.119483,22.562539,73,,
华佳大厦,罗湖区,黄贝街道,罗湖区罗沙公路与沿河北路交汇处东南侧,114.140111,22.554264,,61,
怡景花园别墅,罗湖区,黄贝街道,罗湖区怡景路2003号,114.131327,22.557909,,,180
供电局综合楼,盐田区,海山街道,盐田区深盐路与海山路交汇处东北侧,114.236003,22.561367,54,,
风和日丽花园三期,龙华区,民治街道,宝安区民治街道风和日丽45号,114.025209,22.641841,49,,
润裕山景豪苑一期,福田区,梅林街道,福田区龙尾路9号,114.037202,22.572111,,77,
阳光棕榈园二期,南山区,南山街道,南山区前海路与学府路交汇处南侧,113.908592,22.530402,96,91,
万科城（二区）,龙岗区,坂田街道,龙岗区坂雪岗大道与贝尔路交汇处东北侧,114.063779,22.651438,,75,77
新裕综合楼,盐田区,沙头角街道,盐田区元墩头东街2号,114.224147,22.557468,42,,
天安高尔夫花园,福田区,沙头街道,福田区泰然三路,114.027802,22.53664,,87,
蛟湖迎宾大院,罗湖区,东门街道,罗湖区蚊湖路与新园路交汇处西侧,114.112547,22.553512,71,,
蛟湖税务局住宅,罗湖区,东门街道,罗湖区蛟湖路与新园路交汇处西北侧,114.113154,22.552724,75,,
仙桐合正锦园,罗湖区,莲塘街道,罗湖区国威路东1号,114.173716,22.565536,,69,
荔园新村,南山区,沙河街道,南山区深南大道与侨城西街交汇处西侧,113.971005,22.543485,83,,
绿景香颂美庐园,龙华区,民治街道,宝安区龙华镇,114.030936,22.632256,,82,
静逸居,福田区,华富街道,福田区静逸街5号,114.081937,22.562189,72,,
南苑,罗湖区,南湖街道,罗湖区南湖路1001号,114.117578,22.537253,,77,
中泰燕南名庭二期,福田区,华强北街道,福田区燕南路与振华路交界处,114.088439,22.547545,,118,
文福大厦,宝安区,福永街道,宝安区石厦路与永丰一路交汇处东北侧,113.82229,22.676948,29,,
富瑰园,宝安区,西乡街道,宝安区庄边路与建安二路交汇处东侧,113.879128,22.585692,54,57,
锦滨苑,福田区,沙头街道,福田区新洲三街103号,114.037817,22.528991,79,,
锦洲花园,福田区,沙头街道,福田区新洲三街168号,114.039482,22.528848,80,,
鹏盛年华公寓,福田区,园岭街道,福田区八卦一路39号,114.095089,22.559449,,99,
华盛盛荟名庭（商品住房）,宝安区,新安街道,宝安新安老城上川路与建安一路交汇处,113.888382,22.576464,,81,
百兴苑,福田区,梅林街道,福田区梅华路与中康路交汇处西北侧,114.051918,22.567885,76,,
华浩源四期,龙岗区,布吉街道,景芬路3号,114.119254,22.627113,,48,
华清园,罗湖区,黄贝街道,罗湖区经二路38号,114.146423,22.556445,,65,
南溪新苑,福田区,沙头街道,福田区新洲二街西侧,114.041251,22.52455,,101,
棕榈滩花园,罗湖区,清水河街道,罗湖区银湖路金湖一街38号,114.078999,22.577843,,71,
洪湖二街2号大院,罗湖区,笋岗街道,罗湖区笋岗片区文锦北路洪湖二街2号,114.117646,22.564151,61,,
商贸商住楼,盐田区,沙头角街道,盐田区沙深路与沙盐路交汇处东南侧,114.225523,22.551299,42,,
领航里程花园,宝安区,航城街道,宝安区西乡街道航城大道北侧,113.852053,22.613251,71,72,
环保局大院,罗湖区,桂园街道,罗湖区红宝路50号,114.100806,22.549886,67,,
滨苑小区,罗湖区,桂园街道,罗湖区桂园片区红岭南路1004号,114.100844,22.539622,65,,
汇宾广场二期,南山区,南山街道,南山区内环路以南,113.912341,22.512765,,110,
山泉小区,盐田区,沙头角街道,盐田区深盐路与工业东街交汇处东北侧,114.222975,22.557764,47,,
英郡年华花园一期,龙岗区,南湾街道,龙岗区深惠公路与岭背路交汇处南侧,114.144405,22.61974,,59,
西岸观邸花园,宝安区,新安街道,宝安区甲岸路与新湖路交汇处东侧,113.89063,22.553504,,95,
松园南十巷,罗湖区,桂园街道,罗湖区桂园片区桂园北路115号,114.106635,22.556294,83,,
吉星花园,龙岗区,布吉街道,龙岗区深惠公路与荣超路交汇处东南侧,114.112452,22.595914,43,,
瑞苑,罗湖区,桂园街道,罗湖区松园路75号,114.102576,22.555105,,80,
荔兴苑,南山区,招商街道,南山区工业八路与沿山路交汇处西侧,113.914331,22.503454,79,,
嘉葆润金座家园二期,福田区,沙头街道,(福田区新洲)新洲九街185号,114.042841,22.526202,,129,
楚丰广场,龙岗区,龙城街道,龙岗区盛平片区龙平东路530号,114.249583,22.735589,,40,
科苑西住宅小区,南山区,粤海街道,"科发路7号, 科兴路6号, 翠西路2号",113.939558,22.545385,94,,
罗湖工区,罗湖区,翠竹街道,罗湖区翠竹片区水贝一路49号,114.121691,22.57105,67,,
润裕山景豪苑二期,福田区,梅林街道,福田区龙尾路9号,114.037022,22.572011,,84,
盛迪嘉光明壹号花园二期,光明区,凤凰街道,深圳市光明新区高新西区科发路西侧、十七号南侧,113.923145,22.739599,,48,
三湘海尚花园二期,南山区,蛇口街道,南山区深圳湾口岸边防检查站,113.937994,22.504289,,255,
乐意楼,罗湖区,莲塘街道,罗湖区仙湖路96号,114.162578,22.567699,61,,
莱蒙水榭春天五期,龙华区,民治街道,宝安区民治街道办梅龙路西侧,114.022538,22.626491,,80,
鼎太风华社区二期,南山区,南山街道,南山区前海路西,113.905978,22.523217,,97,
侨苑一期,南山区,沙河街道,南山区深南大道与沙河东路交汇处东侧,113.963394,22.544446,,94,
星海名城二期,南山区,南头街道,南山区前海路3101号,113.908876,22.541569,,89,
溪山美地园二期,龙华区,民治街道,宝安区梅坂大道与五和路交汇处西侧,114.05327,22.602687,,81,86
星航华府四期,宝安区,福永街道,深圳市航空新城宝安107国道兴围路口,113.828414,22.645671,,62,
天琴湾三期,盐田区,梅沙街道,盐田区盐坝高速公路与二线公路交汇处东南侧,114.317817,22.60059,,,218
龙岸花园,龙岗区,坂田街道,宝安区五和南路与南坑北路交汇处西侧,114.052106,22.617057,,79,91
深荣大厦,福田区,福田街道,福田区福强路1045号,114.062137,22.520931,,104,
松泉公寓,罗湖区,东晓街道,罗湖区太白路与翠竹路交汇处东北侧,114.124192,22.580386,62,,
鸣乐大厦,宝安区,西乡街道,宝安区西乡街道鸣乐街43号东,113.871278,22.577804,49,,
振业峦山谷花园一期,龙岗区,宝龙街道,龙岗区嶂背路与宝荷路交汇处东南侧,114.261386,22.689665,,39,
锦星花园,罗湖区,黄贝街道,罗湖区文华片区春风路1005号,114.128198,22.544639,66,,
海航国兴花园二期,龙岗区,龙岗街道,龙岗大道与碧新路交汇处,114.262224,22.72723,,46,
森泉雅轩,龙岗区,园山街道,龙岗大道,114.222751,22.680442,,48,
振业峦山谷花园二期,龙岗区,宝龙街道,龙岗区龙岗镇,114.257814,22.68481,,39,42
摩尔城,龙岗区,龙岗街道,龙岗区鹏达商业街与深惠公路交汇处东南侧,114.263555,22.725252,,44,
深业紫麟山花园,龙岗区,龙城街道,龙岗区龙平西路与长兴北路交汇处北侧,114.241422,22.739018,,36,50
紫薇花园东区,龙岗区,龙城街道,龙岗区公园路11号,114.236625,22.720857,35,,
洪湖二街44号大院,罗湖区,笋岗街道,罗湖区洪湖五街与洪湖二街交汇处北侧,114.115624,22.563999,61,,
洪湖花园,罗湖区,笋岗街道,罗湖区笋岗片区洪湖路10号,114.115688,22.559761,,67,
洪湖二街14号大院,罗湖区,笋岗街道,罗湖区洪湖二街与洪湖五街交汇处东北侧,114.116229,22.563709,66,,
阳光花园二期,龙岗区,吉华街道,福田区吉华路与新龙路交汇处东侧,114.111136,22.618337,49,,
鼎太风华社区八期,南山区,南山街道,南山区前海路西,113.907186,22.524648,,106,
尚水天成花园,龙岗区,吉华街道,深圳下水径地铁站A出口（约300米）,114.100978,22.61974,,67,
洪湖二街4号大院,罗湖区,笋岗街道,罗湖区笋岗片区文锦北路洪湖二街4号,114.116806,22.564678,70,,
港莲村,罗湖区,莲塘街道,罗湖区港莲路与莲四支路交汇处南侧,114.165854,22.560702,47,,
丽廷豪苑,龙岗区,布吉街道,龙岗区龙岭东路与龙岭路交汇处北侧,114.108003,22.608742,,69,
京基御景峯（商品住房）,南山区,桃源街道,深圳市南山区留仙大道长岭陂地铁站A1出口,114.008092,22.600818,,87,
通发花园,罗湖区,黄贝街道,罗湖区新秀路29号,114.143934,22.549862,60,,
深港豪苑,罗湖区,桂园街道,罗湖区桂园片区宝安南路2078号,114.104813,22.552707,,81,
鹏基生活区,罗湖区,莲塘街道,罗湖区仙湖路与莲士路交汇处南侧,114.16168,22.568472,71,,
星都豪庭,龙岗区,布吉街道,深圳市龙岗区地铁三号线大芬站A出口（大芬沃尔玛旁）,114.133095,22.614956,,75,
盛迪嘉光明壹号花园三期,光明区,凤凰街道,深圳市光明新区高新西区科发路西侧、十七号南侧,113.924122,22.740452,,49,
翠峰丽景,龙岗区,平湖街道,龙岗区横岭路与凤凰大道交汇处南侧,114.136644,22.697706,39,38,
蛟湖路三号大院,罗湖区,东门街道,罗湖区新园路97号,114.11312,22.553089,67,,
招商观园,龙华区,观湖街道,宝安区环观南路与梅观高速交汇处东侧,114.056746,22.693186,53,50,49
优品艺墅雅居,盐田区,梅沙街道,盐田区环梅路68号,114.29913,22.602534,48,,
招商桃花园三期,南山区,招商街道,南山区海滨大道与工业八路交汇处西南侧,113.911177,22.505555,,93,
翠沁阁,罗湖区,翠竹街道,罗湖区翠竹片区东门北路2057号,114.127826,22.561308,,88,
万科东海岸一期,盐田区,梅沙街道,盐田区盐坝高速公路与内环路交汇处西北侧,114.292605,22.602272,50,49,52
海丰苑,罗湖区,南湖街道,罗湖区人民南路3001号,114.113045,22.543278,,93,
佳华领汇广场一期,龙岗区,坂田街道,深圳坂田五和大道吉华路交汇处,114.052928,22.635567,,71,
招商果岭花园,宝安区,西乡街道,宝安区西乡街道宝安大道与宾隆路交汇处西南侧,113.852652,22.587801,,73,
腾昌花园,龙岗区,横岗街道,龙岗区四联路与腾昌二路交汇处西南侧,114.187109,22.655384,37,39,
南方证券大厦,罗湖区,南湖街道,罗湖区建设路2018号,114.111883,22.543146,,93,
边检总站二大院,罗湖区,南湖街道,罗湖区南湘路与沿河南路交汇处南侧,114.119372,22.536549,62,,
信义湛宝大厦,龙岗区,横岗街道,龙岗区为民路与深惠公路交汇处西北侧,114.190835,22.645479,,56,
壹方商业中心三期,宝安区,新安街道,宝安区新安街道新湖路宝安区政府旁,113.883128,22.555603,,102,
合正荣悦府二期,罗湖区,翠竹街道,文锦中路东北侧,114.124706,22.55601,,116,
深勘宿舍,罗湖区,黄贝街道,罗湖区清平路13号,114.128391,22.549441,64,,
芙蓉大厦,罗湖区,南湖街道,罗湖区雨湖路与嘉宾路交汇处东侧,114.117576,22.542534,75,74,
家和花园南区,龙岗区,坂田街道,五和南路75号,114.056366,22.614319,56,,
风临洲苑,宝安区,新安街道,宝安区新安街道84区风临洲苑1栋,113.884392,22.562112,,84,
桥东新村中区,盐田区,沙头角街道,盐田区金融路与公园街交汇处南侧,114.226985,22.550848,48,,
桂芳园五期,龙岗区,南湾街道,龙岗区布吉东大街与深惠公路交汇处东南侧,114.136693,22.615976,,57,
福源花园二期,福田区,福保街道,福田区桂花路与海红路交汇处西南侧,114.047925,22.51204,,83,
福田法庭住宅楼,福田区,南园街道,福田福田区滨河大道南面,114.086936,22.536339,87,,
宝龙苑,罗湖区,东湖街道,罗湖区太安路4号,114.133642,22.573036,66,72,
企岗山住宅区,宝安区,福永街道,宝安区航站一路与机场路交汇处东侧,113.823598,22.649803,44,,
城市峰尚花园,宝安区,西乡街道,宝安区银田路与宝源路交汇处西侧,113.845734,22.577181,,76,
山语华庭,宝安区,新安街道,宝安区西乡大道与公园路交汇处南侧,113.893201,22.592397,,58,
熙龙湾花园一期,宝安区,新安街道,宝安区新安海旺片区甲岸路与海秀路交汇,113.883989,22.550482,,100,
燃气公司宿舍,罗湖区,翠竹街道,罗湖区翠竹片区田贝四路12号,114.123858,22.567949,74,,
广东省银行大厦,罗湖区,南湖街道,罗湖区人民南路1011号,114.113372,22.53775,,76,
英郡年华花园二期,龙岗区,南湾街道,龙岗区深惠公路与岭背路交汇处南侧,114.145624,22.618805,,66,
滢水山庄二期,龙华区,民治街道,宝安区梅坂大道与滢水二路交汇处南侧,114.045814,22.60532,52,,
裕安花园(罗湖),罗湖区,南湖街道,罗湖区渔民村53号,114.106969,22.536448,63,,
华业玫瑰郡（商品住房）,龙岗区,龙城街道,龙岗区龙平西路与吉祥中路交汇处北侧,114.232368,22.734648,,45,
招商澜园,龙华区,观湖街道,宝安区大和路与竹园路交汇处西侧,114.042301,22.687572,,54,
金海华府,宝安区,新安街道,宝安区锦华路与新安四路交汇处东侧,113.890495,22.585373,,68,
丹郡花园,龙岗区,南湾街道,沙平南路123号,114.151196,22.622133,,50,
中翠花园,龙岗区,布吉街道,龙岗区布吉东大街与深惠公路交汇处南侧,114.134843,22.615291,,54,
缔梦园三期,福田区,莲花街道,福田区莲花西路2071号,114.036131,22.555109,,121,
宝安新村,宝安区,新安街道,宝安区新安街道流塘路333号,113.888039,22.590841,49,,
美晨苑,福田区,福保街道,福田区福强路2167号,114.055827,22.517635,,78,
深信泰丰大厦,宝安区,新安街道,宝安区创业二路与前进一路交汇处东南侧,113.90077,22.571727,,71,
鹏湾丽苑,盐田区,沙头角街道,盐田区阳和街14号、横头街11、13号,114.226881,22.546927,54,,
达海花园,宝安区,新安街道,宝安区新城大道与罗田路交汇处北侧,113.878587,22.567151,63,60,
罗湖住宅局住宅楼,盐田区,沙头角街道,盐田区梧桐路2070号,114.224306,22.558322,45,,
海映山庄,南山区,粤海街道,南山区华明路1号,113.924838,22.510118,79,,
万科城四期,龙岗区,坂田街道,龙岗区坂雪岗大道与贝尔路交汇处东北侧,114.066015,22.648256,,57,60
颐合花园,宝安区,西乡街道,宝安区共和共业路与西乡大道交汇处东北侧,113.866952,22.583346,46,,
熙元山院,龙华区,民治街道,宝安区民治街道逸秀新村15号,114.020924,22.606169,,95,168
绿海名居,宝安区,西乡街道,宝安区西乡街道海滨大道,113.854062,22.565502,,67,
食品公司住宅楼(南区),罗湖区,黄贝街道,罗湖区凤凰街39号,114.128338,22.551494,66,,
森威大厦,罗湖区,南湖街道,罗湖区新安路4号,114.124636,22.542915,,79,
沙栏吓裕华楼,盐田区,沙头角街道,盐田区环城路5号,114.227701,22.54521,48,,
丽景城,宝安区,西乡街道,宝安区西乡大道与锦花路交汇处西南侧,113.882248,22.591992,57,58,
万裕椰风海岸家园,南山区,南头街道,南山区桃园路南港湾大道东,113.906173,22.534366,,90,
向南茗轩,南山区,南山街道,南山区南新路与海德二道交汇处东侧,113.915694,22.524565,97,,
物资公司商住楼,盐田区,沙头角街道,盐田区恩上路84号,114.223787,22.555911,49,,
南光市场,南山区,南头街道,南山区南光路105号,113.922865,22.533618,79,,
鑫竹苑,福田区,香蜜湖街道,福田区深南大道与农林路交汇处西北侧,114.012588,22.54061,,97,
通新岭新村,福田区,华强北街道,福田区同福路2号,114.09257,22.549757,109,91,
菁英趣庭,宝安区,新安街道,宝安区新安街道84区菁英趣庭1栋,113.883787,22.562906,,96,
桂芳园六期,龙岗区,南湾街道,龙岗区布吉东大街与布沙路交汇处东北侧,114.136454,22.613554,,55,
金地上塘道花园一期,龙华区,民治街道,龙华街道布龙公路与上塘路交汇处,114.016974,22.636672,,73,
万科四季花城三期,龙岗区,坂田街道,龙岗区五和南路与布龙公路交汇处西南侧,114.051782,22.626703,56,,59
招商桃花园二期,南山区,招商街道,南山区工业八路272号,113.912855,22.505861,,93,
水湾小区,南山区,招商街道,南山区荔园路,113.914236,22.494455,111,,
海信花园,宝安区,新安街道,宝安区宝农北巷128号,113.905029,22.565605,60,,
宝民花园,宝安区,新安街道,宝安区新安街道宝民社区片区建安一路435号,113.894043,22.570976,55,,
信义假日名城四期,龙岗区,布吉街道,龙岗区荣超路与和坑路交汇处东南侧,114.120419,22.596027,,68,
锦绣花园(龙华),龙华区,龙华街道,宝安区建设西路与中环路交汇处西南侧,114.018669,22.649844,39,,
风采轩,宝安区,新安街道,宝安区新安街道大宝路31号,113.910601,22.577859,67,64,
龟山别墅,南山区,招商街道,南山区南山路8号,113.905373,22.489015,,,130
幸福枫景花园,龙华区,民治街道,宝安区人民南路与布龙路交汇处东南侧,114.024042,22.632876,,63,
深勘大院,福田区,华强北街道,上步中路与红荔路交界西南,114.089912,22.550537,65,,
星河丹堤花园,龙华区,民治街道,宝安区梅观高速公路与南坪大道交汇处东侧,114.053427,22.596084,65,78,117
龙电花园A区,南山区,招商街道,南山区海滨大道与兴工路交汇处西南侧,113.914518,22.507133,83,,
华采花园(华彩花园),南山区,招商街道,南山区工业七路30号,113.915328,22.500508,77,84,
莱蒙水榭山花园,龙华区,民治街道,宝安区玉龙路与南坪大道交汇处东侧,114.028448,22.599214,,,180
水产职工住宅楼,南山区,蛇口街道,南山区海昌街112号,113.916437,22.489986,77,,
湾厦凯宁阁,南山区,蛇口街道,南山区蛇口新街108号,113.924614,22.490745,82,,
光华街住宅区,南山区,沙河街道,南山区汕头街与深南大道交汇处西北侧,113.98471,22.537654,99,,
科技园37区,南山区,粤海街道,南山区文华路3号,113.943248,22.549714,95,103,
桃源居十五区,宝安区,西乡街道,宝安区桃源居二路与汇江三路交汇处东北侧,113.85857,22.621065,,53,
天健.现代城花园,龙岗区,龙城街道,龙岗区黄阁坑片区黄阁北路32号南侧,114.216109,22.72305,,42,
万科城一期,龙岗区,坂田街道,龙岗区坂雪岗大道与贝尔路交汇处东北侧,114.063741,22.645825,66,68,
万科城三期,龙岗区,坂田街道,龙岗区坂雪岗大道与贝尔路交汇处西北侧,114.067572,22.646382,,60,63
保利上城花园,龙岗区,龙城街道,龙岗区龙岗镇,114.232672,22.708482,,48,
恒裕滨城花园二期,南山区,蛇口街道,南山区中心路2001号,113.934532,22.497865,,202,
尚景欣园二期,龙岗区,龙城街道,龙岗区龙城中路77号,114.246371,22.732472,,36,
海湾明珠花园二期,宝安区,西乡街道,宝安区共乐路与新湖路交汇处东南侧,113.855296,22.577695,60,59,
浩宇单身公寓,南山区,蛇口街道,南山区蛇口后海路西,113.930737,22.490405,97,,
海龙苑,南山区,桃源街道,南山区广深高速公路与龙珠四路交汇处东北侧,113.970149,22.560928,,71,
金安大厦,罗湖区,黄贝街道,罗湖区文华片区文锦南路2008号,114.126625,22.546818,,63,
边检大院,罗湖区,黄贝街道,罗湖区沿河南路与延芳路交汇处西南侧,114.132086,22.543477,72,78,
汉京半山公馆,南山区,南山街道,深圳市南山区少帝路小南山公园内,113.883265,22.491303,,142,170
湾厦花园,南山区,蛇口街道,南山区蛇口爱榕路湾厦花园,113.92662,22.496045,,71,
东和海韵园,盐田区,沙头角街道,盐田区碧海路14号,114.229295,22.546689,,60,55
欧景花园二期,龙岗区,龙城街道,龙岗区龙福西路90号,114.228627,22.727929,,35,
银泉花园,龙华区,民治街道,宝安区民治街道人民路与龙胜路交汇处东侧,114.020983,22.642433,,50,
荔园阁二期,福田区,梅林街道,福田区梅林路新世界荔园阁二期A栋,114.046074,22.570278,,92,
雅然居,宝安区,新安街道,宝安区新安四路与前进一路交汇处南侧,113.888074,22.581777,,60,
银湖汽车站综合楼,罗湖区,清水河街道,罗湖区银湖路与环翠路交汇处东南侧,114.084712,22.572626,46,50,
香域中央花园,福田区,香蜜湖街道,福田区农园路66号,114.01308,22.552381,,160,
民宁园,福田区,莲花街道,福田区彩云路6号,114.06156,22.563562,,78,
金色年华家园,罗湖区,莲塘街道,罗湖区聚福路168号,114.166525,22.564819,,81,
香珠花园,福田区,香蜜湖街道,福田区农轩路29号,114.015092,22.540288,,106,
香格丽苑,福田区,香蜜湖街道,福田区侨香四道2号,114.007951,22.552418,,115,
悦城花园二期,龙岗区,龙城街道,龙岗区盘龙路与龙平西路交汇处东北侧,114.236693,22.735279,,31,
农牧公司宿舍(东晓),罗湖区,东晓街道,罗湖区东昌路62号,114.128067,22.585605,61,,
核电花园,福田区,园岭街道,百花五路3号,114.085084,22.553463,,98,
金庸阁一期,龙华区,龙华街道,宝安区龙华街道和平路与中环路交汇处东侧,114.015978,22.652778,54,,
南海明珠,南山区,南山街道,南山区南光路75号,113.922571,22.528999,94,,
龙园印象名苑,龙岗区,龙城街道,龙岗区龙平路与龙平中路交汇处东侧,114.25718,22.736596,,45,
柠檬时代,龙岗区,坪地街道,龙岗区富民路74号,114.308636,22.775843,,35,
创城·宜城风景花园,龙岗区,坪地街道,(龙岗区坪地)燕宝街11号,114.301235,22.769551,,44,
荔庭园一期,南山区,南山街道,南山区内环路,113.908147,22.512878,84,,
香瑞园,南山区,桃源街道,南山区龙珠大道与龙珠八路交汇处东侧,113.98662,22.562197,,100,160
风和日丽花园一期,龙华区,民治街道,宝安区民治街道风和日丽25号,114.024569,22.645308,50,,
皇庭居,福田区,福田街道,福田区福民路2号,114.062602,22.526347,,101,
群星广场,福田区,华强北街道,福田区红荔路2015号,114.082763,22.551152,,102,
城龙花园,龙岗区,龙城街道,龙岗区龙福路156号,114.24448,22.729245,36,36,
金色假日名苑,福田区,莲花街道,福田区景田南路21号,114.039389,22.548925,,115,
自来水罗湖综合楼,罗湖区,黄贝街道,罗湖区清平路28号,114.128905,22.549716,64,,
欧景花园三期,龙岗区,龙城街道,龙岗区龙湖西路与宏福路交汇处西侧,114.228581,22.729596,,53,
城建综合楼,罗湖区,翠竹街道,罗湖区翠竹片区田贝三路76号,114.121214,22.567068,88,,
皇家翠苑,福田区,华富街道,福田区皇岗路与福中路交汇处,114.067236,22.547225,,95,
皇庭世纪花园,福田区,福田街道,福田区益田路3004号,114.052471,22.528782,,120,
南天一花园,福田区,园岭街道,福田区百花路2号,114.088273,22.557053,,89,
洪湖邮电大院,罗湖区,笋岗街道,罗湖区笋岗片区洪湖路洪湖一街10号,114.117015,22.561459,68,71,
深大海滨小区,南山区,粤海街道,南山区南海大道3688号,113.93158,22.531542,88,,
怡枫园,福田区,莲花街道,福田区景田东路45号,114.04045,22.555567,85,108,
华侨新村(横岗),龙岗区,横岗街道,龙岗区茂盛路与大塘街交汇处北侧,114.200534,22.653408,44,,
豪园,南山区,南头街道,南山区南山大道与侨新路交汇处北侧,113.921254,22.531664,85,,
西城品阁,宝安区,新安街道,宝安区建安路与新安四路交汇处东南侧,113.888084,22.579976,,84,
名文阁,罗湖区,东门街道,罗湖区文锦中路2007号,114.124368,22.55327,,74,
铁东小区(北区),罗湖区,笋岗街道,罗湖区田贝四路与洪湖西路交汇处西南侧,114.111686,22.564854,65,,
金丽花园二期,罗湖区,笋岗街道,罗湖区笋岗片区宝岗路金丽花园9栋,114.108523,22.565229,72,,
世纪春城二期,龙华区,民治街道,宝安区梅龙路与布龙路交汇处东南侧,114.028325,22.628061,59,59,
迎侨花园,龙华区,福城街道,宝安区观澜大道与迎宾路交汇处南侧,114.041567,22.714024,28,,
鼎胜林栖园,南山区,桃源街道,南山区广深高速公路与龙珠四路交汇处东北侧,113.968871,22.561321,,77,
华富大厦,福田区,莲花街道,福田区新闻路3号,114.042296,22.544085,,97,
华安园,福田区,梅林街道,福田区梅华路6号,114.055245,22.567973,,103,
华润城润府二期（商品住房）,南山区,粤海街道,深圳市南山区深南大道与沙河西路交界处,113.949758,22.546952,,160,166
华联城市全景花园,宝安区,新安街道,深圳市宝安区创业二路99号创业路与公园路交汇处,113.903133,22.576766,,100,
豪方天际花园一期,南山区,南头街道,南山区北环大道与南山大道交汇处,113.915503,22.557101,,103,
东方御花园,龙岗区,龙城街道,龙岗区龙福西路90号,114.230628,22.729101,,40,
新龙坊小区,罗湖区,东门街道,罗湖区翠园路与中兴路交汇处东南侧,114.120979,22.551147,66,,
畔山御景花园,宝安区,松岗街道,宝安松岗广深高速与沙江路交汇处北侧（中海西岸华府北侧）,113.808548,22.777822,,37,40
庐江春天公寓,罗湖区,笋岗街道,罗湖街道广九铁路,114.110548,22.568938,,79,
宝岗花园,罗湖区,笋岗街道,罗湖区笋岗片区宝岗路花园1，2，3栋,114.107076,22.568753,55,,
御景华城花园,福田区,南园街道,福田区滨河路3001号,114.080817,22.535251,,105,
太古城花园南区,南山区,蛇口街道,南山区海月片区科苑南路与工业8路交汇处西南,113.934291,22.502237,,156,
雍华府,南山区,招商街道,南山区爱榕路75号,113.923204,22.503675,96,99,
桃源村,南山区,桃源街道,南山区龙珠大道033号,113.97546,22.560963,83,75,
华兴花园,罗湖区,黄贝街道,罗湖区新秀路21号,114.145036,22.549951,72,,
首地容御花园,南山区,沙河街道,南山区香山西街与侨香路交汇处西侧,113.968426,22.553543,,133,
海关二院(黄贝),罗湖区,黄贝街道,罗湖区文华片区锦联路37号,114.131485,22.543435,60,,
东乐花园(宝安),宝安区,沙井街道,宝安区沙井街道东塘村东塘大街1号,113.803682,22.736989,50,,
福源大厦,福田区,福田街道,福田区彩田路与滨河大道交界东北润恒大厦,114.06437,22.534574,,89,
华侨海景山庄,大鹏新区,葵涌街道,龙岗区洋业二路与海景一路交汇处东北侧,114.401321,22.621005,35,,48
招商华侨城曦城一期,宝安区,新安街道,宝安区新安街道广深高速宝安出口招商华侨城E4栋401-405,113.902744,22.595307,,,161
顺风阁,南山区,蛇口街道,南山区蛇口湾厦路5号,113.924734,22.487244,78,,
梧桐春晓花园,盐田区,盐田街道,盐田区后方陆域西南片区,114.238441,22.589398,,67,
十七英里花园,大鹏新区,葵涌街道,龙岗区深葵路575号,114.364766,22.609153,,87,117
竹盛花园三期,福田区,香蜜湖街道,福田区紫竹六道78号,113.999777,22.53986,,95,
福滨新村,福田区,福田街道,福田区滨河大道3138号,114.073647,22.532955,88,,
安乐花园滨城新村,宝安区,新安街道,宝安区新安四路与公园路交汇处西南侧,113.8934,22.584281,52,,
泰华花园,宝安区,新安街道,宝安区新安街道宝民一路一巷69号,113.893177,22.577131,52,,
桂花苑,南山区,沙河街道,华侨城桂花苑,113.973574,22.537109,91,91,
盛龙花园二期,龙岗区,龙城街道,龙岗区盛龙路43号,114.249617,22.726665,,44,
黄贝岭上村曲尺楼,罗湖区,黄贝街道,罗湖区黄贝片区深南东路黄贝岭上村曲尺楼,114.135418,22.554339,63,,
福中福花园,宝安区,西乡街道,宝安区东堤一巷与宝源路交汇处东侧,113.867874,22.566874,66,,
万达丰大厦,罗湖区,东门街道,罗湖区东门中路2112号,114.1197,22.554519,,67,
雅景苑二期,龙岗区,横岗街道,龙岗区红棉一路与新贤街交汇处南侧,114.191756,22.648888,,42,
城市花园二期(龙岗),龙岗区,龙城街道,龙岗区龙福路362号,114.234846,22.731116,,42,
田苑小区,罗湖区,翠竹街道,罗湖区文锦北路与田贝四路交汇处东南侧,114.120263,22.567355,61,,
香荟雅苑,福田区,香蜜湖街道,香蜜湖路与莲花西路东南,114.019282,22.554882,,121,
香荔村,福田区,莲花街道,福田区景田东路31号,114.040805,22.550353,78,,
金麒麟花园,南山区,南头街道,南山区麒麟路西、玉泉路西南侧,113.926903,22.54724,,91,
椰树花园,福田区,沙头街道,福田区沙嘴路117号,114.032945,22.528029,82,,
晶美花园,宝安区,新安街道,宝安区湖滨路与107国道交汇处西侧,113.902989,22.555745,46,,
福贸花园,福田区,梅林街道,福田区梅林路与中康路交汇处西北侧,114.053582,22.572278,79,,
纯水岸十期,南山区,沙河街道,华侨城香山中街与潮洲街交汇处,113.967442,22.547224,,,260
中森双子座公馆,龙岗区,龙城街道,中心区奥体中心沙园路与黄阁路交汇处,114.217099,22.702955,,58,
康达尔公寓,福田区,沙头街道,福田区新洲三路18号,114.039116,22.52943,81,,
红岗亨平苑,罗湖区,清水河街道,罗湖区泥岗东路1116号,114.105932,22.575221,56,,
香山美墅花园,南山区,沙河街道,华侨城香山西街,113.964578,22.554489,121,135,221
漾福居,福田区,福田街道,福田区福华路123号,114.073765,22.538841,,114,
云深处别墅区,盐田区,沙头角街道,盐田区园林路48号,114.22145,22.561346,67,,101
天源花园,宝安区,新安街道,宝安区新安街道31区前进一路7号,113.893096,22.579126,52,51,
爱琴湾山庄,盐田区,梅沙街道,盐田区盐坝高速公路与内环路交汇处东南侧,114.296004,22.598643,,,90
三洲田新村,盐田区,盐田街道,盐田区北山道123号,114.264273,22.591384,39,,
龙福苑,南山区,桃源街道,南山区龙珠大道038号,113.980758,22.563383,75,,
金色家园二期,福田区,莲花街道,福田区莲花路2018号,114.038683,22.5574,,118,
金色家园一期,福田区,莲花街道,福田区莲花路2018号,114.039152,22.556596,,96,
香蜜二村,福田区,莲花街道,福田区景田南路42号,114.036407,22.546646,77,,
大信花园二期,龙华区,龙华街道,宝安区和平路与中环路交汇处西南侧,114.016564,22.651466,55,,
花果山小区,南山区,招商街道,南山区蛇口花果路花果山住宅小区,113.920957,22.494753,97,,
特发小区,福田区,香蜜湖街道,福田区香梅北路2003号,114.024963,22.55751,91,96,
特区报社住宅楼,福田区,莲花街道,福田区深南大道6008号,114.041759,22.544164,,87,
冠利达大厦,宝安区,新安街道,宝安区新安街道前进一路269号,113.893836,22.57642,,64,
豪方菁园,坪山区,龙田街道,金牛西路9号,114.361487,22.705574,,50,
榭丽花园二期,龙岗区,龙岗街道,龙岗区龙河路与龙河巷交汇处西侧,114.252893,22.727205,35,33,
玉雅居,罗湖区,莲塘街道,罗湖区罗沙公路2068号,114.180726,22.559056,,63,
龙泰轩,南山区,南山街道,南山区南光路,113.921202,22.522067,,90,
熙湾俊庭,南山区,粤海街道,南山区高新南环路与高新南十一道交汇处东侧,113.943663,22.528043,,125,
滨福庭园,南山区,粤海街道,南山区高新南十一道与高新南环路交汇处东侧,113.943632,22.529212,,123,
福泉花园,福田区,福田街道,福田区福强路海滨广场吉龙三街,114.060006,22.529604,,96,
龙屋小区,罗湖区,翠竹街道,罗湖区翠竹片区田贝一路62号,114.120488,22.56205,64,,
龙祥苑,南山区,桃源街道,南山区龙珠大道与珠光路交汇处北侧,113.961454,22.570921,,79,
海景广场大厦,南山区,招商街道,南山区太子路18号,113.909718,22.486014,,97,
鼎太风华社区六期,南山区,南山街道,南山区前海路与东滨路交汇处西北角,113.905207,22.519221,,99,
鼎胜山邻居,南山区,桃源街道,南山区龙珠大道与龙珠六路交汇处北侧,113.968334,22.568558,,103,
龙城新苑,南山区,南山街道,南山区南光路以西、龙岗路以南,113.92162,22.522091,80,,
理想居,宝安区,新安街道,宝安区宝安大道与上川一路交汇处西南侧,113.882207,22.570115,,63,
佳华领域广场一期,龙华区,观湖街道,龙华新区观湖街道,114.051723,22.716746,,49,
金地名轩,福田区,沙头街道,福田区中心区南部，福强路与沙嘴路交界处,114.034653,22.524336,,103,
竹雅苑,龙岗区,龙城街道,龙岗区盛平中路39号,114.2493,22.7383,,32,
一甲海边新村（商品住房）,南山区,南头街道,南山区前海路3300号,113.910302,22.543313,85,,
海怡轩,盐田区,梅沙街道,盐田区内环路与盐坝高速公路交汇处东南侧,114.299524,22.598642,,60,
榭丽花园三期,龙岗区,龙岗街道,龙岗区龙城中路与深惠公路交汇处东侧,114.249218,22.721669,,43,
田心庆云花园,罗湖区,笋岗街道,罗湖区笋岗片区宝岗路田心村168号,114.109681,22.5696,83,78,
聚福花园一期,罗湖区,莲塘街道,罗湖区罗沙公路与畔山路交汇处西侧,114.167312,22.563835,49,,
聚福花园二期,罗湖区,莲塘街道,罗湖区聚福路161号,114.166461,22.563686,,61,
福昌大厦,福田区,福田街道,福田区福强路1031号,114.06474,22.527729,,75,
鹏兴花园六期,罗湖区,莲塘街道,罗湖区聚福路229号,114.162965,22.563672,,73,
雅翠轩,罗湖区,莲塘街道,罗湖区鹏兴路与莲十路交汇处西北侧,114.156955,22.568075,,75,
华盛新沙荟名庭二期,宝安区,沙井街道,(宝安区沙井)宝安沙井镇新沙路与银图路交汇处（沙井国税局旁）,113.811039,22.736393,,51,
逸翠园一期,罗湖区,翠竹街道,罗湖区翠竹片区翠竹路1058号,114.125381,22.564354,,73,
中信海滨花园,盐田区,沙头角街道,盐田区沙深路39号,114.224823,22.550507,,49,
深航飞行员公寓,南山区,南山街道,南山区学府路107号,113.921017,22.529613,,82,
丰润花园多层,龙华区,民治街道,宝安区人民北路与龙胜路交汇处东侧,114.023614,22.643095,49,,
名豪居,罗湖区,翠竹街道,罗湖区翠竹片区东门北路2044号,114.12754,22.559575,,87,
恒福花园,福田区,福田街道,福田区福强路1016号,114.062517,22.529773,,100,
恒盛居,福田区,梅林街道,福田区新洲路与北环路交汇处西北侧,114.038802,22.565321,76,,
自由港湾公寓,福田区,福保街道,福田区桂花路19号,114.045191,22.51174,,122,
翰岭花园,福田区,梅林街道,福田区彩田路与一线公路交汇处东南侧,114.063468,22.574934,,94,
鸿景园,宝安区,新安街道,宝安区宝民一路与新安五路交汇处东南侧,113.88583,22.577554,,61,
康华苑,龙华区,龙华街道,宝安区龙华街道建达路94-60号,114.021148,22.654388,48,,
水湾B区,南山区,招商街道,南山区水湾路与招商路交汇处西南侧,113.915356,22.492327,85,,
帝景园二期,南山区,粤海街道,南山区科技中一路6号,113.932754,22.544432,,90,
金域领峰花园,龙岗区,吉华街道,(龙岗-布吉)深圳龙岗布吉布龙路与吉华路交汇处,114.096501,22.624292,,68,
金海湾花园,福田区,沙头街道,福田区福荣路46号,114.027399,22.522459,,91,
联城美园,罗湖区,南湖街道,罗湖区新安路73号,114.123404,22.546087,,110,
粤海小区,南山区,粤海街道,南山区龙城路,113.922969,22.516074,79,,
领航城领秀花园,宝安区,航城街道,宝安区西乡街道,113.850433,22.616122,,67,
华晖瑞禧家园,龙岗区,坂田街道,坂雪岗大道与永香路交汇处东北角,114.068117,22.62358,,70,
松泉山庄松泉阁,罗湖区,东晓街道,罗湖罗湖区太白路松泉阁,114.121398,22.580191,,82,
中骏四季阳光三期,龙岗区,宝龙街道,龙岗区龙岗街道,114.299983,22.725426,,33,
燃气集团住宅楼,福田区,南园街道,松岭路7号,114.089083,22.539394,79,,
松坪村三期西区,南山区,西丽街道,南山区 松坪山宝深公路南,113.950394,22.562377,,109,
香山花园,福田区,梅林街道,福田区上梅林梅华路,114.045406,22.568208,71,,
景丽花园,福田区,莲花街道,福田区景田东路36号,114.041809,22.555988,74,,
碧水龙庭,龙华区,民治街道,宝安区平南铁路与梅观高速公路交汇处西南侧,114.041897,22.6185,,66,
华润城润府三期,南山区,粤海街道,深圳市南山区深南大道与沙河西路交界,113.949623,22.549404,,164,
大冲新城花园,南山区,粤海街道,铜鼓路10号大涌附近,113.946228,22.5452,,110,
巨邦公司住宅楼(东区),罗湖区,翠竹街道,罗湖区翠竹片区东门北路2081号,114.130609,22.563399,63,,
阳光新干线家园,罗湖区,南湖街道,罗湖区东门南路1021号,114.122012,22.540412,,102,
琳珠华庭（商品住房）,龙岗区,龙城街道,深圳市龙岗区龙翔大道与怡翠路交汇处,114.230131,22.707002,,50,
翠园街四巷,罗湖区,东门街道,翠园四巷17号,114.121019,22.553167,75,,
中粮祥云（商品住房）,龙岗区,龙城街道,深惠路与如意路交汇处,114.226916,22.697744,,51,
城建洪湖住宅楼,罗湖区,笋岗街道,罗湖区东门北路,114.116652,22.560549,63,,
君成雍和园,宝安区,西乡街道,宝安区西乡街道,113.881894,22.590696,,75,
沙头角工商分局住宅楼,盐田区,沙头角街道,田心东路5-1号,114.224816,22.555352,48,,
华盛新沙荟名庭三期,宝安区,沙井街道,(宝安区沙井)宝安沙井镇新沙路与银图路交汇处（沙井国税局旁,113.812623,22.736151,,58,
安业馨园,罗湖区,黄贝街道,罗湖区延芳路罗芳区138号,114.148495,22.54501,,64,
悦都会华庭,坪山区,马峦街道,坪山区新合路与比亚迪路交叉口,114.336264,22.682383,,38,
比亚迪三村,坪山区,坑梓街道,聚龙山B路与锦绣西路交叉口南150米,114.380556,22.730145,,38,
莱蒙水榭春天B区6期,龙华区,民治街道,民塘路16号,114.021377,22.627674,,75,
千林山居三期,龙岗区,龙岗街道,龙岗区朱古石路与连心路交汇处北侧,114.226238,22.755912,,42,47
怡康楼,南山区,沙河街道,(南山区华侨城)汕头街8号,113.987326,22.539083,,101,
皇御苑四期,福田区,福田街道,福田南路7号,114.070341,22.526804,,117,
虹桥金岸,罗湖区,笋岗街道,宝岗路田心宝岗路附近,114.109249,22.57,,83,
嘉宾派出所住宅楼,罗湖区,南湖街道,南湖路2013号,114.116066,22.540435,74,,
东都花园二期,龙岗区,龙城街道,龙岗区龙翔大道与岗贝路交汇处南侧,114.23027,22.709599,,46,
德弘天下华府,罗湖区,翠竹街道,深圳市罗湖区文锦北路与田贝三路交汇处,114.119889,22.565086,,97,
星河传奇花园二期（商品住房）,龙华区,民治街道,上塘路与民塘路交汇处,114.01295,22.634067,,80,
半岛城邦花园四期（商品住房）,南山区,蛇口街道,南山区蛇口东角头望海路与金世纪路,113.92868,22.483722,,130,
必好花园,福田区,莲花街道,北环大道6003号,114.035755,22.561931,75,,
天健公馆,福田区,香蜜湖街道,安托山六路与侨香四路交汇处西北侧,114.003221,22.551886,,164,
虹湾花园,福田区,梅林街道,福田区北环大道西行辅道与梅华路交汇处,114.034237,22.563585,,124,
平湖佳兆业广场,龙岗区,平湖街道,龙岗区平湖街道守珍街与平湖大道交汇处西南侧,114.125418,22.695217,,47,
港中旅花园二期,福田区,香蜜湖街道,润田路28号,114.008973,22.550787,,141,
天健名苑,福田区,莲花街道,景田南四路,114.043312,22.548986,,149,
大冲都市花园,南山区,粤海街道,南山区科技园科发路1号,113.948388,22.546772,,137,
长庆小时代雅轩,龙岗区,吉华街道,(龙岗区布吉石芽岭)深圳市龙岗区布吉街道科技园路与景芬路交汇处向西200米处,114.11775,22.624354,,58,
城市3米6公寓,福田区,福保街道,福田区 福田保税区,114.051012,22.511426,,88,
百合山水别苑,龙岗区,龙岗街道,龙岗区龙城街道,114.23307,22.746174,38,38,
汉士达华庭二期,龙华区,观澜街道,宝安区观澜镇,114.065615,22.747599,,,77
科技园住宅区,南山区,粤海街道,南山区科兴路6号,113.938295,22.544817,89,,
润丰园,福田区,莲花街道,福田区景田东路36号,114.041552,22.555356,,78,
青海大厦,福田区,莲花街道,福田区北环大道7043号,114.028075,22.560552,,83,
银湖住宅区（商品住房）,罗湖区,清水河街道,罗湖区金湖路38号,114.087697,22.573156,59,,
满京华喜悦里,龙岗区,龙岗街道,龙岗区南联中岗路段,114.263811,22.723298,,54,
宏发世纪花园（商务公寓）,宝安区,石岩街道,深圳市宝安区石岩街道宝石东路与羊台山路交汇处,113.940925,22.68223,,56,
深城投·中心公馆（商务公寓）,坪山区,坪山街道,坪山新区行政二路与规划长安二街交汇处东南侧（深圳市坪山实验学校对面）,114.337134,22.706116,,52,
上合花园,宝安区,新安街道,深圳市宝安区上川路与公园路交汇处,113.898717,22.581912,,44,
美庭花园,光明区,公明街道,广东省深圳市光明区公明街道上南路51号,113.885122,22.793286,,32,
锦田湾,光明区,玉塘街道,田湾路11号,113.899939,22.726729,,32,
裕田花园,福田区,梅林街道,深圳市福田区下梅林裕林花园,114.036188,22.563626,59,,
锦安楼,福田区,梅林街道,深圳市福田区下梅林梅华路,114.037299,22.565455,55,,
洪田统建楼,宝安区,新桥街道,黄埔社区祠堂路20号,113.84847,22.712396,,30,
城市丽都花园,宝安区,新桥街道,企安路12号,113.831281,22.719368,,38,
新城市广场,宝安区,沙井街道,宝安区新和大道129号,113.802918,22.761027,,34,
麒麟雅居,宝安区,松岗街道,深圳市宝安区松岗街道松岗社区沙江东路麒麟新村,113.842459,22.779127,,31,
金域中央花园二期,龙岗区,吉华街道,(龙岗区布吉水径)吉布龙路与吉华路交汇处,114.09725,22.627754,,61,
南头大厦,南山区,南头街道,南山区南头街98号,113.913749,22.539387,,88,
家和花园北区,龙岗区,坂田街道,五和大道南74号,114.056384,22.615977,58,,
卫检大院,罗湖区,南湖街道,罗湖区和平路1157号,114.109933,22.538293,70,,
云峰花园,罗湖区,南湖街道,罗湖区友谊路29号,114.117876,22.540934,,73,
中泰燕南名庭一期,福田区,华强北街道,福田区燕南路88号,114.088433,22.54804,,112,
雨田村一期,福田区,莲花街道,福田区莲花路1110号,114.050897,22.563211,79,,
雨田村二期,福田区,莲花街道,福田区莲花路1110号,114.049968,22.562975,,83,
港湾生活小区,南山区,招商街道,南山区赤湾少帝路6号,113.881518,22.484317,70,71,
花半里花园,龙岗区,龙城街道,龙岗区清林中路6号,114.230455,22.723454,,37,
联泰大厦,福田区,香蜜湖街道,深南大道竹子林,114.006963,22.537818,,119,
中洲华府二期（商务公寓）,宝安区,新安街道,深圳市宝安26区裕安路与公园路交汇处,113.901224,22.575234,,128,
富春东方大厦,福田区,香蜜湖街道,深圳市福田区深南大道7002,114.02075,22.540116,,176,
皇御苑三期,福田区,福田街道,福田皇岗路与滨河路交界东南,114.069172,22.528241,,100,
皇御苑二期,福田区,福田街道,福田南路9号,114.070187,22.529051,,98,
皇御苑一期,福田区,福田街道,福田南路7号,114.070939,22.529817,,96,
亚迪村,大鹏新区,葵涌街道,龙岗区葵涌镇,114.408883,22.633445,,26,
南头中学宿舍,南山区,南头街道,"(南山区南头)深南大道12034, 南头文化街18号",113.913911,22.546724,73,,
十八区锦竹苑,宝安区,新安街道,深圳市宝安区洪浪南路与洪合路交叉路口往南约50米,113.910281,22.570412,55,,
中海鹿丹名苑,罗湖区,桂园街道,红岭南路与滨河大道交汇处东南侧,114.101909,22.536741,72,121,
"水湾壹玖柒玖广场一期
（商务公寓）",南山区,招商街道,南山区蛇口荔园路8号,113.913735,22.493112,,123,
东海国际中心二期,福田区,香蜜湖街道,深圳市福田区深南大道7888号,114.01489,22.539173,,184,
深圳湾1号广场南区,南山区,粤海街道,深圳市南山区东滨路与科苑南路交汇处,113.937801,22.509349,,350,
御锦公馆,福田区,梅林街道,福田区梅林街道中康北路御锦公馆,114.05279,22.573589,,149,
松河瑞园二期（商务公寓）,宝安区,松岗街道,深圳市宝安区松岗街道溪头工业四路2号,113.826649,22.773101,,53,
NEO绿景广场,福田区,沙头街道,深圳市福田区深南大道6011号,114.025567,22.538856,,128,
昊海君悦大厦,盐田区,海山街道,沙头角深盐路2092号,114.238763,22.56334,,74,
海丽晶商住园,盐田区,梅沙街道,深圳市盐田区大梅沙环梅路3号,114.303923,22.60191,58,58,
翡翠明珠花园（商务公寓）,南山区,南头街道,深圳市南山区金鸡路1号,113.918178,22.536763,,133,
鼎诚国际大厦,福田区,华强北街道,广东省深圳市福田区华强北街道鼎诚大厦,114.078719,22.545939,,150,
嘉州富苑,福田区,沙头街道,深圳市福田区沙头街道新洲二街292号,114.040823,22.528993,,136,
富士锦园,坪山区,坑梓街道,坪山区坑梓街道人民东路与坪山大道交汇处,114.400559,22.758888,,50,
华润城润府二期（商务公寓）,南山区,粤海街道,深圳市南山区粤海街道铜鼓路56号,113.949758,22.546952,,180,
官湖统建楼,大鹏新区,葵涌街道,官湖东路88号,114.424995,22.606958,,28,
红星国际,宝安区,松岗街道,深圳市宝安区松岗街道红星社区红星国际新城二期,113.828092,22.764297,,36,
菱塘花园,宝安区,沙井街道,深圳市宝安区沙井街道沙头社区茭塘路,113.803838,22.722567,,35,
德源花园,南山区,南山街道,南山区南园村南园楼,113.91389,22.520751,73,,
雅景苑,宝安区,沙井街道,沙井街道衙边社区,113.808272,22.745227,,31,
名仕国际,宝安区,新桥街道,深圳市宝安区新桥街道沙企社区,113.821876,22.709358,,34,
民鑫商贸大厦,光明区,光明街道,深圳市光明区光明街道白花社区白花大道左侧白花小学旁,113.990006,22.73797,,26,
后亭雅苑,宝安区,沙井街道,沙井街道后亭社区,113.818116,22.759003,,34,
蚝二学府花园,宝安区,沙井街道,深圳市宝安区沙井街道蚝二学府花园,113.790504,22.741782,,37,
下梅林综合市场楼,福田区,梅林街道,深圳市福田区下梅林裕林花园,114.036094,22.564651,55,,
倚湖居,坪山区,碧岭街道,深圳市坪山新区沙湖社区锦龙大道9号倚湖居管理处,114.323756,22.675988,,30,
平安阁,福田区,梅林街道,深圳市福田区梅林街道下梅社区,114.038776,22.564217,60,,
龙佳园,南山区,南山街道,南山区南光路与登良路交汇处,113.91748,22.515805,99,99,
深湾汇云中心一期,南山区,沙河街道,南山区沙河街道白石洲东深湾一路,113.963676,22.52704,,143,
中粮锦云花园（商务公寓）,宝安区,西乡街道,前进路与流塘路交汇处,113.882556,22.587186,,69,
后瑞华庭,宝安区,航城街道,后瑞华庭,113.831122,22.633304,,45,
京基滨河时代广场,福田区,沙头街道,下沙村,114.022112,22.530405,,171,
华嵘大厦,福田区,福田街道,深圳市福田区深南大道2001号,114.060815,22.541559,,165,
壹海公寓,盐田区,海山街道,深圳市盐田区海景二路,114.232976,22.556971,,93,
中通水岸,盐田区,梅沙街道,盐田区大梅沙彩陶路8号,114.301336,22.599645,,62,
壹海城2期玺湾,盐田区,海山街道,深圳市盐田区海景二路,114.233881,22.55449,,88,
新亚洲国利大厦,福田区,华强北街道,福田区华强北中航路18号,114.079813,22.54596,,133,
光彩新天地,南山区,南山街道,南山区南山大道2002号,113.919402,22.527519,,103,
盛唐商务大厦,福田区,沙头街道,广东省深圳市福田区沙头街道水松大厦,114.019249,22.532632,,131,
蓝郡公馆大厦,盐田区,沙头角街道,深圳市盐田区沙头角沙深路63号,114.221422,22.553203,,90,
沙利公馆,宝安区,新桥街道,深圳市宝安区沙井街道中心路106号,113.825054,22.733113,,40,
北头西苑,南山区,南山街道,深圳市南山区南山村,113.908042,22.520485,77,,
金花围小区,宝安区,松岗街道,深圳市宝安区松岗街道松岗社区沙江东路39号,113.839767,22.778623,,30,
凌霄花园小区,宝安区,福永街道,宝安区福永街道机场六道1026号,113.819864,22.651007,36,36,
泰莱雅苑,龙华区,福城街道,武馆居民小组52号305,114.037013,22.708902,,35,
共和和丰大厦,龙华区,龙华街道,梅龙大道1040号,114.035215,22.652514,,50,
黄金富苑,龙岗区,南湾街道,南湾街道南岭村社区,114.13877,22.612053,,41,
山海名苑,大鹏新区,南澳街道,深圳市大鹏新区南澳街道办上企沙山海名苑,114.484397,22.546256,,29,
澳新亚大厦,福田区,福田街道,福田区福田街道彩田路2030号,114.063673,22.534991,,122,
松河瑞园,宝安区,松岗街道,深圳市宝安区松岗街道溪头工业四路2号,113.826979,22.772144,,48,
前海枫叶大厦,南山区,南山街道,南山区常兴路以西，学府路以南,113.915754,22.529768,,137,
宝能城花园（东区）,南山区,桃源街道,深圳市南山区桃园街道留仙大道3318号,113.993215,22.593521,,118,
向南瑞峰花园（商务公寓）,南山区,南山街道,深圳市南山区桂庙路22号,113.921046,22.527772,,127,
瑞尚居（商务公寓）,宝安区,西乡街道,航城大道与固新路交汇处,113.846476,22.608355,,75,
嘉洲商务中心,宝安区,新安街道,深圳市新安街道广深公路与上川路交汇处东侧,113.887668,22.573398,,101,
华强广场,福田区,华强北街道,福田区振华路上海宾馆,114.080913,22.545871,,136,
魅力时代花园（商务公寓）,宝安区,西乡街道,宝安区西乡大道与新湖路交汇处,113.859199,22.5786,,91,
传麒景苑,福田区,莲花街道,深圳市福田区北环大道7005号,114.031577,22.561099,,154,
汉京金融中心,南山区,粤海街道,深圳市南山区深南大道9968号,113.931582,22.543547,,150,
城央公寓,大鹏新区,葵涌街道,深圳市大鹏新区葵涌街道葵新北路,114.416317,22.63607,,49,
华润城华润置地大厦（一期）,南山区,粤海街道,深南大道9668号,113.951569,22.545524,,210,
金城大第花园一期,光明区,光明街道,宝安区光明镇,113.938162,22.744429,,66,
尚峻花园一期,龙华区,大浪街道,(龙华区上塘)民塘路与建设路交汇处,114.007387,22.643525,,76,
领丽花园,宝安区,航城街道,航空路6号,113.850575,22.61455,,66,
宝新阁,宝安区,新安街道,李阁宝民路甲岸村66栋,113.886914,22.592551,,49,
芳庭苑,罗湖区,黄贝街道,罗湖区罗沙路,114.145534,22.55435,,67,
安托山花园二期,福田区,香蜜湖街道,(福田区竹子林)安托山六路与侨香五道交汇处,114.002221,22.554054,,180,
安托山花园一期,福田区,香蜜湖街道,(福田区竹子林)安托山六路与侨香五道交汇处,114.0029,22.553775,,180,
文星阁,罗湖区,南湖街道,春风路文星小区(向西路以北),114.122491,22.543152,103,,
嘉宝田花园二期,罗湖区,笋岗街道,罗湖区笋岗片区笋岗东路2008号,114.105488,22.56128,,96,
中森公园华府,龙华区,观湖街道,观湖街道坂澜大道与新樟路交汇处,114.083223,22.694967,,52,
鹿丹铁路新村,罗湖区,桂园街道,罗湖区桂园片区滨河路1001号,114.104158,22.537182,69,,
慢城一期,龙岗区,布吉街道,龙岗石芽岭公园附近，布吉生态新区内,114.12377,22.626409,49,50,
红花雅筑,南山区,南头街道,南山区南新路与红花路交汇处附近,113.913608,22.541777,,130,
大新时代大厦,南山区,南山街道,南山区学府路265号,113.906659,22.530715,,126,
新天地世纪商务中心,福田区,福保街道,深圳市福田区石厦北二街,114.047971,22.523634,,123,
盛迪嘉光明壹号花园（商务公寓）,光明区,凤凰街道,光明高新西区科发路西侧、十七号路南侧,113.923705,22.739444,,49,
盛华公司住宅楼(东门),罗湖区,东门街道,罗湖区翠竹片区水贝一路水田一街196号,114.118203,22.547349,69,,
前海铂寓,宝安区,西乡街道,大铲湾港区,113.857263,22.558009,,70,
泛海城市广场,南山区,南山街道,南山区前海路70号,113.887832,22.497105,,114,
六和商业广场一期（商务公寓）,坪山区,坪山街道,坪山新区坪山街道深汕路与东纵路交汇处深汕路168号,114.333763,22.695478,,52,
万骏汇商务公寓,宝安区,西乡街道,宝安区西乡街道广深公路西侧,113.871664,22.586373,,70,
海岸时代公寓,南山区,南头街道,深圳市深南大道12069号,113.910719,22.543771,,93,
宏发嘉域花园,光明区,马田街道,深圳市光明区马田街道,113.872699,22.784807,,53,
水湾壹玖柒玖广场（二期）,南山区,招商街道,南山区蛇口荔园路8号,113.914181,22.492069,,140,
汉国城市商业中心,福田区,福田街道,深圳市福田区深南中路3031号,114.075094,22.542076,,150,
松茂御龙雅苑,宝安区,西乡街道,西乡街道银田路与宝怡路交汇处,113.848879,22.576524,,97,
明珠花园,大鹏新区,葵涌街道,石场村,114.408371,22.638939,27,,
光前大厦,南山区,桃源街道,龙井路光前村,113.958952,22.565291,65,,
荔景家园,南山区,桃源街道,南山区龙井路荔景家园,113.959844,22.564997,67,,
九紫东景,光明区,公明街道,深圳市光明区公明街道上村社区,113.898587,22.789909,,36,
金沙名都,宝安区,沙井街道,深圳市宝安区沙井街道沙头社区金沙一路25号,113.796223,22.722141,,34,
山海苑,大鹏新区,大鹏街道,中山路83号下沙新村山海苑,114.479158,22.59847,,30,
融域名城小区,光明区,凤凰街道,深圳市光明区凤凰街道办塘家社区塘家北路,113.928541,22.738089,,40,
元径村统建楼,宝安区,石岩街道,深圳市宝安区石岩街道田心大道元径村,113.935589,22.688661,32,,
轩苑居,光明区,公明街道,公明街道上村社区民生路73号,113.904664,22.784099,,34,
麒麟名都,宝安区,新桥街道,深圳市宝安区新桥街道沙企社区宝安大道8232号,113.820838,22.73678,,42,
星耀名城,宝安区,石岩街道,深圳市宝安区石岩街道径贝村松白路348号,113.915962,22.695188,,31,
久商大厦,南山区,南头街道,深圳市南山区南山大道3003号,113.917267,22.54499,,69,
冼屋大楼,龙华区,福城街道,悦兴路与龙观快速交汇处东南侧,114.02199,22.71268,,35,
港信达横岗大厦,龙岗区,横岗街道,深圳市龙岗区横岗街道龙岗大道5008号,114.203045,22.649309,,60,
深业泰然观澜玫瑰轩,龙华区,观湖街道,深圳市龙华区观澜大道396号,114.052928,22.719608,,57,
荣德时代广场,龙岗区,横岗街道,深圳市龙岗区横岗街道保康路与横华路交汇口,114.204906,22.653837,,65,
华商时代公寓,罗湖区,笋岗街道,深圳市罗湖区笋岗街道北站社区北站路3号,114.111128,22.560689,,94,
湖溪大厦,罗湖区,东门街道,深圳市罗湖区湖贝路2183号湖溪大厦,114.118316,22.547713,,99,
新世界大厦,罗湖区,东门街道,深圳市罗湖区东门中路与兴湖路交叉口,114.118703,22.552619,,102,
罗湖金岸,罗湖区,南湖街道,深圳市罗湖区南湖街道沿河南路1070号,114.118508,22.536954,,85,
金地凯旋广场,龙岗区,龙岗街道,深圳市龙岗区龙岗大道与龙城南路交汇处西南侧,114.247553,22.713991,,53,
荣德国际雨馨公寓,龙岗区,横岗街道,龙岗区横岗街道保康路与横华路交汇口,114.203869,22.654436,,59,
启迪协信科技园,龙岗区,龙城街道,深圳龙岗区龙城街道青春路启迪协信科技园,114.202074,22.70016,,57,
佳华领域广场,龙华区,观湖街道,龙华区观湖街道观澜大道386号,114.051723,22.716746,,66,
维雅德大厦,龙华区,龙华街道,深圳市龙华区龙华街道龙华广场3路西侧，星河ico北侧,114.033795,22.66022,,71,
星河智荟花园（商务公寓）,龙岗区,园山街道,深圳市龙岗区龙岗大道与横坪路交汇处东北侧星河智荟,114.216095,22.666357,,53,
大族河山花园一期（商务公寓）,龙岗区,南湾街道,深圳市龙岗区南湾街道沙塘布社区,114.152229,22.615463,,61,
坑尾新村统建楼,宝安区,石岩街道,深圳市宝安区石岩街道坑尾村坑尾大道38号,113.933864,22.6954,31,,
固戍综合楼,宝安区,西乡街道,深圳市宝安区西乡街道固戍一路885号,113.839572,22.594395,,45,
和悦苑,宝安区,沙井街道,锦程路1012号,113.782026,22.714334,,31,
铁岗大厦,宝安区,西乡街道,深圳市宝安区西乡街道铁岗社区铁岗大厦,113.882802,22.603304,,41,
祝龙田人才公寓,宝安区,石岩街道,深圳市宝安区石岩街道石龙社区石环路三号,113.964271,22.7098,,32,
金达豪花园,龙岗区,南湾街道,深圳市龙岗区南湾街道上李朗社区,114.111406,22.658324,,44,
元芬金园大厦,龙华区,大浪街道,深圳市龙华区大浪街道陶元社区龙峰三路,113.994877,22.657476,,39,
统建街旁统建楼,龙岗区,平湖街道,新村路77、79号,114.128287,22.697354,32,,
汇龙公馆,龙华区,福城街道,志扬路9号,114.011322,22.746295,,35,
三联统建楼,龙华区,龙华街道,龙观路387号三联统建楼,114.01914,22.66678,35,,
新翠雅苑,龙岗区,龙岗街道,深圳市龙岗区坪西路135号新翠雅苑,114.272953,22.755443,,32,
杨美统建楼,龙岗区,坂田街道,金竹16巷4-5号统建楼,114.073561,22.632888,,33,
木棉湾统建楼,龙岗区,布吉街道,统建楼西南一,114.127071,22.605964,48,,
港丰大厦,罗湖区,东门街道,深圳市罗湖区湖贝路2163号,114.117485,22.547654,,106,
赛格新城,龙岗区,吉华街道,深圳市龙岗区布吉街道三联社区物流园,114.109431,22.623756,,74,
华业玫瑰郡（商务公寓）,龙岗区,龙城街道,龙岗区龙岗中心城吉祥中路与龙平西路交汇处683号,114.232367,22.734662,,53,
幸福城商业大厦,龙华区,龙华街道,龙华区和平东路幸福城商业大厦,114.031307,22.665133,,84,
东城中心花园二期（商务公寓）,龙岗区,横岗街道,深圳市龙岗区横岗街道龙岗大道横岗段2999号,114.179586,22.639468,,65,
信义莉景御苑,龙岗区,布吉街道,深圳市龙岗区布吉街道翔鸽路36号,114.127251,22.595442,,88,
红山六九七九一期,龙华区,民治街道,龙华区民治街道办事处辖区,114.02018,22.62488,,103,
万科天誉中央广场,龙岗区,龙城街道,深圳市龙岗区龙城街道道德政路7188号,114.23894,22.717129,,43,
和平里花园一期（商务公寓）,龙华区,大浪街道,深圳市龙华和平西路与布龙路交汇处西南面,114.007632,22.646174,,86,
星河传奇花园三期,龙华区,民治街道,民塘路与上塘路交汇处,114.014138,22.633559,,88,
金基吉祥广场,龙岗区,龙城街道,深圳市龙岗区龙城街道中心城吉祥中路221号,114.232446,22.72159,,62,
银湖蓝山,罗湖区,清水河街道,深圳市罗湖区清水河街道银湖社区,114.077926,22.573239,,105,
弘雅花园四期雅兰亭,宝安区,新安街道,宝安区新安街道上川路7号,113.887343,22.575722,69,64,
东升街一巷,罗湖区,东门街道,东升街一巷6号,114.120515,22.555808,49,,
碧湖豪苑,龙岗区,龙城街道,龙岗区龙岗龙岗中心城清林中路,114.234538,22.725834,,36,
天福华府B区,宝安区,航城街道,宝安西乡107国道黄田三围段,113.834647,22.637889,,58,
博林天瑞花园二期,南山区,桃源街道,留仙大道和平山一路交汇处,113.968632,22.586926,,97,
清涛阁,盐田区,梅沙街道,环碧路128号,114.293753,22.602135,,52,
银领公馆,龙岗区,南湾街道,布澜路西，和谐家园东，东西干道与龙岗大道之间,114.135648,22.622803,,66,
鸿荣源·壹成中心九区,龙华区,龙华街道,人民北路220号,114.022962,22.651674,,68,
园西,福田区,南园街道,福田区深南大道与华强南路交汇处东南侧,114.086417,22.541329,84,,
红树别院,南山区,粤海街道,沙河西路西,113.952156,22.549529,,135,
招商东岸家园（商品住房）,大鹏新区,葵涌街道,深圳市大鹏新区葵涌街道葵新北路80号,114.414452,22.637542,,36,
景华嶺莑,龙岗区,吉华街道,龙岗区布吉街道水径社区吉华路中段西侧,114.105846,22.614635,,62,
海心汇福园（商务公寓）,龙岗区,吉华街道,龙岗区布吉街道吉华路266号,114.105703,22.620582,,71,
远洋新干线晶钻广场,龙岗区,龙岗街道,龙岗区龙岗大道龙段4070号,114.256452,22.721654,,53,
华盛珑悦花园（商务公寓）,龙华区,龙华街道,东环一路与八一路交汇处,114.026014,22.652706,,91,
深南阳光大厦,罗湖区,南湖街道,深圳市罗湖区新安路59号,114.123399,22.545447,,128,
恒大城市之光,龙岗区,龙城街道,恒大城市之光大厦,114.2311,22.700641,,59,
汇德大厦,龙华区,民治街道,深圳市龙华区民治街道民塘路385号,114.025959,22.615664,,103,
"东城中心花园三期-A区
（商务公寓）",龙岗区,横岗街道,龙岗区横岗街道龙岗大道北面埔厦路西侧,114.179174,22.641133,,65,
港信达银信广场（商务公寓）,龙岗区,横岗街道,深圳市龙岗区横岗街道龙岗大道5008号,114.204126,22.648113,,64,
琳珠华庭（商务公寓）,龙岗区,龙城街道,龙岗区龙城街道爱联社区怡翠路与余岭路交汇处,114.230131,22.707002,,57,
京基一百,罗湖区,桂园街道,深圳市罗湖区深南东路5016号,114.101771,22.546584,,100,
中粮祥云（商务公寓）,龙岗区,龙城街道,龙岗大道与如意路交汇处中粮祥云广场,114.226912,22.697743,,58,
正中时代广场,龙岗区,龙城街道,龙城大道99号,114.246404,22.73061,,50,
碧桂园荣汇府,龙岗区,坂田街道,布吉镇坂田长坑地段,114.067085,22.626927,,83,
财富公馆,宝安区,新桥街道,万丰大钟岗路7-9号,113.822521,22.711074,,34,
碧头花园,宝安区,松岗街道,深圳市宝安区松岗街道碧头社区碧头花园,113.807901,22.783864,,28,
鸿景花园二期,宝安区,石岩街道,石环路216号,113.936034,22.696962,,33,
盛芳园,宝安区,沙井街道,宝安区沙井街道壆岗社区将军路和蚝乡路交汇处,113.811179,22.739913,,30,
景城花园,宝安区,新桥街道,深圳市宝安区新桥街道中心路156号,113.828945,22.744293,36,28,
芙景豪庭,宝安区,新桥街道,洋下大道98号,113.83584,22.74066,,32,
佳裕广场,宝安区,松岗街道,佳裕广场,113.822307,22.772621,,37,
馨庭苑,宝安区,石岩街道,罗租社区,113.931825,22.674945,,36,
骏凯豪庭,宝安区,沙井街道,广东省深圳市宝安区沙井大王山同富路,113.801878,22.7194,,35,
郑屋围花园,宝安区,石岩街道,深圳市宝安区石岩街道官田社区,113.936594,22.685409,,31,
荣德国际雨辰公寓,龙岗区,横岗街道,龙岗区横岗街道保康路与横华路交汇口,114.203799,22.652779,,59,
东部英郡假日广场,龙岗区,南湾街道,深圳市龙岗区南湾街道丹竹头社区东部英郡假日广场,114.145118,22.621234,,66,
湾涛时代公馆,龙岗区,布吉街道,湾涛时代公馆,114.098991,22.601963,,75,
地铁远为大厦,罗湖区,东门街道,罗湖区建设局3018号,114.111008,22.547264,,106,
启迪协信商务公寓,龙岗区,龙城街道,深圳市龙岗区飞扬路66号,114.204085,22.700392,,52,
万菱公寓彩云轩,宝安区,西乡街道,宝安区广深公路西乡段459号,113.862821,22.600446,,70,
懿德轩,南山区,沙河街道,深圳市南山区侨香路4068号智慧广场,113.978888,22.551776,250,250,
御景翠峰小区,盐田区,沙头角街道,深圳市盐田区沙头角梧桐山隧道口,114.215819,22.556456,,80,
深城投中城花园一期（商务公寓）,坪山区,坪山街道,深圳市坪山区六和社区深汕路123号,114.338769,22.697117,,65,
阳光粤海花园一期（商务公寓）,南山区,粤海街道,深圳大学粤海校区东北角,113.936047,22.536275,,144,
京基御景峯（商务公寓）,南山区,桃源街道,深圳市南山区桃源街道长源社区长源京基御景峯公馆,114.008092,22.600817,,85,
富金苑,龙华区,福城街道,广东省深圳市龙华区福城街道大水坑社区大三村,114.006984,22.727749,38,,
雅庭苑,宝安区,航城街道,宝安大道5001号,113.836724,22.612873,,50,
大唐时代公寓,龙华区,龙华街道,龙华区龙华街道和平东路港之龙科技园,114.036526,22.667948,,49,
深业御园,坪山区,坑梓街道,工业区坑梓镇,114.393677,22.742539,,34,
东部华侨城天麓三区,盐田区,盐田街道,盐田区大梅沙东部华侨城内,114.284192,22.61741,,,136
绅宝花园,福田区,梅林街道,福田区梅华路2号,114.055777,22.568492,,71,
瀚海东岸家园,盐田区,沙头角街道,盐田区官下路63号,114.227065,22.553959,,62,
桂木园小区,罗湖区,桂园街道,罗湖区桂园路与解放路交汇处东北侧,114.108372,22.549086,65,,
美景花园,罗湖区,笋岗街道,文锦北路1155号,114.117122,22.567778,,69,
联投东方华府二期（商品住房）,宝安区,松岗街道,宝 安区东方大道与埔边南街交汇处,113.851257,22.764866,,50,
洪湖二街10号大院,罗湖区,笋岗街道,罗湖区笋岗片区文锦北路洪湖二街10号,114.116419,22.565077,71,,
鹿鸣园,罗湖区,东晓街道,罗湖区翠竹北路32号,114.123968,22.577893,,70,
满京华云著花园二期,宝安区,松岗街道,中心北区，107国道与松福大道交汇处,113.827721,22.787243,,47,
淘金山湖景花园二期,罗湖区,东湖街道,布心二线关外,114.137624,22.59042,,109,167
天鹅湖花园（二期）,南山区,沙河街道,(南山区华侨城)侨香路天鹅湖花园二期,113.980012,22.548748,,126,
天玑公馆,龙华区,龙华街道,龙观东路45号,114.034596,22.67822,,57,
东关·乐尚林居,南山区,南头街道,中山园路58号同乐村西南侧,113.916186,22.569157,,94,
六和商业广场一期（商品住房）,坪山区,坪山街道,深圳市坪山新区深汕路168号,114.333771,22.695466,,46,
天汇时代花园一期,光明区,马田街道,光明新区松白路与长春路交汇处,113.890978,22.775719,,51,
中润大厦,南山区,南山街道,南山区南油大道与学府路交汇处南侧,113.923677,22.529229,,115,
西岭花园,罗湖区,黄贝街道,罗湖区延芳路600号,114.150566,22.554423,50,,
沙头角海关小区,盐田区,沙头角街道,盐田区园林路与沙深路交汇处南侧,114.219034,22.555829,59,,
洪湖东岸家园,罗湖区,翠竹街道,罗湖区翠竹片区文锦北路2088号,114.118329,22.5716,,85,
鸿荣源禧园,宝安区,新桥街道,宝安区坣岗片区宝安大道与新沙路交汇处,113.821173,22.73434,,48,
半山海花园,大鹏新区,葵涌街道,(大鹏新区大鹏半岛)大鹏新区葵涌办事处土洋社区,114.408776,22.617702,,45,45
新屋吓培峰苑,罗湖区,东晓街道,金稻田路与禾坑路交汇处,114.1205,22.590618,,87,
灏景明苑一期,龙岗区,布吉街道,龙岗区中心区4号,114.126296,22.611984,,56,
海外装饰大厦,福田区,华强北街道,福田区振华路122号,114.077085,22.547567,81,,
梅林三村,福田区,梅林街道,福田区梅林路127号,114.047738,22.570563,,74,
梅丰花园,福田区,梅林街道,福田区下梅林梅华路238-88号,114.034063,22.565936,55,,
民盛花园,光明区,光明街道,深圳市光明区光明街道白花社区白花社区服务中心综合办公大楼附近,113.985975,22.742214,,26,
滨海雅苑,大鹏新区,葵涌街道,延安路7号,114.426209,22.634546,,28,
一甲海边新村（统建楼）,南山区,南头街道,南山区南头街道一甲海边新村,113.910576,22.541692,72,,
上善居,宝安区,沙井街道,深圳市宝安区沙井街道北环路上善居,113.801035,22.750248,,32,
和盛花园,宝安区,新桥街道,深圳市宝安区新桥街道黄埔社区黄埔南路,113.840191,22.717135,,28,
中泰国际,宝安区,新桥街道,深圳市宝安区新桥街道南环路中泰国际,113.822619,22.714186,,33,
新屋统建楼,坪山区,龙田街道,坪山区龙田街道龙田社区新屋村,114.353861,22.761323,,27,
民德居,宝安区,石岩街道,石岩街道罗租老村十三区39号,113.929736,22.677809,,34,
羊台山壹号,宝安区,石岩街道,石岩街道黎光村众兴路羊台山壹号,113.941413,22.678186,,36,
梓兴花园,坪山区,坑梓街道,深圳市坪山区坑梓街道光祖南路梓兴花园,114.367158,22.7392,,27,
东山得宝楼,宝安区,西乡街道,深圳市宝安区西乡街道固戍一路89号,113.856961,22.603147,,47,
红荔村住宅区,福田区,华强北街道,福田区华发北路与振兴路交汇处东侧,114.085111,22.550255,96,,
怡景花园-荷花村,罗湖区,黄贝街道,罗湖区怡景路2003号,114.131559,22.555174,76,,
海云轩,宝安区,新安街道,宝安区宝安大道与创业一路交汇处东南侧,113.88902,22.560842,,65,
兴华花园(宝安),宝安区,西乡街道,宝安区共乐路与新城大道交汇处东南侧,113.860219,22.582969,49,,
新天地名居,罗湖区,黄贝街道,罗湖区文华片区北斗路9号,114.128999,22.547075,,103,
桃源居十三区,宝安区,西乡街道,宝安区桃源居五路与汇江二路交汇处西北侧,113.861546,22.619525,48,53,
华富小区,龙华区,龙华街道,宝安区和平西路与人民北路交汇处西南侧,114.01902,22.653845,42,,
泥岗铁路小区,罗湖区,笋岗街道,罗湖区笋岗片区泥岗东路1019号,114.111125,22.57532,63,,
佳华书苑雅阁,宝安区,新安街道,宝安区洪浪北路与大宝路交汇处南侧,113.91264,22.576619,,96,
彩世界家园,罗湖区,东湖街道,罗湖区太白路与东湖路交汇处东北侧,114.13793,22.581322,,73,
新利苑,龙岗区,布吉街道,龙岗区布龙路31号,114.121133,22.615538,43,,
锦绣山庄,龙岗区,南湾街道,布沙路108附1号,114.143391,22.610056,,37,
龙湖春江天玺,龙华区,龙华街道,-,114.036907,22.642612,,86,
雅庭海湾国际大酒店,盐田区,海山街道,广东省 深圳市 盐田区 海山街道 海山路2号,114.237056,22.556228,,67,
西湖苑水岸香,龙岗区,坪地街道,(龙岗区坪地)兴华路19号,114.292532,22.770902,24,29,39
东昌路4号公交综合楼,罗湖区,东晓街道,(罗湖区布心)东昌路4号,114.130978,22.579084,54,,
东湖馨苑,罗湖区,东湖街道,深圳市罗湖区太安路与东乐路交汇处,114.136251,22.571782,62,,
"华海金湾公馆(A104-0135)
(华丰前海湾二期)",宝安区,西乡街道,(宝安区碧海)碧海片区兴业路与共乐路交汇处西南侧,113.846965,22.5724,,80,
"华海金湾公馆(A104-0136)
(华丰前海湾一期)",宝安区,西乡街道,(宝安区碧海)碧海片区兴业路与共乐路交汇处西南侧,113.845355,22.572784,,83,
雄江苑,福田区,沙头街道,新沙路1号,114.04267,22.533437,89,,
远洋新天地家园,龙岗区,龙城街道,深圳市龙岗区龙城街道盛平社区,114.253818,22.730758,,50,
汇文楼,南山区,沙河街道,南山区侨城西街10号,113.978524,22.542266,,95,
观湖园,龙华区,观澜街道,宝安区四黎路与桂月路交汇处西侧,114.031944,22.745365,,,71
鸿景豪苑,龙岗区,布吉街道,深圳布吉镇深惠公路与布龙路交汇西北,114.12482,22.613231,,56,
锦欣花园,宝安区,西乡街道,宝安区银田路与西湖路交汇处南侧,113.852089,22.581677,47,,
东区住宅区,光明区,光明街道,宝安区光明大街与市场街交汇处东南侧,113.941298,22.764442,36,,
城市阳光花园,龙华区,龙华街道,宝安区墩背五巷与大浪南路交汇处南侧,114.011873,22.673759,,52,
蔚蓝海岸社区二期,南山区,粤海街道,南山区后海路东,113.930906,22.511422,,103,
天悦园,南山区,粤海街道,南山区商业文化中心区环西路,113.924831,22.520197,,91,
公园大地五期,龙岗区,龙城街道,龙岗区中心城29区,114.228268,22.710825,,55,
汇园雅居,南山区,粤海街道,南山区南海大道4040号,113.929069,22.546122,,102,
海心汇福园（商品住房）,龙岗区,吉华街道,罗湖圈布吉新城吉华路（地铁下水径站C口）,114.105703,22.620582,,67,
海馨苑,福田区,华强北街道,福田区华新路与华富路交汇处东北侧,114.080285,22.555145,,110,
奥园翡翠东湾,坪山区,龙田街道,深圳市坪山新区坪山街道创景路与金牛东路交汇处,114.385593,22.710422,,39,
幸福港湾御品居,宝安区,西乡街道,宝安区西乡街道西乡大道与兴业路交汇处,113.850409,22.569794,,75,
西城上筑花园,宝安区,新安街道,宝安区新城大道与创业一路交汇处南侧,113.887086,22.559114,,85,
蛟湖路片区二号大院,罗湖区,东门街道,蛟湖路2号,114.11362,22.553569,74,,
嘉多利花园北区,罗湖区,翠竹街道,文锦北路1052号,114.120343,22.564106,,95,
玉华花园,龙华区,民治街道,宝安区民治街道人民北路与龙胜路交汇处北侧,114.02185,22.64342,50,50,
石厦花园,福田区,福保街道,石厦东村9栋,114.047045,22.522527,,120,
枫叶望海公馆,南山区,蛇口街道,南山东角头金世纪路与望海路交汇处东北方向,113.928916,22.48574,,123,
鸿荣源·壹成中心七区,龙华区,龙华街道,鸿尚路壹城中心第七区,114.025856,22.649934,,73,
德意名居二期,南山区,桃源街道,南山区动物园路与丽山路交汇处南侧,113.957806,22.593557,,89,
国际文化大厦,福田区,福田街道,福田区深南中路3039号,114.072546,22.542012,,95,
金城大第花园二期,光明区,光明街道,宝安区光明镇,113.939495,22.743955,,,52
明发光明轩,光明区,玉塘街道,田寮路与与根玉路交汇处亿和控股,113.888357,22.728949,,49,
高发城驰苑,福田区,福田街道,福田区益田路2008号北侧,114.052281,22.525273,108,121,
太平洋住宅区,盐田区,海山街道,盐田区金融路52号,114.230415,22.551821,51,,
香诗美林花园,福田区,香蜜湖街道,福田区竹子林四路8号,114.003171,22.53899,,110,
高达苑,福田区,梅林街道,福田区下梅林一街2号,114.030271,22.564103,66,,
华秀花园,罗湖区,东湖街道,罗湖区东湖路136号,114.135366,22.584921,60,,
锦龙新村,福田区,南园街道,福田区华发南路与华阳路交汇处东侧,114.08609,22.540156,86,,
蓝天绿都家园,福田区,梅林街道,福田区梅林路3号,114.066132,22.570627,,91,
叠翠新峰花园二期,龙岗区,龙岗街道,龙岗区鹏达商业街99号,114.266356,22.720759,,37,
海月花园二期,南山区,招商街道,南山区海月路116号,113.931354,22.505191,91,94,
科技园36区,南山区,粤海街道,南山区深南路科技工业园,113.944353,22.550025,109,,
公园大地十期,龙岗区,龙城街道,龙岗区中心城29区,114.228362,22.711933,,47,57
金葵丰,大鹏新区,葵涌街道,松树村,114.407918,22.635565,,28,
燕景华庭,宝安区,燕罗街道,燕罗街道燕川社区,113.85445,22.805253,28,36,
众和花园,宝安区,燕罗街道,燕罗街道塘下涌众和花园,113.842523,22.80104,,29,
怡安花园,宝安区,沙井街道,深圳市宝安区沙井民主大道4号,113.794007,22.739142,,34,
蚝三民主丰泽园,宝安区,沙井街道,沙井街道民主大道18号,113.778632,22.738233,,35,
田沁花园,宝安区,沙井街道,深圳市宝安区锦程路1036号西北方向154米,113.77695,22.724356,,30,
裕和花园,宝安区,沙井街道,锦程路1028号,113.779571,22.717399,,29,
合众豪庭,光明区,马田街道,深圳市光明新区公明镇马田街道南庄合众豪庭,113.902599,22.776531,,32,
康城花园,宝安区,沙井街道,沙井西环路辛养别墅,113.797441,22.742908,,32,
岐山统建楼,坪山区,坑梓街道,深圳市坪山区金辉路坑梓黄麻石院区式小区南侧约140米,114.394903,22.748562,,33,
岭脚小区统建楼,坪山区,石井街道,坪山区福民路李屋小区,114.37178,22.697721,32,,
田厦统建楼,南山区,南头街道,深圳市南山区常兴新村,113.915508,22.533023,72,,
统建商住楼,福田区,南园街道,深南中路统建商住楼,114.086348,22.542899,,70,
荔苑小区,南山区,南头街道,南山区学府路119号,113.916845,22.531034,77,,
工商楼,南山区,南头街道,南山区深南大道12017号南边工商宿舍楼,113.916935,22.541978,67,,
华为住宅楼,南山区,南头街道,南山区桃园路60号,113.918016,22.535834,81,,
湖滨阁,罗湖区,黄贝街道,罗湖区怡景路2020号,114.133435,22.560983,,74,
南海玫瑰花园二期,南山区,蛇口街道,南山区蛇口东角头公园路与望海路交汇处东侧,113.919612,22.487685,,126,145
南苑新村西区,南山区,南头街道,南山区南光路105号,113.921933,22.533893,85,,
宏发领域花园,宝安区,新安街道,宝安中心区N5区/创业路与新湖路交汇处,113.884258,22.557267,,106,
湖彬苑,南山区,桃源街道,南山区龙苑路068号,113.977332,22.56587,,101,
湾厦泰福苑,南山区,蛇口街道,南山区湾厦路与渔村路交汇处,113.928697,22.492267,,98,
澳华花园,龙华区,大浪街道,深圳市龙华区大浪街道华荣路,114.001756,22.668717,,41,
盛世江南,龙华区,龙华街道,龙华区龙华街道建设东路36号,114.034646,22.664097,,43,
中心花园,龙华区,福城街道,深圳市龙华区福城街道大水坑社区大三村,114.011768,22.731897,,37,
鑫园,龙华区,龙华街道,深圳市龙华区龙华街道三联路弓村一区,114.021992,22.664957,,40,
清湖铭泉,龙华区,龙华街道,深圳市龙华区龙华街道清华社区梅龙大道2229号,114.037207,22.668969,,46,
厦村统建楼,龙岗区,南湾街道,龙岗区南湾街道厦村社区厦村统建楼,114.156987,22.614067,,40,
上丰花园,龙华区,民治街道,深圳市龙华区民治街道简上村上丰花园,114.006285,22.635472,,43,
福楼村统建楼,龙华区,观湖街道,观平路与人民路交汇处西北侧,114.066841,22.717799,,33,
鸿景花园,宝安区,石岩街道,石环路216号,113.934101,22.692787,,30,
深投控创智天地大厦,南山区,粤海街道,-,113.939263,22.540872,,130,
中电迪富大厦,福田区,华强北街道,-,114.084464,22.546708,,146,
富驰大厦,龙华区,龙华街道,东环二路与油松路交汇处富驰大厦,114.0415,22.650462,,70,
新城东方丽园,坪山区,碧岭街道,深圳市坪山新区坪山街道碧沙北路10号,114.311841,22.669542,,46,
金众金竹花园,福田区,香蜜湖街道,福田区紫竹四道36号,114.003085,22.540338,76,,
欧景花园一期,龙岗区,龙城街道,龙岗区龙福西路90号,114.229699,22.727787,,35,
金城华庭,罗湖区,黄贝街道,罗湖区凤凰街6号,114.128632,22.552066,,100,
汇宾广场一期,南山区,南山街道,南山区内环路以南,113.912806,22.512053,,78,
振兴小区,南山区,招商街道,南山区工业七路振兴小区,113.918079,22.496426,81,,
吉祥里豪庭,龙岗区,龙城街道,龙岗中心区黄阁中路东与白灰围一路交汇处平安里学校前,114.216391,22.726072,,52,
明知花苑,光明区,马田街道,深圳市光明区马田街道将围社区,113.900479,22.758112,,35,
雍华源,宝安区,西乡街道,深圳市宝安区西乡街道宝田二路雍华源,113.868573,22.600122,,46,
正龙村统建楼,南山区,南山街道,深圳市南山区南山街道南山社区南光路17号,113.919814,22.520602,86,,
军荟花园,宝安区,石岩街道,众兴路7号,113.94253,22.679588,,35,
荣泰园,宝安区,新桥街道,荣泰园一区72号壹家公寓,113.818543,22.728621,,40,
半山悦海花园,盐田区,沙头角街道,深圳市盐田区沙头角梧桐山隧道口旁,114.2159,22.55809,,79,
悠然居,南山区,招商街道,蛇口工业大道西、工业八路南,113.916158,22.503105,,90,
仓前锦福苑二期,南山区,南山街道,南山南山区南新路东侧,113.91433,22.530533,,85,
仓前锦福苑三期,南山区,南山街道,南山南新路东、学府路南,113.914969,22.530557,97,87,
翠盈嘉园,罗湖区,笋岗街道,罗湖区笋岗片区洪湖一街路23号,114.118004,22.559757,,82,
怀德广场,宝安区,福永街道,(宝安区福永)福永凤凰山对面107国道西侧,113.822386,22.671807,,58,
御景台雅园,盐田区,盐田街道,深圳市盐田港后方梧桐半山东南山麓,114.239167,22.588102,,58,
鹤祥苑,南山区,西丽街道,南山区西丽镇动物园路,113.957098,22.596856,68,,
凤凰天誉,宝安区,西乡街道,西乡前进二路与宝田一路交汇处,113.875729,22.596666,,64,
勤诚达正大城花园一期,光明区,玉塘街道,广东省深圳市光明区长升路与光侨路交叉口,113.910553,22.724791,,51,
乾泰公寓,福田区,沙头街道,深圳市福田区天安数码城h78栋,114.027709,22.531781,86,,
万象新天一期,宝安区,西乡街道,宝安大道4806号,113.844156,22.606093,,83,
博林天瑞花园一期,南山区,桃源街道,南山沙河西路与留仙大道交汇处,113.967171,22.586481,,110,
鹏华世家华府,龙岗区,平湖街道,平龙路,114.124529,22.700273,,37,
汤亨花园,坪山区,碧岭街道,深圳市坪山区碧岭街道碧沙北路11号汤亨花园,114.30829,22.671802,,35,
金福雅苑,宝安区,松岗街道,温屋西路金福雅苑,113.827767,22.770222,,32,
公园茗苑,宝安区,沙井街道,沙井街道大王山公园茗苑,113.803412,22.71447,,35,
御景新城,光明区,公明街道,深圳市光明区公明华发北路御景新城,113.901042,22.788962,,33,
富居花园,宝安区,新桥街道,沙井中心路与蚝乡路交汇处,113.826109,22.737873,,36,
西岸银座,宝安区,新桥街道,深圳市宝安区宝安大道与蚝乡路交汇处,113.82097,22.737844,,41,
稔田花园,宝安区,福海街道,深圳市宝安区福海街道稔田社区,113.824734,22.704924,,35,
和平世家,宝安区,福海街道,宝安区福海街道和平社区桥和路218号,113.792438,22.694668,,40,
山美新村大厦,宝安区,松岗街道,松岗街道平安路4号,113.846629,22.771535,,35,
共乐华庭,宝安区,西乡街道,广东省深圳市宝安区西乡街道新湖路116号,113.854171,22.583488,,55,
海怡苑,宝安区,沙井街道,石围东路海怡苑,113.770519,22.738235,,33,
星悦豪庭一二期,宝安区,新桥街道,宝安区新桥街道上星路166号,113.827846,22.730106,,39,
东涌家园一期,大鹏新区,南澳街道,深圳市大鹏新区南澳街道东涌社区,114.574534,22.495628,,27,
固戍华庭,宝安区,西乡街道,固戍一路38号固戍华庭,113.856694,22.60454,,44,
蚝业雅苑,宝安区,西乡街道,悦和路蚝业雅苑,113.85898,22.579995,,63,
南国春天,宝安区,沙井街道,广东省深圳市宝安区沙井西环路1003-14正西方向68米,113.795002,22.712335,,35,
百世珑庭,光明区,公明街道,深圳市光明区公明街道上村永南路46号,113.886767,22.792836,,34,
根竹园花园,光明区,马田街道,深圳市光明区马田街道根竹园社区芳园路1028号,113.869589,22.773343,30,31,
西苑小区,南山区,南山街道,南山区前海路1070号,113.906426,22.518289,74,,
大望苑,罗湖区,东湖街道,深圳市罗湖区东湖街道东湖路112号,114.136323,22.584599,51,,
芷峪澜湾花园（商务公寓）,龙华区,福城街道,观澜大道100号,114.036635,22.696444,,57,
东宝华庭,光明区,公明街道,下村路东宝华庭,113.881229,22.795894,32,32,
布新统建楼,大鹏新区,大鹏街道,园岭一巷6号,114.483008,22.581218,,30,
荣恒新苑,宝安区,西乡街道,深圳市宝安区西乡街道臣田社区,113.870408,22.597341,,47,
骏景豪园,宝安区,沙井街道,深圳市宝安区沙井镇大王山村沙井路3号,113.799967,22.712039,,37,
龙井庭苑,南山区,桃源街道,龙井路龙井村,113.970658,22.561953,65,,
国泰花园,光明区,光明街道,光明高新区塘明路西北侧、华夏路西南侧,113.933349,22.759541,34,,
新宝花园,宝安区,沙井街道,大埔中路119号,113.815033,22.758236,,34,
听涛雅苑二期,宝安区,福永街道,深圳市宝安区福永街道福永社区金菊路18号,113.806938,22.67383,,38,
金豪世家花园,宝安区,石岩街道,宝石西路37号,113.924156,22.685671,,36,
濠景时代,宝安区,沙井街道,深圳市宝安区沙井街道蚝一社区民主大道福松路,113.78722,22.737541,,34,
马安山花园,宝安区,沙井街道,深圳市宝安区沙井街道马安山花园,113.810907,22.7198,,37,
中泰大厦,光明区,马田街道,马田街道合水口社区松白路5036号,113.88652,22.781124,,36,
大王山彩虹居,宝安区,沙井街道,深圳市宝安区沙井街道大王山彩虹居1007号,113.79268,22.715454,,28,
育才花园（统建楼）,宝安区,福永街道,深圳市宝安区福永街道凤凰社区凤凰山大道旁,113.83359,22.697768,,35,
御林山景,宝安区,福永街道,深圳市宝安区福永街道凤凰社区凤凰山大道旁,113.835623,22.691268,,36,
平山居,南山区,南山街道,深圳市南山区南山街道南光正龙村,113.920695,22.521877,72,,
阳光雅苑,南山区,南头街道,深圳市南山区南山大道3071号,113.917985,22.548363,,70,
新田花园,宝安区,福海街道,新田社区碧湖路一号,113.824378,22.696732,,35,
盛地龙泉,龙华区,龙华街道,建达路,114.021141,22.653247,53,,
新玥庭,宝安区,新安街道,宝安29区建安一路,113.890496,22.574845,,55,
居安公馆,龙岗区,宝龙街道,金井路56号,114.281709,22.718989,,31,
鸿怡阁,罗湖区,翠竹街道,鸿业街9号,114.129369,22.559541,,97,
桃源村三期,南山区,桃源街道,南山区龙珠大道南侧、北环路北侧,113.980594,22.560204,,82,
龙平紫园,龙岗区,龙城街道,龙平西路68号,114.208924,22.729589,34,44,
港中旅花园一期,福田区,香蜜湖街道,福田区泽田路与农园路交汇处西侧,114.011636,22.550593,131,137,192
鸿业苑,罗湖区,翠竹街道,罗湖区翠竹片区鸿业路1号,114.12819,22.560105,,87,
蔡屋围南村,罗湖区,桂园街道,罗湖区宝安南路与红宝路交汇处西侧,114.101683,22.54972,79,,
中海半山溪谷花园,盐田区,盐田街道,盐田区盐田路1026号,114.236506,22.588198,48,50,
大梅沙村统建楼,盐田区,梅沙街道,大梅沙村103号,114.300426,22.595881,40,,
东富龙花园,龙华区,龙华街道,梅龙大道与清泉路交汇处东北侧,114.039735,22.660841,,44,
陶吓商业楼,龙华区,大浪街道,陶吓村商业楼,114.000413,22.651302,,41,
美景苑,罗湖区,东晓街道,金稻田路1111号,114.125323,22.589035,42,42,
观城山庄,龙华区,观湖街道,环观中路24号观城山庄,114.045406,22.710529,29,29,
祥地商务大厦,龙岗区,坪地街道,同富路11号,114.317712,22.774517,,26,
庄园华庭,龙华区,福城街道,狮径老一组82号,114.025722,22.713888,,34,
富民公寓,龙华区,福城街道,观澜人民路58号,114.034544,22.707722,32,,
龙村村委统建楼,龙岗区,园山街道,创业路5号,114.226749,22.644941,,36,
田贝花园,罗湖区,笋岗街道,深圳市罗湖区文锦北路1083号,114.116858,22.566245,,55,
水库新村统建楼,罗湖区,翠竹街道,深圳市罗湖区爱国路水库新村230号,114.134396,22.568334,55,,
碧波花园统建楼,罗湖区,黄贝街道,沿河北路,114.139374,22.558187,57,,
龙胜时代大厦,龙华区,大浪街道,工业西路龙胜时代大厦,114.010713,22.656644,,44,
塘水尾村统建楼,龙华区,民治街道,塘水围老村,114.031824,22.627835,,38,
创新华庭,龙华区,观湖街道,环观路与景田路交汇处西北侧,114.077669,22.704281,,33,
金海花园,福田区,香蜜湖街道,福田区竹子林,114.002124,22.539625,,105,
新兴楼,龙岗区,布吉街道,龙岗区吉华路121-132号,114.11262,22.604792,40,,
领航城领誉华府,宝安区,航城街道,深圳宝安西乡107国道与航城大道交汇,113.846893,22.612247,,64,
深城投中城花园（商品住房）,坪山区,坪山街道,深圳市坪山区坪山大道与深汕路交汇处,114.338786,22.69707,,46,
莲馨家园,罗湖区,莲塘街道,罗湖区莲塘国威路东边尽头处（梧桐山西南侧）,114.176582,22.567844,,59,
翠园十四巷,罗湖区,东门街道,翠园十四巷,114.121623,22.554304,68,,
华盛珑悦花园（商品住房）,龙华区,龙华街道,龙华区东环一路与鸿尚路交汇处,114.025913,22.652853,,59,
潜龙鑫茂花园C区,龙华区,民治街道,龙华新区民治街道办梅龙路与民丰路交汇处,114.036757,22.611931,,85,
莲塘派出所宿舍,罗湖区,莲塘街道,"莲塘路200号, 聚福路196号",114.165469,22.564742,46,,
宝亭锦园,宝安区,沙井街道,宝安区沙井街道,113.815365,22.760495,,40,
满京华云著花园一期,宝安区,松岗街道,(宝安区松岗)中心北区，107国道与松福大道交汇处,113.828079,22.785861,,45,
华强城市花园三期,宝安区,福海街道,11号线塘尾站B出口,113.80892,22.701881,,56,
新宝城大酒店,龙华区,龙华街道,清龙路1号,114.029607,22.664286,,40,
清湖名苑,龙华区,龙华街道,富泉新村北区49号-3,114.029016,22.670182,,45,
华美苑,龙华区,龙华街道,民清路48号,114.036892,22.648174,,47,
翠湖茗苑,龙华区,龙华街道,深圳市龙华区雪岗北路,114.044808,22.676798,,46,
章阁中心城,龙华区,福城街道,永航路章阁中心城,114.013876,22.744483,,35,
盛旺家园,龙华区,大浪街道,深圳市龙华区大浪街道华旺路180号,113.997686,22.68108,,39,
科尔雅苑,龙华区,大浪街道,深圳市龙华区大浪街道同胜社区上横朗工业园路1号,113.979704,22.684558,,36,
上早大厦,龙华区,大浪街道,深圳市龙华区大浪街道上早新村,114.003611,22.658434,,41,
文博雅苑,龙岗区,布吉街道,凤凰山庄二区二期,114.09849,22.602989,,45,
鸿盛御景,龙华区,大浪街道,深圳市龙华区大浪街道大浪北路36号,113.991562,22.697079,,39,
阳光达,龙岗区,龙岗街道,深圳市龙岗区龙岗街道龙西社区清水路陂头肚综合楼,114.25106,22.747459,,25,
上李朗统建楼,龙岗区,南湾街道,布澜路188号,114.112291,22.657287,,41,
荔苑大厦,龙华区,龙华街道,上油松荔苑新村B区,114.040137,22.633397,,50,
乐溪公寓,龙华区,民治街道,深圳市龙华区民治街道民乐村,114.053788,22.60354,,50,
伽乐园,龙华区,民治街道,水尾二区,114.03185,22.628923,,42,
原善窝统建楼,龙岗区,南湾街道,龙岗区南湾街道南岭村原善窝统建楼,114.141865,22.616611,,40,
黄金豪庭,龙岗区,南湾街道,黄金南路95号,114.139058,22.615015,,40,
金富苑,龙华区,福城街道,广东省深圳市龙华区福城街道大水坑社区大三村,114.007104,22.728321,37,,
祥和御园,龙华区,龙华街道,深圳市龙华新区梅龙大道旁2163号,114.03657,22.666491,,41,
大光勘村统建楼,龙岗区,坂田街道,大光勘村统建楼一栋,114.062833,22.625121,,35,
老圩统建楼,龙岗区,布吉街道,布吉百花一二三街及鲤麻尾,114.104815,22.599385,36,,
金鹏路第二统建楼,龙岗区,布吉街道,龙岗区布吉街道金鹏路32号第二统建楼,114.113112,22.609279,40,,
龙庭阁,光明区,公明街道,深圳市光明区松白路4298号,113.897753,22.771292,,36,
雅庭居,光明区,公明街道,上村水贝路5号,113.886713,22.791355,,31,
骏丰园,宝安区,西乡街道,深圳市宝安区西乡街道流塘建安二路166号,113.880363,22.58682,,49,
畔山美地嘉园,宝安区,西乡街道,深圳市宝安区西乡街道桃源社区,113.864267,22.608849,,48,
汇庭居,宝安区,航城街道,宝安大道5005,113.835334,22.61531,,44,
雅居苑,宝安区,航城街道,宝安大道与内环路交汇处雅居苑小区,113.837497,22.611454,,50,
平山公寓楼,南山区,桃源街道,留仙大道4101号,113.958289,22.583781,74,,
鼎尚时代,宝安区,西乡街道,恒南路25号,113.85231,22.605509,,47,
和一别墅区,宝安区,沙井街道,宝安区沙井街道和一社区和一别墅花园,113.78232,22.716458,34,,
求是大厦,福田区,香蜜湖街道,福田区竹子林紫竹七道,114.00568,22.53755,,127,
嘉葆润金座家园,福田区,沙头街道,新洲村新洲九街南,114.042576,22.526891,,182,
吉厦统建楼小区,龙岗区,南湾街道,深圳市龙岗区南湾街道吉厦社区裕昌路8号,114.153607,22.621507,,40,
平和雅苑,龙华区,大浪街道,宝龙新村,114.011946,22.678493,,34,
景山大厦,龙华区,观湖街道,上围二路与下围工业区一路交汇处东北侧,114.070568,22.695839,,32,
丹竹头统建楼,龙岗区,南湾街道,龙岗区南湾街道丹竹头社区丹竹头统建楼,114.150531,22.62045,,42,
民乐大厦,龙华区,民治街道,深圳市龙华区民治街道民乐村,114.046938,22.600976,,58,
布心山庄东区龙兴苑,罗湖区,东湖街道,罗湖区东湖街道翠荫路,114.132077,22.586664,50,,
东华苑,龙华区,龙华街道,东环一路东华苑,114.030313,22.651196,,50,
西头东苑,龙华区,民治街道,上塘西头东苑,114.016707,22.643468,,42,
锦林楼,福田区,梅林街道,深圳市下梅林梅华路,114.034344,22.566531,52,,
共和花园,宝安区,沙井街道,广东省深圳市宝安区沙井街道共和社区共和花园,113.799563,22.757919,,29,
伟林雅苑,光明区,马田街道,深圳市光明区马田马山头元灯坑工业区伟林雅苑小区,113.869668,22.769078,,30,
华丽小区,罗湖区,黄贝街道,华丽路1031号,114.129681,22.552466,57,,
港莲二村,罗湖区,莲塘街道,罗湖区港莲路与畔山路交汇处东南侧,114.170083,22.561167,48,,
凤凰路166号大院,罗湖区,黄贝街道,凤凰路166号,114.127739,22.550414,,77,
京基御景中央花园一期,龙岗区,龙城街道,大运新城飞扬路与如意路交汇处,114.204362,22.711086,,40,
碧涛居一期,宝安区,新安街道,洪浪北路18号,113.910044,22.575037,57,63,
黄埔雅苑一期,福田区,莲花街道,福田区福中路318号,114.04568,22.548205,106,112,
保利悦都花园,龙华区,龙华街道,(龙华区龙华中心)龙观东路与清龙路交汇处（龙华线清湖站450米）,114.027727,22.671628,,72,
龙悦居四期,龙华区,民治街道,致远南路12号,114.025332,22.607656,,76,
凤凰路6号大院,罗湖区,黄贝街道,罗湖区凤凰街14号,114.127731,22.553345,72,,
龙光玖龙台,光明区,光明街道,光明大道和观光路交汇,113.929147,22.748171,,58,
锦庐花园,福田区,香蜜湖街道,福田区安托山六路与侨香四道交汇处西北角,114.00322,22.552646,,177,
锦花新居,福田区,南园街道,福田区华发南路与南园路交汇处东南侧,114.08502,22.539658,85,,
宝华大厦,龙华区,龙华街道,清泉路伍屋村,114.039539,22.657098,,43,
倚山居,龙岗区,吉华街道,同富裕工业区9号,114.09688,22.658527,,36,
宏昌华府,龙岗区,龙城街道,爱南路395号,114.239773,22.698042,,35,
坂田集团,龙岗区,坂田街道,深圳市龙岗区坂田街道石背路8号坂田集团大厦,114.070875,22.638247,52,52,
荔景山色,龙岗区,南湾街道,布沙路57号,114.151651,22.607051,,45,
东部华侨城天麓一区,盐田区,梅沙街道,-,114.304213,22.610817,,,151
物资局大院,盐田区,沙头角街道,-,114.220448,22.554987,46,,
壹成中心花园(A824-0118)第8区,龙华区,龙华街道,-,114.024191,22.64925,,73,
东华假日公寓,南山区,南山街道,-,113.923569,22.524031,,76,
招商华侨城曦城三期,宝安区,新安街道,-,113.901396,22.597727,,,155
莲花山庄芙蓉苑,龙岗区,布吉街道,-,114.101726,22.604215,,,65
尚景园,龙岗区,龙城街道,-,114.241668,22.729137,30,,
福侨花园(福田),福田区,福田街道,-,114.078535,22.539941,,88,
金亨利瑜璟苑,龙华区,民治街道,-,114.025566,22.62265,,103,
传麒东湖名苑,罗湖区,东湖街道,-,114.137564,22.574564,,86,
安宏基天曜广场,龙华区,民治街道,-,114.013939,22.627041,,77,
碧海湾花园,宝安区,西乡街道,-,113.855005,22.579762,61,,
典雅居,罗湖区,翠竹街道,-,114.1191,22.569762,,90,
翠苑住宅小区,罗湖区,翠竹街道,罗湖区翠竹片区太宁路99号,114.132181,22.57075,62,,
蓬莱花园,南山区,招商街道,南山区后海大道92号,113.929315,22.49983,74,,
家和盛世花园二期,龙岗区,龙城街道,深圳市龙岗区中心城,114.226987,22.7245,,54,
万科翡逸郡园,宝安区,沙井街道,宝安区沙井镇,113.809899,22.734635,,52,
翠都花园,罗湖区,翠竹街道,罗湖区翠竹片区翠竹路1001号,114.124671,22.560131,73,,
兴达华府,宝安区,航城街道,宝安区航城大道与广深公路交汇处西北侧,113.852097,22.614082,,77,
锦绣江南一期,龙华区,民治街道,深圳市宝安区布路与人民路交界,114.022443,22.638842,58,61,
锦绣江南二期,龙华区,民治街道,宝安宝安区龙华人民南路与布龙公路交界处,114.023986,22.638826,57,57,
锦绣江南三期,龙华区,民治街道,龙华区明治街道梅龙路与龙胜路交汇处,114.02383,22.640398,,56,
公馆一八六六花园南区,龙华区,民治街道,宝安区民治街道梅龙路西侧,114.024582,22.628542,,98,
海航国兴花园一期,龙岗区,龙岗街道,龙岗大道与碧新路交汇处,114.261438,22.72804,,49,
竹沁苑,龙岗区,龙城街道,龙岗区盛平中路39号,114.248395,22.737682,,29,
科苑学里揽翠居,南山区,粤海街道,南山区铜鼓路与科苑中学交汇处,113.947744,22.552783,,102,
港田华园,福田区,福田街道,福田区裕亨路5号,114.068389,22.520004,,99,
豪业华庭,宝安区,西乡街道,宝安区西乡街道豪业华庭,113.862345,22.563765,71,60,
海乐花园,宝安区,西乡街道,宝安区新湖路与共乐路交汇处东侧,113.856223,22.581664,53,,
花半里清湖花园,龙华区,龙华街道,宝安区龙华街道清华东路与大和路交界处,114.04296,22.676088,,59,54
家和盛世花园一期,龙岗区,龙城街道,龙岗区龙湖西路与宏福路交汇处西南侧,114.228853,22.725278,,47,
福民大厦,福田区,福田街道,福田区福强路1031号,114.063813,22.525389,,79,
龙富花园(平南),龙岗区,龙岗街道,龙岗区龙富路5号,114.259067,22.719662,29,,
越众竹林花园,福田区,香蜜湖街道,福田区竹子林五路20号,114.004569,22.540286,81,,
康乐村,南山区,南山街道,南山区南新路2061号,113.91326,22.529489,79,,
卫生系统职工住宅楼,盐田区,海山街道,梧桐路2007-6号,114.229787,22.560293,47,,
鲸山别墅,南山区,招商街道,南山区南海大道2号,113.904078,22.484314,,,140
洪湖大厦,罗湖区,东门街道,罗湖区人民北路3129号,114.115217,22.557884,,79,
南贸中心,南山区,南头街道,南新路与桃园路交汇处,113.915567,22.536539,88,,
东方沁园二期,龙岗区,龙城街道,龙岗区平安路160号,114.219753,22.726248,,48,
银座公寓,罗湖区,南湖街道,罗湖区东门南路3003号,114.116611,22.544197,,93,
新安湖花园,宝安区,新安街道,兴华二路188号,113.901943,22.566923,58,73,
长龙新村,龙岗区,布吉街道,新龙路,114.110617,22.614301,45,,
装饰公司宿舍,南山区,沙河街道,南山区北环大道与侨香路交汇处西南侧,113.967039,22.555569,85,,
华盛峰荟名庭一期（商品住房）,龙华区,福城街道,龙华新区泗黎路与悦兴路交汇处,114.036278,22.713772,,51,
幸福里雅居,罗湖区,桂园街道,罗湖区宝安南路1001号,114.105326,22.539618,,158,
康乐大厦,南山区,南山街道,南山区南山大道2022号,113.919987,22.529891,103,85,
盈富家园,坪山区,龙田街道,龙岗区金牛路与荔景南路交汇处西南侧,114.364313,22.706405,,34,
蔚蓝假日雅苑,盐田区,盐田街道,盐田区北山道与盐梅路交汇处东侧,114.272985,22.589467,,49,
香蜜苑,福田区,香蜜湖街道,安托山北侧,114.013705,22.558764,,146,
中山花园,罗湖区,黄贝街道,罗湖区凤凰路126号,114.130347,22.551417,,70,
麓湾居,大鹏新区,葵涌街道,龙岗区葵涌街道办事处,114.349841,22.615539,,,65
庐峰翠苑,罗湖区,黄贝街道,罗湖区黄贝路1000号,114.13157,22.552888,,79,
笔架山庄,福田区,华富街道,福田区梅岗路8号,114.079545,22.560874,65,,
和亨家家园,盐田区,盐田街道,盐田区东海道270号,114.248289,22.593775,,51,
汽车培训中心住宅楼,罗湖区,黄贝街道,罗湖区经二路40号,114.146829,22.555955,57,,
盛德苑,南山区,沙河街道,南山区沙河东路188号,113.960682,22.546281,84,,
梧桐合正锦园,罗湖区,莲塘街道,罗湖区国威路东1号,114.174314,22.56692,,67,
东埔海景花园一期,盐田区,海山街道,盐田区金融路2号,114.23362,22.551658,56,,
天峦湖花园一期,坪山区,马峦街道,深圳坪山新区比亚迪路转坪马线公路大山陂水库东侧,114.347446,22.66932,,35,
松坪村梅苑,南山区,西丽街道,"松坪村群芳街, 松坪山路15",113.947996,22.562377,77,,
松坪村竹苑,南山区,西丽街道,松坪街3号,113.948808,22.560399,76,,
松坪村兰苑,南山区,西丽街道,南山区科技园北区松坪山六号路,113.95188,22.560863,83,,
中海锦城花园南区,龙华区,民治街道,(龙华区上塘)简上路和腾龙路交叉口,114.008983,22.639729,,79,
玖龙玺花园二期南区,龙华区,民治街道,(龙华区梅林关)新区大道与白石龙交汇,114.035926,22.602298,,94,
新安中学住宅楼,宝安区,新安街道,新安镇建安路西侧,113.898668,22.566796,54,,
玉湖山畔,龙岗区,龙岗街道,深圳市龙岗区龙岗街道五联社区清水路123号,114.24048,22.759355,,33,
阳光广场,龙岗区,龙城街道,龙岗区盛平片区龙城中路100号,114.248594,22.734031,,38,
宝翠苑,罗湖区,东晓街道,深圳市罗湖区金稻田路围岭公园旁/地铁草埔站B出口,114.117806,22.585772,,86,
宝能城市公馆酒店公寓,福田区,香蜜湖街道,深圳福田区香蜜湖街道红荔路与建业一路交汇处,114.008322,22.542338,,180,
世纪汇广场,福田区,华强北街道,世纪汇广场、都会轩,114.078595,22.543955,,142,
田厦金牛广场,南山区,南头街道,南山区桃园路以北、南光路西侧,113.921897,22.536071,,115,
创兴时代,龙岗区,坂田街道,深圳市龙岗区坂田布龙路以北平南铁路西北侧,114.052978,22.630976,,85,
东城中心花园三期（商务公寓）,龙岗区,横岗街道,龙岗区横岗街道龙岗大道北面埔厦路西侧,114.180373,22.641697,,72,
方格凤凰科技大楼,宝安区,福永街道,深圳市宝安区福永街道凤凰社区凤凰山大道旁,113.828835,22.692886,,41,
清雅苑,宝安区,石岩街道,广东省深圳市石岩街道天宝路应工一街3号,113.918052,22.650498,,39,
腾芳花园,宝安区,沙井街道,沙井西环路大王山路段腾芳花园,113.79528,22.710602,,35,
"福盈中央山花园北区
（商务公寓）",光明区,公明街道,深圳市光明新区公明街道，北靠振明路，南邻松白路，西临望盛路,113.894459,22.77979,,47,
丽湾商务公寓,南山区,南山街道,深圳市南山区月亮湾大道与兴海大道交汇处,113.886525,22.499112,,103,
理想公馆,福田区,梅林街道,梅林街道梅康路6号理想公馆,114.056206,22.572932,,191,
海德大厦,南山区,南山街道,南山区南新路海德二路470号,113.914911,22.525493,,110,
英龙商务大厦,福田区,莲花街道,商报东路11号,114.043233,22.545337,,134,
金地网球花园,福田区,香蜜湖街道,深圳市福田区香蜜湖路与莲花西路交界处西北角,114.012637,22.556693,,121,
流塘阳光花园（商务公寓）,宝安区,西乡街道,宝安区西乡街道前进二路23号,113.884701,22.584682,,92,
"福盈中央山花园南区
（商务公寓）",光明区,公明街道,深圳市光明新区公明街道，北靠振明路，南邻松白路，西临望盛路,113.893658,22.778744,,46,
瑞府,南山区,粤海街道,深圳市南山区后海中心区,113.942441,22.518017,,180,
汇裕名都花园（二期）,宝安区,石岩街道,德政路12号汇裕名都花园（二期）,113.967127,22.694988,,79,
君临天下,福田区,沙头街道,福田区沙头街道新沙社区新沙路南侧3号,114.041225,22.533062,,150,
湾景商务中心,宝安区,新桥街道,深圳市宝安区新桥街道象山社区新玉路2506号,113.851434,22.733007,,69,
盛世华庭,宝安区,石岩街道,深圳市宝安区石岩街道塘头社区塘头大道居委会,113.911834,22.655021,,40,
春晖苑大厦,宝安区,石岩街道,石岩街道德政路,113.968222,22.695812,,35,
塘西小区,宝安区,西乡街道,固戍社区固戍一路塘西新村,113.844087,22.597319,,46,
前进公社,宝安区,松岗街道,深圳市宝安区松岗街道松岗大道与楼岗交汇处,113.853877,22.769624,,36,
星悦豪庭三期,宝安区,新桥街道,宝安区新桥街道上星路166号,113.831115,22.729784,,40,
元芬花园,龙华区,大浪街道,元芬花园,113.997673,22.657617,,41,
南岭中心大厦,龙岗区,南湾街道,南岭东路28号,114.146041,22.614813,,39,
翠山路统建楼,龙岗区,南湾街道,翠山西十巷3号,114.150837,22.614133,,45,
东乐南苑,罗湖区,东湖街道,水库小学,114.135423,22.572367,50,,
冠泽大厦,南山区,南山街道,-,113.891683,22.53203,,150,
轻工综合楼,罗湖区,东门街道,罗湖区童乐路与深中路交汇处南侧,114.117458,22.554092,73,,
宏兴苑,龙岗区,龙城街道,龙岗区吉福路43号,114.230536,22.726626,32,34,
天集雅苑,龙岗区,龙城街道,龙岗区长兴路与龙平西路交汇处东北侧,114.239683,22.733277,,35,
公园大地一期,龙岗区,龙城街道,龙岗区中心城龙翔大道与吉祥中路交汇处,114.230825,22.714524,,52,57
罗湖区人民医院住宅,罗湖区,南湖街道,春风路3026号,114.117302,22.5401,,74,
冠懋金色都汇,罗湖区,南湖街道,罗湖区春风路2040号,114.120567,22.543151,,119,
叠翠居,罗湖区,翠竹街道,罗湖区翠竹片区爱国路3013号,114.132062,22.566902,91,,
梧桐山新居一期,罗湖区,莲塘街道,罗湖区畔山路122号,114.169161,22.571286,69,,
苏豪名厦,南山区,南头街道,南山区南新路与桃园路交汇处东北侧,113.91484,22.536032,,82,
电视台宿舍,罗湖区,黄贝街道,罗湖区爱国路3016号,114.134951,22.560972,60,,
百合星城二期,龙岗区,布吉街道,龙岗布吉湖南路与深惠路交汇处,114.116233,22.599514,,65,
笋岗派出所综合楼(笋岗派出所宿舍),罗湖区,笋岗街道,宝岗路213号,114.107423,22.57132,65,,
阳光花园五期,龙岗区,吉华街道,龙岗区新龙路与长龙路交汇处东侧,114.109538,22.617952,,60,
翡翠明珠花园（商品住房）,南山区,南头街道,南山大道与桃园路交汇处,113.918178,22.536763,,130,
蛇口翠苑小区,南山区,蛇口街道,南山区蛇口新街,113.92348,22.490674,78,,
英达花园,罗湖区,东晓街道,罗湖区布吉路与太白路交汇处东南侧,114.116947,22.578953,63,62,
鸿景湾名苑,福田区,沙头街道,福田区福荣路旁,114.022768,22.524966,,103,
蓝漪花园,南山区,蛇口街道,南山区蛇口老街51号,113.923048,22.488058,,89,106
笔架山公馆,福田区,梅林街道,梅林园东路北侧,114.069368,22.571728,,98,
金达花园,宝安区,航城街道,宝安区西乡街道凯成路4号,113.830617,22.638128,57,49,
苹果园,龙华区,民治街道,宝安区民治街道梅龙路与龙胜路交汇处东侧,114.024107,22.641303,,75,
豪城馨庭居,宝安区,新安街道,宝安区甲岸路与宝安大道交汇处东北侧,113.892498,22.557194,,63,
马家龙住宅楼,南山区,南头街道,南山区马家龙工业区,113.919869,22.549907,77,,
蛇口高山花园,南山区,招商街道,南山区工业八路299号,113.911123,22.504148,,113,
园丁楼,南山区,南头街道,南山区南光路234号,113.92365,22.534519,87,,
卓弘高尔夫雅苑,龙岗区,宝龙街道,龙岗区龙岗镇,114.266195,22.694033,,45,
欧意轩花园,龙岗区,龙城街道,龙岗区盛兴中路39号,114.248595,22.738913,35,32,
东埔海景花园二期,盐田区,海山街道,盐田区金融路2号,114.233443,22.552276,,65,
梨园路单身住宅楼,罗湖区,笋岗街道,罗湖区笋岗片区宝岗路247号,114.107359,22.572784,66,,
绿色满庭芳,龙岗区,宝龙街道,龙岗区植物园路与嶂背路交汇处西侧,114.263158,22.703743,,41,
立新花园一期,罗湖区,东门街道,罗湖区立新路10号,114.115879,22.551036,89,86,
魅力时代花园（商品住房）,宝安区,西乡街道,宝安区西乡镇,113.8592,22.578602,,84,
乐华楼,罗湖区,莲塘街道,罗湖区仙湖路92号,114.162083,22.56797,59,,
佳兆业中央广场一期,龙岗区,坂田街道,深圳坂雪岗大道与布澜大道交汇处,114.070176,22.663008,,61,
碧水园,罗湖区,笋岗街道,罗湖区洪湖二街69号,114.116748,22.563122,,70,
城市花园一期(龙岗),龙岗区,龙城街道,龙岗区龙福路362号,114.235241,22.729607,34,,
银兴苑,南山区,南山街道,南山区南油内环路,113.91429,22.508766,79,,
荔雅居,南山区,南山街道,南山区登良路,113.914949,22.516644,,82,
都市花园,福田区,沙头街道,福田区新洲路4003号,114.043441,22.533347,,101,
荣超侨香诺园,南山区,沙河街道,南山区北环大道与侨香路交汇处西南侧,113.969204,22.554871,,116,
裕林花园,福田区,梅林街道,深圳市福田区下梅林裕林花园,114.036333,22.564442,56,,
天心花园二期,福田区,梅林街道,深圳市福田区梅林街道下梅社区,114.037631,22.565432,60,,
侨新花园,光明区,光明街道,深圳市光明区光明街道光明社区华夏路38号明安花园,113.943748,22.757217,34,,
竹馨苑,龙岗区,龙城街道,龙岗区盛平中路39号,114.249897,22.739358,,37,
竹雅名居竹韵苑,龙岗区,龙城街道,龙岗区盛平中路39号,114.249288,22.738807,,30,
深房传麒山东区,光明区,光明街道,光明街道公园路南侧、二十七号路北侧,113.93949,22.746715,,60,48
万泽云顶尚品花园一期,福田区,梅林街道,福田区塘朗山,114.011504,22.565214,,151,193
幸福海岸一期,宝安区,新安街道,深圳市宝安区中心区N15区,113.872905,22.561958,,84,
幸福海岸二期,宝安区,新安街道,深圳市宝安区中心区N15区,113.87383,22.562962,,81,
益田假日府邸（商品住房）,光明区,马田街道,松白路4294号,113.898768,22.769879,,50,
新锦安壹号公馆,宝安区,新安街道,宝安区新安宝安新中心区新锦安壹号公馆(甲岸路),113.88943,22.554734,,87,
雅福居,福田区,香蜜湖街道,侨香三道西北侧(山姆会员店北),114.00199,22.551093,,99,
西乡物业商住大厦,宝安区,西乡街道,宝安区庄边路与宝民二路交汇处东侧,113.876492,22.586111,51,,
立新花园三期,罗湖区,东门街道,罗湖区立新路10号,114.115095,22.551545,,81,
港逸豪庭,罗湖区,南湖街道,罗湖区宝安南路与船步路交汇处东侧,114.107585,22.53677,,75,
金色阳光雅居,南山区,蛇口街道,南山区后海大道路33号,113.930982,22.493783,,106,
一辉花园一期,南山区,沙河街道,南山区香山西街18号,113.96777,22.553279,98,,
湾美花园,宝安区,西乡街道,宝安区西乡街道海城路,113.862863,22.56568,,96,
米兰公寓,南山区,蛇口街道,南山区招商路与花果路交汇处,113.922631,22.494064,,110,
口岸公安大院,罗湖区,南湖街道,罗湖区一线公路与船步路交汇处东南侧,114.105987,22.53614,76,,
海昌阁,南山区,南山街道,南山区南光路21号,113.921101,22.521333,80,,
七里香榭花园,龙华区,民治街道,宝安区人民南路与布龙公路交汇处东南侧,114.021047,22.633181,,66,
凤凰印象花园,罗湖区,黄贝街道,罗湖区凤凰路与清平路交汇处西南侧,114.12822,22.549905,,112,
兴华花园(罗湖),罗湖区,笋岗街道,罗湖区笋岗片区西货场路36号,114.109515,22.572531,,63,
丰湖大厦,罗湖区,东晓街道,罗湖区布吉路1005号,114.11494,22.578101,,75,
金地上塘道花园二期,龙华区,民治街道,宝安区民治街道布龙路,114.015246,22.637041,,79,
好景豪园,福田区,沙头街道,福田区沙咀路2号,114.030254,22.521252,73,81,
世界金融中心,罗湖区,南湖街道,罗湖区深南东路4003号,114.109251,22.544659,,142,
兴业大厦,罗湖区,南湖街道,罗湖区人民南路3039号,114.114468,22.545262,,89,
千林山居二期,龙岗区,龙岗街道,龙岗镇416区(牛栏窝地段),114.226657,22.753594,,36,
鸿威海怡湾畔花园,南山区,蛇口街道,南山区东滨路与后海大道交汇处南侧,113.938179,22.493558,,167,
华升职工住宅楼,盐田区,沙头角街道,盐田区向园路5号,114.215539,22.559162,53,,
莲南商住楼,罗湖区,莲塘街道,罗湖区罗沙公路与畔山路交汇处西侧,114.169789,22.563849,48,,
怡海花园,南山区,粤海街道,南山区华明路1号,113.925763,22.510181,74,,
光彩山居岁月家园,南山区,南山街道,南山区荔湾路东侧内环路以南,113.902427,22.510822,,81,
南水花园,南山区,蛇口街道,南山区蛇口南水街北,113.918667,22.491632,80,,
金宝花园,南山区,南头街道,南山区学府路61号,113.915583,22.53149,82,,
富华花园,宝安区,新安街道,宝安区新安街道50区富华花园,113.880136,22.569914,53,,
南山花园,南山区,南山街道,南山区前海路0118号,113.890874,22.500986,,,99
金地梅陇镇三期,龙华区,民治街道,宝安区布龙路与梅龙路交汇处东南侧,114.027958,22.632455,,64,
碧涛居二期,宝安区,新安街道,宝安区红狼北路与新安二路交汇处东侧,113.910767,22.574594,59,,
中城康桥花园二期,龙岗区,南湾街道,龙岗区深惠公路与李朗大道交汇处北侧,114.138032,22.628934,50,50,
云中大厦,福田区,梅林街道,深圳市福田区广厦路4云中大厦,114.056271,22.569705,68,,
岭澳花园,大鹏新区,大鹏街道,建设路33号,114.472937,22.590646,30,,
城市花园,宝安区,福永街道,深圳市宝安区福永街道怀德社区福永大道边,113.814937,22.672184,,38,
金菊花苑,宝安区,福永街道,深圳市宝安区福永街道福永社区金菊路18号,113.807754,22.674343,36,41,
长丰华庭,宝安区,新桥街道,深圳市宝安区新桥街道万丰水库大钟岗路36号,113.82242,22.708798,,36,
华瑞阁,宝安区,新桥街道,深圳市宝安区新桥街道上星路162号,113.828608,22.72871,,36,
东坑统建楼,光明区,凤凰街道,东坑统建楼,113.911239,22.754982,,35,
乐群雅居,宝安区,西乡街道,乐群社区,113.869856,22.582733,,55,
唐家大院,光明区,凤凰街道,深圳市光明区凤凰街道塘家社区塘家村,113.934714,22.734669,,33,
华美居,宝安区,沙井街道,宝安区沙井街道壆岗社区壆荣路与蚝乡路交汇处,113.818569,22.737915,,36,
星河名苑,宝安区,沙井街道,沙井街道东塘大街9号,113.796752,22.731851,,32,
福永商会信息大厦,宝安区,福海街道,深圳市宝安区福海街道桥头社区宝安大道6348号,113.805015,22.687971,,35,
金域豪庭一期,宝安区,福永街道,宝安区福海大道与立新路交汇处西南侧,113.804205,22.67365,48,,
桦润馨居A区,龙华区,龙华街道,宝安区人民北路与和平东路交汇处东侧,114.021704,22.656318,53,,
兰园小区,南山区,招商街道,南山区东滨路与爱榕路交汇处南侧,113.92274,22.506587,85,84,
湾厦玉竹苑,南山区,蛇口街道,南山区爱榕路与招商路交汇处西侧,113.924835,22.495954,75,,
天骄华庭,南山区,招商街道,南山区工业八路123号,113.931204,22.50242,,133,
诺德假日花园,南山区,南山街道,南山区月亮湾大道,113.898231,22.512981,,98,
福海苑,南山区,南山街道,南山区桂庙路与南新路交汇处西南侧,113.91235,22.525267,96,,
新安湖商业城,宝安区,新安街道,宝安区新圳路与前进一路交汇处西侧,113.900063,22.562986,,79,
望海汇景苑,南山区,蛇口街道,南山区蛇口海昌路,113.916106,22.489503,,96,
东部华侨城天麓八区,盐田区,梅沙街道,盐田区盐坝高速公路与二线公路交汇处东南侧,114.298929,22.619349,,,151
桃源居四区,宝安区,西乡街道,宝安区桃源居二路与汇江二路交汇处南侧,113.859982,22.617004,55,51,
海明阁,南山区,蛇口街道,南山区蛇口老街22-28号,113.924528,22.488187,54,,
菁华楼,罗湖区,桂园街道,罗湖区红桂路1015号,114.106792,22.552185,70,,
翡翠园二期,罗湖区,东湖街道,罗湖区翠荫路658号,114.132993,22.587465,,64,
科技园34区,南山区,粤海街道,南山区文华路5号,113.942373,22.550662,108,,
湖心大厦,罗湖区,南湖街道,罗湖区南湖路与嘉宾路交汇处西北侧,114.115357,22.543303,,97,
联发大楼,南山区,沙河街道,南山区沙河东路与香山西街交汇处东南侧,113.961401,22.550841,71,,
安乐新苑,宝安区,新安街道,宝安区新安街道37区156栋,113.901413,22.554562,45,,
华昱苑,龙华区,龙华街道,宝安区和平东路与人民北路交汇处东南侧,114.020449,22.655891,50,,
怡富楼,宝安区,新安街道,宝安区裕安一路与翻身路交汇处东侧,113.887662,22.567452,59,,
华盛新沙荟名庭一期,宝安区,沙井街道,宝安区沙井镇,113.811296,22.734458,,51,
金港盛世华庭,盐田区,盐田街道,盐田区盐田路45号,114.249905,22.591775,,61,
汀兰鹭榭花园,南山区,沙河街道,南山区白石三道与深湾四路交汇处东南侧,113.971232,22.529283,129,116,221
安峦公馆,福田区,香蜜湖街道,侨香三道,113.999713,22.55103,,131,
燕晗山苑,南山区,沙河街道,南山南山区华侨城医院旁,113.986131,22.544294,,146,
海印长城小区二期,南山区,粤海街道,南山区商业文化中心区,113.926927,22.522229,,103,
厚德品园,南山区,粤海街道,南山区学府路6号,113.925802,22.529254,,122,
海兴阁,南山区,蛇口街道,蛇口湾厦路尾,113.925145,22.487059,74,,
粤海综合楼,南山区,粤海街道,深圳市南山区龙城路,113.925274,22.515776,66,,
永乐新村,南山区,蛇口街道,南山区后海大道6号,113.931548,22.491267,76,,
广业成学府道花园,龙岗区,龙城街道,中心城11小区,114.225995,22.729604,,54,
怡海楼,宝安区,福永街道,宝安区福新大道与石厦路交汇处西北侧,113.819679,22.675878,42,,
鸿昌花园,宝安区,新安街道,宝安区广深公路与开屏路交汇处西北侧,113.882441,22.575332,,57,
建设局宿舍,南山区,南头街道,南山区桃园路173号,113.91522,22.534651,80,,
铭筑荔苑,南山区,南山街道,南山区东滨路,113.904624,22.513806,,114,
南海玫瑰花园三期,南山区,蛇口街道,南山区蛇口港西,113.92478,22.482304,,124,
东方花园W区,南山区,沙河街道,南山区深南大道9017号,113.974529,22.534882,,,171
荣村小区,南山区,蛇口街道,南山区蛇口海滨东路,113.922194,22.489661,85,,
安业花园,罗湖区,黄贝街道,罗湖区经二路38号,114.147161,22.556738,57,72,
世界花园香山居,南山区,沙河街道,南山区侨城西街9号,113.970676,22.54242,85,,
松涛大厦,宝安区,松岗街道,宝安区松岗街道朝阳东路45号,113.841998,22.768454,31,,
龙城华府,龙岗区,龙城街道,龙岗区龙翔大道与如意路交汇处东侧,114.225492,22.703395,,44,
东方新天地广场,福田区,福田街道,福田区福田街道彩田路3016号,114.064548,22.54178,,109,
"华海金湾公馆（A104-0136）
（商务公寓）",宝安区,西乡街道,宝安区西乡碧海中心区共乐路与兴业路交汇处,113.845355,22.572784,,92,
深业上城（北区）,福田区,华富街道,深圳市福田区皇岗北路5001号,114.064622,22.561191,,154,
悦林大厦,盐田区,海山街道,深圳市盐田区梧桐路悦林大厦,114.230771,22.5622,,80,
星宸大厦,宝安区,新桥街道,深圳市宝安区新桥街道上星社区,113.828114,22.717797,,64,
双城世纪,罗湖区,南湖街道,罗湖区沿河南路1021号,114.115816,22.535799,,86,
德润荣君府（商务公寓）,龙岗区,坂田街道,深圳市龙岗区坂田街道布龙公路595号,114.063343,22.628807,,90,
中信龙盛广场（商务公寓）,龙岗区,宝龙街道,深圳市龙岗区宝龙街道龙新社区中信龙盛广场,114.29206,22.725147,,47,
东山花园,宝安区,西乡街道,深圳市宝安区西乡街道固戍一路93号,113.855899,22.602506,,50,
红桂皇冠名庭（商务公寓）,罗湖区,桂园街道,深圳市罗湖区宝安南路与红桂路交汇处红桂皇冠名庭2119号,114.103945,22.552702,,103,
嘉霖华禧（商务公寓）,龙岗区,坂田街道,龙岗区坂田街道新雪社区,114.072622,22.651545,67,68,
鸿翔花园（商务公寓）,罗湖区,桂园街道,罗湖区松园路88号,114.101285,22.556561,,99,
星河传奇花园二期（商务公寓）,龙华区,民治街道,深圳市龙华区民治街道腾龙路与佳民路交汇处,114.012951,22.634069,,84,
艺丰花园,福田区,梅林街道,福田区彩田北路7001号,114.062069,22.572541,72,,
兴隆大厦,罗湖区,南湖街道,罗湖区南湖路3015号,114.114946,22.545184,,68,
碧华庭居,福田区,梅林街道,福田区梅华路183号,114.045117,22.566552,,79,
湖滨花园(南山),南山区,沙河街道,南山区侨城东街23号.25号.33号,113.979876,22.539166,,90,
太子山庄,南山区,南山街道,南山区荔湾路,113.902328,22.5127,78,80,
莲花阁,罗湖区,莲塘街道,罗湖区聚福路197号,114.164865,22.563694,52,,
水岸明珠,坪山区,坪山街道,龙岗区东纵路与中山大道交汇处西南侧,114.334239,22.688619,27,29,
利泰公寓,罗湖区,笋岗街道,罗湖区笋岗片区洪湖路38号,114.114813,22.564063,61,,
红岗西村,罗湖区,清水河街道,罗湖区红岗路1005号,114.097561,22.572509,56,,
南粤明珠,南山区,粤海街道,南山区后海路与创业路交汇处,113.928294,22.517135,,99,
幸福港湾尚品居,宝安区,西乡街道,宝安区西乡街道西乡大道与兴业路交汇处,113.851774,22.569757,,85,
天福华府A区,宝安区,航城街道,宝安西乡107国道黄田三围段,113.835852,22.63679,,60,
京基御景中央花园二期,龙岗区,龙城街道,龙岗区国际大学城如意路与飞扬路交汇处东北角,114.203525,22.708478,,42,
华强城市花园一期,宝安区,福海街道,11号线塘尾站B出口,113.809124,22.703358,,52,
山语海苑二期,南山区,招商街道,赤湾少帝路南侧,113.886783,22.48625,,89,
云玺锦庭,宝安区,新安街道,宝安区新安街道新湖路和甲岸路交汇处东侧,113.889358,22.552364,,111,
银湖蓝山润园二期,罗湖区,清水河街道,深圳市罗湖区清水河街道银湖社区北环大道1028号,114.076097,22.574155,,119,
天御豪庭,宝安区,新安街道,宝安中心区N5区,113.885712,22.556007,,111,
锦林新居,福田区,梅林街道,福田区梅丽路7号,114.034879,22.565349,71,,
福田花园,福田区,福保街道,益田五路49号,114.041996,22.518995,86,90,
南达楼,南山区,招商街道,南山区工业七路与育才路交汇处东侧,113.918075,22.497137,80,,
大世纪花园三期,龙岗区,布吉街道,龙岗区布龙路29号,114.121606,22.615109,,52,
青春庭园,宝安区,西乡街道,宝安区西乡街道宝民二路131号,113.873905,22.587039,85,,
星港名苑,盐田区,盐田街道,盐田区北山道125号,114.263953,22.591654,,41,
锦绣东方花园,龙岗区,龙城街道,龙岗区清林中路6号,114.227148,22.723237,,44,36
祺祥滨河名苑,坪山区,坪山街道,坪山新区洋岭路与坪河东路交汇处（东城上邸旁）,114.332027,22.68818,,34,
海山居,盐田区,海山街道,盐田区香径东街与海山路交汇处东侧,114.234528,22.560927,56,54,
御景东方东堤园,南山区,沙河街道,南山区深南大道9037号,113.966275,22.533261,,168,185
凯旋豪庭,福田区,莲花街道,福田区红荔西路7018号,114.042013,22.550582,,123,
广业大厦,福田区,福田街道,福田区福华路110号,114.076482,22.540533,,101,
幸福家园,福田区,莲花街道,福田区景田北街24号,114.031518,22.559703,,81,
君逸世家花园,宝安区,新安街道,宝安区新湖路与罗田路交汇处东侧,113.876433,22.564566,,84,
同和凤凰花苑,宝安区,福永街道,(宝安区福永)福永街道白石厦,113.826381,22.684774,,49,
莲兴苑,福田区,莲花街道,福田区商报东路85号,114.04281,22.554856,,90,
澜汇花园,龙华区,福城街道,观澜大道和人民路交汇处,114.035503,22.702693,,48,
燕晗山居,南山区,沙河街道,南山区侨香路,113.984134,22.544486,,,222
招商华侨城曦城四期,宝安区,新安街道,宝安区新安街道广深高速宝安出口招商华侨城18栋,113.90516,22.598043,,,163
日出印象花园A区,龙华区,民治街道,人民路2142号,114.021251,22.635313,57,57,
麒麟花园B区,南山区,南头街道,玉泉路3号,113.923695,22.548355,84,83,
翠雅居二期,罗湖区,清水河街道,罗湖区泥岗东路与宝岗路交汇处西北侧,114.104087,22.575486,69,76,
中房怡乐花园,龙岗区,南湾街道,龙岗区深惠公路与李朗大道交汇处北侧,114.137836,22.623537,51,53,
荔海楼,南山区,沙河街道,南山区侨城西街10号北边,113.979289,22.543475,,104,
荔园小区,南山区,招商街道,南山区蛇口荔园路荔园住宅小区,113.912917,22.491846,93,,
长怡花园,福田区,园岭街道,福田区百花四路59号,114.083262,22.553493,,101,
滨江新村西区,福田区,南园街道,福田区上布南路与东园路交汇处东南侧,114.093324,22.539206,79,,
新田茗苑,龙华区,观湖街道,龙华区观澜街道景田路20号,114.080547,22.701231,,33,
深业东城上邸,坪山区,坪山街道,龙岗区东纵路与中山大道交汇处西南侧,114.332576,22.686901,,37,
沁园,龙岗区,龙岗街道,龙岗区翠竹路11号,114.268923,22.724297,21,,
心海城一期,坪山区,马峦街道,深圳市坪山区坪环路与比亚迪路交汇处,114.341081,22.683447,,34,
荔林苑,福田区,香蜜湖街道,福田区红荔西路8076号,114.012828,22.543691,,109,
长乐花园,福田区,园岭街道,福田区百花四路5号,114.086091,22.556314,,90,
云顶道雅居,盐田区,盐田街道,盐田区同富裕路西北侧,114.238264,22.586404,,105,
盐田九号小区,盐田区,盐田街道,盐田区东海道106号,114.255133,22.592616,44,,
海港花园,盐田区,沙头角街道,盐田区环城路5号,114.228378,22.544997,42,,48
深圳中心天元2期,福田区,福田街道,深南大道2005号深圳中心天元,114.060803,22.540496,,187,
前海卓越金融中心二期,南山区,南山街道,桂湾片区二单元,113.894183,22.532362,,150,
万科蛇口公馆（商务公寓）,南山区,蛇口街道,南山区蛇口街道湾厦路72号,113.927525,22.490435,,134,
招商东岸家园（商务公寓）,大鹏新区,葵涌街道,葵涌镇第一工业区,114.414451,22.637562,,47,
领航城商业中心（一期）,宝安区,航城街道,深圳市宝安区航城街道航城大道与黄田路交汇处,113.845155,22.609815,,65,
湖润名苑,龙华区,福城街道,深圳市龙华区观光路1440号,114.023216,22.731245,44,44,
棕科云端,龙岗区,布吉街道,深圳市龙岗区布吉街道德兴社区,114.104188,22.593235,,90,
华盛峰荟名庭一期（商务公寓）,龙华区,福城街道,龙华新区观澜泗黎路与悦兴路交汇处,114.036278,22.713772,,57,
安良新村统建楼,龙岗区,园山街道,深圳市龙岗区园山街道油甘园路98号,114.228213,22.635042,,36,
水头沙二路统建楼,大鹏新区,南澳街道,深圳市大鹏新区南澳街道水头沙二路统建楼,114.475568,22.553697,30,30,
金沙苑,大鹏新区,大鹏街道,中山路83号下沙新村山海苑,114.478281,22.599264,,30,
怡安居小区,宝安区,福永街道,宝安区福永街道金荔路666号,113.825333,22.64775,,35,
沙副小区,盐田区,沙头角街道,盐田区园林路与工业西街交汇处西侧,114.219547,22.555124,58,,
北方园小区,宝安区,新安街道,宝安区新安街道上川路32号,113.889119,22.57426,53,,
华龙花园,宝安区,西乡街道,宝安区华厦路与西乡大道交汇处东南侧,113.869956,22.584082,50,,
莲花二村,福田区,华富街道,红荔路,114.065521,22.552741,87,89,
碧湖花园(龙岗),龙岗区,龙城街道,龙岗区公园路26号,114.23686,22.723312,37,35,
茗萃园三期,龙岗区,平湖街道,龙岗区平安大道与良白路交汇处西侧,114.139952,22.668429,,40,
桐海雅庭,盐田区,沙头角街道,盐田区园林路8号,114.219008,22.559211,,53,
碧海名园,宝安区,西乡街道,宝安区新城大道与西乡大道交汇处北侧,113.860068,22.584867,73,71,
南塘商业广场,罗湖区,东门街道,罗湖区解放路1号,114.113501,22.54714,76,84,
凉果街5号大院,罗湖区,东门街道,罗湖区人民北路凉果街5号,114.11439,22.557263,70,,
洋畴湾花园,大鹏新区,南澳街道,龙岗区南澳洋畴湾花园,114.477522,22.512968,,,85
庆安航空大厦,福田区,园岭街道,福田区八卦四路92号,114.090913,22.566547,,65,
金地梅陇镇二期,龙华区,民治街道,宝安区梅龙路与布龙公路交汇处东南侧,114.028028,22.634001,,58,
电器公司,罗湖区,桂园街道,罗湖区松园路75号,114.102708,22.554803,71,,
爵士大厦,罗湖区,南湖街道,深圳市罗湖区嘉宾路20号,114.109685,22.542328,,110,
深华商业大厦,罗湖区,南湖街道,罗湖区嘉宾路2018号,114.116218,22.543548,,87,
东湖医院宿舍,罗湖区,翠竹街道,布心路2019号,114.131612,22.5762,66,,
盛龙花园一期,龙岗区,龙城街道,龙岗区盛龙路43号,114.251571,22.72827,31,,
君临天下名苑,福田区,沙头街道,深圳高尔夫俱乐部以南30米，新沙路与新沙街交汇处,114.041225,22.533062,,158,
齐明别墅,罗湖区,清水河街道,罗湖区银湖路12号,114.080815,22.581066,,69,159
君悦阁,福田区,华强北街道,福田区燕南路9号,114.087682,22.544732,,120,
建业小区,福田区,香蜜湖街道,福田区建业三街与建业大道交汇处东侧,114.009635,22.541643,78,,
桃源居六区,宝安区,西乡街道,深圳宝安区西乡街道广深路东侧,113.863748,22.619654,53,59,
瑞尚居（商品住房）,宝安区,西乡街道,深圳市宝安区西乡航城大道南城瑞尚居,113.846476,22.608355,,66,
福中福商业城一二期,宝安区,西乡街道,宝安新湖大道与新安大道交汇处,113.868839,22.568205,61,,
明华广场,罗湖区,东门街道,罗湖区人民北路与立新路交汇处西南侧,114.113836,22.550096,,75,
市人民医院住宅楼,罗湖区,翠竹街道,罗湖区东门北路1017号,114.121571,22.560125,66,,
奥士达住宅楼,福田区,梅林街道,福田福田上梅林奥仕达路,114.055397,22.566888,68,,
新港鸿花园,罗湖区,翠竹街道,罗湖区翠竹片区翠竹路2038号,114.12545,22.575027,82,79,
名科馨阁,福田区,福田街道,福田区福强路海滨广场,114.060729,22.530395,,93,
天地峰景园,南山区,桃源街道,南山区龙珠大道038号,113.980813,22.562244,,82,
桃苑小区,南山区,南头街道,南山区南山大道,113.91798,22.53172,87,,
仙湖山庄二期,罗湖区,莲塘街道,罗湖区仙湖路158号,114.170038,22.57301,,,180
美加广场,南山区,沙河街道,南山区侨城西街15号,113.972899,22.54128,,90,
文锦大厦,罗湖区,黄贝街道,罗湖区文华片区春风路1052号,114.126638,22.545615,,69,
桃花园(南山),南山区,南头街道,南山区南山大道3001号,113.919242,22.536345,79,,
怡然天地居,南山区,桃源街道,南山区龙珠大道与龙珠四路交汇处西侧,113.968674,22.566323,81,,
星光之约花园,龙岗区,坂田街道,龙岗区五和南路与五和路交汇处东北侧,114.057032,22.610939,47,54,
华苑楼,宝安区,新安街道,宝安区创业二路与宝民一路交汇处东北侧,113.893797,22.5703,48,,
佳兆业山海苑,盐田区,盐田街道,盐田路24号,114.248105,22.590271,,53,
公安局大院,罗湖区,桂园街道,罗湖区桂园片区红宝路63号,114.103399,22.548435,69,,
新安公司住宅,罗湖区,东门街道,罗湖区新园路与晒布路交汇处西南侧,114.113688,22.553043,77,,
蛟湖小区,罗湖区,东门街道,罗湖区人民北路与新园路交汇处西南侧,114.113653,22.552632,76,,
华丽东村,罗湖区,黄贝街道,罗湖区黄贝路1002号,114.131533,22.553926,63,,
南华花园,福田区,南园街道,福田区滨河大道与华强南路交汇处东北侧,114.082408,22.538664,,96,
副食果菜大楼,盐田区,沙头角街道,盐田区沙盐路3135号,114.225305,22.552707,46,,
竹园商场,罗湖区,翠竹街道,罗湖区翠竹片区东门北路2075号,114.12823,22.561342,74,,
大世纪花园一二期,龙岗区,布吉街道,(龙岗区布吉街)中兴路40号,114.120853,22.613136,60,53,
金溪大厦,罗湖区,东门街道,罗湖区人民北路书院街11号,114.114945,22.556221,78,,
布心花园,罗湖区,东湖街道,罗湖区东绕路与布心路交汇处东北侧,114.135775,22.577652,57,,
十二橡树庄园二期,龙岗区,坂田街道,龙岗区坂田南路与虎山路交汇处西侧,114.062157,22.626537,63,52,95
万科彩园,罗湖区,东门街道,罗湖区晒布路38号,114.116254,22.553404,,98,
鸿荣源·壹成中心五区,龙华区,龙华街道,龙华新区人民路地铁4号线龙华站,114.029518,22.64981,,88,
创富时代名苑,龙岗区,龙岗街道,龙岗区龙岗路与鹏达路交汇处西北侧,114.265227,22.725146,,40,
南岭花园,龙岗区,南湾街道,龙岗区布沙路与健民路交汇处西南侧,114.136456,22.604879,34,,
渔民村,罗湖区,南湖街道,罗湖区船步路与宝安南路交汇处东南侧,114.107239,22.535883,,109,
德华花园,大鹏新区,葵涌街道,龙岗区万兴中路7号,114.413787,22.629494,33,,
文锦中学宿舍,罗湖区,南湖街道,罗湖区文锦南1011号,114.12528,22.543719,59,,
名阳阁,罗湖区,东门街道,罗湖区文锦中路2012号,114.124161,22.553603,83,,
信义假日名城三期,龙岗区,布吉街道,龙岗区吉华路与荣超路交汇处东北侧,114.120516,22.597346,,61,
金稻田公寓,罗湖区,东晓街道,罗湖区金稻田路与翠山路交汇处北侧,114.115201,22.588539,80,,
快捷假日公寓,罗湖区,桂园街道,罗湖区桂园片区红桂路60号,114.106014,22.552271,,108,
星桂园,罗湖区,桂园街道,罗湖区桂园片区桂园路桂木坊2号,114.108803,22.548484,,114,
嘉多利花园,罗湖区,翠竹街道,罗湖区翠竹片区文锦北路1052号,114.120236,22.563438,,95,
莲花山庄三村,龙岗区,布吉街道,龙岗区莲花路莲花山庄三村12号,114.104086,22.602908,,,54
新秀村北区,罗湖区,黄贝街道,罗湖区新秀路48号,114.140862,22.550667,63,,
紫荆花园,罗湖区,东晓街道,罗湖区深惠公路与二线公路交汇处东南侧,114.11207,22.589621,62,56,
九州家园二期,龙岗区,龙岗街道,龙岗区龙园路与南联路交汇处北侧,114.257118,22.729698,30,31,
兴业花园,龙岗区,布吉街道,龙岗区布沙路219号,114.132837,22.60933,34,,
万科金色半山花园,龙岗区,坂田街道,福田区莲花路2018号,114.083081,22.633054,,86,
龙瑞佳园,南山区,招商街道,兴海大道和松湖路交界处,113.895063,22.485819,,82,
粤宝公司家属楼,龙岗区,布吉街道,龙岗区宝丽路51号,114.106698,22.597194,44,,
田心新村,罗湖区,笋岗街道,罗湖区宝岗路与梨园路交汇处东侧,114.109266,22.571223,52,,
聚龙大厦,罗湖区,东门街道,罗湖区文锦中路2123号,114.122207,22.556124,,83,
荣华楼,龙岗区,布吉街道,龙岗区吉华路与龙岭路交汇处南侧,114.1115,22.607239,40,,
和兴花园二期,龙岗区,龙城街道,龙岗区爱心路94号,114.225222,22.723215,35,34,
洪二村,罗湖区,桂园街道,罗湖区宝安南路洪二村2159号,114.104616,22.551238,77,,
"水湾壹玖柒玖广场一期
（商品住房）",南山区,招商街道,荔园路与太子路交汇处,113.913734,22.493111,,122,
侨城馨苑,南山区,沙河街道,南山区香山西街与沙河东路交汇处,113.962252,22.551905,,99,
新世界山月居,福田区,莲花街道,福田区莲花路1108号,114.051885,22.563207,,77,
仙湖山庄一期,罗湖区,莲塘街道,罗湖区聚宝路与畔山路交汇处西北侧,114.166534,22.572352,53,,170
振业城一期,龙岗区,横岗街道,龙岗区龙岗大道与梧桐路交汇处西北侧,114.17428,22.639386,52,50,53
海都花园,盐田区,海山街道,盐田区深盐路2120号,114.23446,22.559839,,49,
星河传奇花园一期,龙华区,民治街道,深圳市龙华新区上塘路与民塘路交汇处,114.014266,22.635275,,83,
曦湾华府,南山区,蛇口街道,南山区招商街道曦湾巴比伦空中花园A栋,113.936425,22.50461,,155,257
百仕达花园二期,罗湖区,翠竹街道,罗湖区罗湖区太安路98号,114.128234,22.575815,86,93,
富源商贸大厦,宝安区,新安街道,宝安区新安街道创业一路1018号,113.889187,22.562746,,64,
淘金山湖景花园一期,罗湖区,东湖街道,罗湖区翠荫路268号,114.138683,22.588275,,80,
华盛观荟名庭,龙华区,福城街道,深圳市龙华观澜泗黎路与悦兴路交汇处,114.035034,22.713934,,47,
新华苑二期,龙华区,龙华街道,宝安区建设路与东环二路交汇处西侧,114.031266,22.657639,,57,
国企大厦,福田区,南园街道,福田区上步南路1002号,114.091717,22.540795,,81,
新光小区,福田区,沙头街道,福田区新沙路10号,114.040309,22.533872,90,87,
大陆庄园,南山区,南山街道,南山区南新路2099号,113.912568,22.530633,83,78,
市政生活区,福田区,莲花街道,福田区红荔西路与景田路交汇处西北侧,114.037974,22.550886,82,83,
荟港尊邸一期,龙华区,大浪街道,深圳市龙华区大浪街道和平路988号,114.004627,22.646805,60,64,85
田园居,罗湖区,清水河街道,罗湖区银湖路22号,114.077376,22.585627,,,163
翠榕花园,罗湖区,莲塘街道,罗湖区畔山路188号,114.169543,22.57201,55,,
高正豪景花园,光明区,光明街道,宝安区滨河东路与教育路交汇处西侧,113.940854,22.761349,35,,
映月湾花园,南山区,蛇口街道,南山区蛇口街道东角头片区蓝天路8号,113.932592,22.494424,,127,
泰华豪园,宝安区,西乡街道,宝安区庄边路与宝民二路交汇处东侧,113.877652,22.586198,51,48,
吉之堡商都,龙岗区,坪地街道,龙岗区地新南街11号,114.300464,22.772045,29,,
搪瓷公司住宅楼,福田区,梅林街道,福田区梅林路14号,114.065098,22.572759,68,,
香榭里花园,福田区,香蜜湖街道,福田区丰田路2号,114.014852,22.546556,,111,
赛龙豪轩,龙华区,龙华街道,宝安区和平东路与东环一路交汇处东侧,114.022453,22.658619,53,,
天御香山花园,福田区,香蜜湖街道,福田区农轩路,114.014669,22.541721,,153,
御筑轩,龙华区,龙华街道,宝安区龙华街道龙观路南侧,114.015289,22.664815,61,65,
栖游家园,南山区,蛇口街道,南山区后海大道,113.928991,22.491099,,124,
棕榈泉别墅一期,罗湖区,清水河街道,罗湖区银湖路金湖一街37号,114.078187,22.577161,,63,157
新桂花村,福田区,福保街道,福田区金桂路与菩提路交汇处南侧,114.059443,22.518757,79,80,
碧荔花园,福田区,梅林街道,福田区梅林路与梅中路交汇处,114.041079,22.569343,,72,
金泓凯旋城,宝安区,新安街道,宝安区宝安大道与新安一路交汇处西侧,113.893372,22.550804,,80,
时代景苑二期,宝安区,福永街道,宝安区广深公路与永丰二路交汇处东北侧,113.825292,22.683251,,40,
富士康世纪华庭一期,龙华区,龙华街道,宝安区和平东路与东环二路交汇处东南侧,114.028869,22.661816,49,,
金域豪庭二期,宝安区,福永街道,宝安区福海大道与立新路交汇处西南侧,113.803431,22.67294,48,50,
七十三区商住楼,宝安区,新安街道,宝安区公园路与流塘路交汇处南侧,113.89278,22.587485,44,,
振业花园,福田区,华富街道,福田区皇岗路,114.066685,22.548453,89,,
富怡花园,宝安区,新安街道,宝安区新安街道兴华一路106号,113.894119,22.562667,61,,
名泰轩,罗湖区,黄贝街道,罗湖区经二路19号,114.145021,22.5534,63,77,
香缤广场,宝安区,新安街道,宝安区新安街道建安一路80号-90号(双号)、深圳东路1-19号（单号),113.902146,22.564899,,81,
新世界豪园二期,南山区,粤海街道,南山区沙河西路2031号,113.950676,22.553831,,,157
君汇新天花园,南山区,蛇口街道,南山区海月片区东滨路与后海滨路交汇处,113.934402,22.50632,,143,
深圳湾彩虹之岸,南山区,粤海街道,南山区高新南十一道与高新南环路交汇处西侧,113.942079,22.528681,,117,
外运大院(和平路),罗湖区,南湖街道,罗湖区嘉宾路与沿河东路交汇处东北侧,114.110001,22.539925,70,,
中怡名苑,宝安区,新安街道,宝安区新安街道新安一路3005号,113.894724,22.555918,,63,
中商花园,宝安区,新安街道,宝安区新安街道甲岸路10号,113.893761,22.55604,,68,
南方国际广场,福田区,福保街道,福田区益田路3013号,114.050298,22.529473,,115,
纯水岸四期,南山区,沙河街道,南山区香山西街与香山中街交汇处西南侧,113.969799,22.55097,,127,221
星河盛世花园一期,龙华区,民治街道,宝安区民治街道,114.042176,22.604579,,94,
发展兴苑,福田区,福田街道,福田区民田路1号,114.046614,22.532661,,121,181
银湖旅游中心宿舍区,罗湖区,清水河街道,罗湖区银湖路金湖一街51号,114.076468,22.579602,64,,
银谷别墅区(银谷会苑),罗湖区,清水河街道,罗湖区银湖路48号,114.071463,22.586884,80,,140
半山海景别墅,南山区,招商街道,南山区沿山路1号,113.905369,22.490581,,,150
皇庭港湾花园,南山区,蛇口街道,南山区蛇口街道东角头片区招商东路皇庭港湾,113.937086,22.494725,,175,
顺天大厦,南山区,南山街道,南山区桂庙路62号,113.915876,22.527996,,65,
深意综合楼,南山区,南山街道,南山区南山大道1004-1号,113.915225,22.518069,100,,
岸芷汀兰花园,南山区,粤海街道,南山区科技大道与高新南环路交汇处东南侧,113.946255,22.525172,,135,
蛇口花园城一期,南山区,招商街道,南山区南海大道1145号,113.917572,22.506388,,97,
西万住宅楼,宝安区,西乡街道,宝安区广深公路与荔园路交汇处西北侧,113.878078,22.58004,45,,
富国茗苑,福田区,梅林街道,福田区凯丰路28#,114.059957,22.57593,76,,
新锦安雅园二期,宝安区,新安街道,宝安区湖滨路与翻身路交汇处西南侧,113.899539,22.552492,,63,
朗庭豪园,福田区,福保街道,福田区椰风道与桂花路交汇处西南侧,114.05477,22.513287,,80,
建筑设计院住宅楼(福田),福田区,莲花街道,福田区香梅路1098号,114.034242,22.552822,81,,
宏福苑,南山区,南头街道,南山区关口路11号,113.913921,22.54004,85,,
常兴花园,南山区,南山街道,南山区学府路123号,113.915713,22.530583,80,,
第五园四期,龙岗区,坂田街道,龙岗区五和南路与雅园路交汇处东南侧,114.061076,22.615499,,75,
红花园,南山区,南头街道,南山区红花园88号,113.917248,22.541708,73,,
美丽家园北区,龙华区,龙华街道,宝安区和平东路与东环二路交汇处西侧,114.028026,22.66055,51,53,
新德家园,南山区,南头街道,南山区前海路3001号,113.909561,22.532037,,101,
南油乐群楼,南山区,南山街道,南山区内环路北南光路东,113.914996,22.511235,92,,
桃源居二区,宝安区,西乡街道,宝安区前进二路与汇江二路交汇处西南侧,113.855749,22.615744,42,50,
御龙居,宝安区,西乡街道,宝安区西乡大道与前进二路交汇处东侧,113.884221,22.593949,,49,
金域豪庭三期,宝安区,福永街道,宝安区福海大道与立新路交汇处西南侧,113.803166,22.674866,,61,
白金时代公寓,宝安区,新安街道,宝安区新安街道宝民一路203号,113.892072,22.568985,,103,
陶柏莉花园（一期）,大鹏新区,葵涌街道,大鹏新区葵涌街道西北角、环城西路以东，丰树山路以南，盐坝高速路以北,114.403633,22.636272,,42,45
金众金域半山花园,大鹏新区,葵涌街道,大鹏新区葵涌办事处丰树山路北面,114.40389,22.640567,,40,
华茂苑,福田区,梅林街道,福田区中康路1号,114.05276,22.566275,80,75,
绿景花园,福田区,沙头街道,福田区新洲七街155号,114.036644,22.524964,84,80,
东海花园,福田区,香蜜湖街道,福田区香蜜湖路与深南大道交汇处西北侧,114.018656,22.541271,,116,
景翠苑,南山区,沙河街道,南山区沙河东路与香山西街交汇处东侧,113.961516,22.551447,82,,
明珠雅苑,南山区,沙河街道,南山区沙河东路与明珠路交汇处东北侧,113.962468,22.547164,72,,
泛华苑,宝安区,新安街道,宝安区创业二路与宝民路交汇处东南侧,113.896526,22.567124,55,62,
金鼎花园,宝安区,新安街道,宝安区新安街道宝乐一街10号,113.894574,22.56005,65,,
瑞铧苑,南山区,粤海街道,南山区后海路东,113.928126,22.515424,,104,
鼎太风华社区一期,南山区,南山街道,南山区前海路西,113.908169,22.523424,,93,
金海燕花园,福田区,沙头街道,南山区侨城东路,113.991411,22.533077,89,93,
海祥阁,南山区,招商街道,南山区蛇口华英路南侧,113.885431,22.484017,,90,
天琴阁,宝安区,西乡街道,宝安区西乡大道与新湖路交汇处南侧,113.859535,22.575905,,84,
芳春花园,罗湖区,黄贝街道,罗湖区罗芳路55号,114.142814,22.551876,60,,
依山郡花园三期,龙岗区,龙城街道,中心城西区龙平大道与黄阁北路交汇处,114.215899,22.733576,,43,
颂雅苑,龙岗区,南湾街道,龙岗区金坑大道与布沙路交汇处西北侧,114.135978,22.610103,55,,
灵芝新村,宝安区,新安街道,新安街道办兴华路南侧,113.904874,22.569454,57,,
梅林苑,福田区,梅林街道,福田区下梅林一街3号,114.032013,22.563961,70,,
宝珠花园,南山区,桃源街道,南山区珠光路249号,113.953195,22.574015,,76,
海涛花园,盐田区,海山街道,盐田区桥东路与步步高交汇处东北侧,114.229894,22.549213,46,,
马家龙工业区宿舍,南山区,南头街道,南山区中山园路马家龙工业区,113.920849,22.553447,84,,
新洲骏皇嘉园,福田区,沙头街道,福田区新洲九街251号,114.040193,22.526777,,106,
海荣居,盐田区,海山街道,盐田区海山路20号,114.233855,22.561706,,55,
景桦花园,福田区,莲花街道,福田区商报路1号,114.041907,22.552868,,85,
三叉河华侨新村,罗湖区,黄贝街道,罗湖区北斗路与沿河南路交汇处东侧,114.132948,22.544472,43,,
纯水岸八期,南山区,沙河街道,南山区香山西街与香山中街交汇处西南侧,113.967631,22.550144,,,260
宝瑞轩,福田区,福保街道,瑞香道与绒花路交汇处东北,114.054993,22.512782,,80,
馨园二期,龙华区,民治街道,宝安区民治大道与平南铁路交汇处东北侧,114.037396,22.628668,56,56,92
景龙大厦,福田区,莲花街道,福田区新洲路北环梅林立交西南侧,114.040263,22.560713,,69,
景雅居,福田区,莲花街道,福田区景田路109号,114.035647,22.558532,,91,
天欣花园三期,宝安区,福永街道,宝安区翠岗西路与政丰南路交汇处东北侧,113.819714,22.671403,,51,
富士康世纪华庭二期,龙华区,龙华街道,宝安区和平东路与东环二路交汇处东南侧,114.029786,22.661242,52,51,
海湾明珠花园一期,宝安区,西乡街道,宝安区共乐路与新湖路交汇处东南侧,113.85634,22.578628,66,,
水晶花园,龙岗区,吉华街道,龙岗区吉华路244号,114.106814,22.61718,39,,
泰然宿舍,福田区,沙头街道,福田区泰然四路,114.021171,22.53702,95,,
宝城花园,宝安区,西乡街道,宝安区新湖路与海南城路交汇处西南侧,113.86509,22.571173,52,,
珠光花半里欣苑,南山区,桃源街道,南山区西丽珠光路北,113.956764,22.57327,,84,
鸿进花园,龙岗区,龙城街道,龙岗区鸿进路26号,114.237644,22.713246,35,,
东海十八居,福田区,香蜜湖街道,福田区东海片区香轩路10号,114.01997,22.54277,,152,
榆园三期,南山区,招商街道,南山区后海路东、东滨路南,113.924218,22.506679,78,,
中城康桥花园三期,龙岗区,南湾街道,龙岗区李朗大道与广九铁路交汇处东侧,114.136678,22.630359,50,49,
德尚世家花园,南山区,南山街道,南山区沿山路与凉亭路交汇处西南侧,113.890245,22.498462,,135,165
科技园37区住宅楼,南山区,粤海街道,南山区文华路3号,113.944398,22.548854,112,,
科技园48区,南山区,粤海街道,南山区深南路科技工业园,113.942016,22.552107,100,,
泛海拉菲花园一期,南山区,南山街道,南山区前海路与荔湾路交汇处东侧,113.889349,22.502402,,95,160
可园七期,龙岗区,布吉街道,龙岗区京南路与育苗路交汇处东南侧,114.131298,22.601101,,57,
三十五区商住楼,宝安区,新安街道,宝安区公园路与上川二路交汇处西南侧,113.893776,22.580971,41,,
梅花山庄,龙华区,民治街道,宝安区民治大道与平南铁路交汇处东北侧,114.038988,22.626343,,,67
南天花园,盐田区,沙头角街道,盐田区桥头街14号,114.227431,22.547645,49,,
岸上林居,龙岗区,龙岗街道,龙岗区龙西社区龙盛大道以北（阅山公馆对面）,114.242919,22.741899,,42,
阳光海湾花园,宝安区,西乡街道,宝安区共勒路与宝源路交汇处南侧,113.85152,22.575387,78,80,
中信花园,南山区,沙河街道,南山区明珠路与沙河东路交汇处东侧,113.961497,22.546571,83,,
天峦湖花园二期,坪山区,马峦街道,深圳坪山新区比亚迪路转坪马线公路大山陂水库东侧,114.346791,22.667404,,34,
祥云苑,龙岗区,南湾街道,龙岗区金坑大道与布沙路交汇处西侧,114.137431,22.609918,42,,
湖馨苑,罗湖区,笋岗街道,罗湖区笋岗片区北站路11号,114.111577,22.562776,,109,
龙旺大厦,罗湖区,南湖街道,罗湖区和平路1089号,114.11021,22.535567,,64,
熙龙湾花园二期,宝安区,新安街道,宝安区新安海旺片区甲岸路与海秀路交汇,113.886747,22.549087,,93,
天健阳光华苑,福田区,福保街道,福田区石厦北六街2号,114.050699,22.527936,,94,
平吉上苑二期,龙岗区,平湖街道,龙岗平湖街道上木古社区新河路与平新北路交汇处,114.116578,22.671721,,54,
恒立听海花园,南山区,粤海街道,南山区高新南环路与高新十一道交汇处西侧,113.942071,22.52652,,130,
鸿洲新都,南山区,南头街道,南山区南新路3229号,113.91489,22.542609,,94,
颐园别墅一期,罗湖区,清水河街道,罗湖区银湖路8号,114.081204,22.578392,,,125
宝能华府,南山区,西丽街道,留仙大道北,113.941635,22.585011,,97,
国城花园,福田区,园岭街道,福田区百花一路1号,114.090019,22.553518,,119,
中粮锦云花园（商品住房）,宝安区,西乡街道,宝安区西乡街道,113.882556,22.587186,,73,
润筑园,龙岗区,园山街道,龙岗区金源路与长金二路交汇处西侧,114.224151,22.680251,,56,
世纪春城四期,龙华区,民治街道,宝安区梅龙路与布龙公路交汇处东南侧,114.027071,22.630019,,63,
天健世纪花园,福田区,莲花街道,福田区红荔西路6015号,114.059574,22.549381,,115,
晶品居,南山区,粤海街道,南山区南海大道4052号,113.929121,22.5481,,101,
水湾A区,南山区,招商街道,南山区蛇口工业区水湾路水湾住宅A区,113.914692,22.492298,,,115
水木华庭,南山区,桃源街道,南山区龙珠六路033号,113.975314,22.565495,,87,
水木丹华园,南山区,桃源街道,南山区学苑大道南侧(塘朗村东侧),113.984483,22.594454,,89,
学林雅院,南山区,粤海街道,南山区学府路99号,113.926327,22.527997,99,96,
景田天健花园,福田区,莲花街道,福田区景田北六街2号,114.028661,22.559837,,96,
景田合正名园二期,福田区,莲花街道,福田区新闻路16号,114.039471,22.545701,92,,
新景苑,福田区,莲花街道,福田区商报东路37号,114.043062,22.551622,80,,
向西花园,罗湖区,南湖街道,罗湖区南极路与春风路交汇处西南侧,114.12116,22.544536,72,82,
华新村西区,福田区,华强北街道,华强北街道,114.078157,22.552774,75,,
辉华大厦,龙华区,民治街道,宝安区民清路与工业东路交汇处东南侧,114.033855,22.642352,44,,
泽洋园,龙岗区,龙城街道,龙岗区龙平路与龙城西路交汇处东南侧,114.2484,22.732782,,43,
怡海广场,南山区,南山街道,南山区创业路18号,113.920641,22.519429,,74,
心语雅园,南山区,南山街道,南山区前海路1068号,113.907141,22.519641,,105,
南华大厦,罗湖区,南湖街道,罗湖区南极路与春风路交汇处西北侧,114.121628,22.545979,,68,
凯悦华庭,罗湖区,南湖街道,罗湖区春风路2055号,114.121291,22.542692,,95,
星海名城五期,南山区,南头街道,南山区前海路3101号,113.907921,22.543385,,116,
宣嘉华庭,福田区,福田街道,福田区金田路1006号,114.061808,22.523005,,93,
大地苑,罗湖区,清水河街道,罗湖区金碧路与泥岗村西街交汇处北侧,114.091223,22.570466,56,,
新天国际名苑,福田区,香蜜湖街道,福田区侨香路1025号,114.020586,22.554707,,113,
星海名城三期,南山区,南头街道,南山区前海路3101号,113.905913,22.539722,,93,
金洲嘉丽园,龙岗区,坂田街道,龙岗区坂雪岗大道与华台路交汇处东南侧,114.065906,22.63511,55,,
园博绿苑,福田区,香蜜湖街道,福田区侨香三道1号,114.005686,22.549446,,101,
颐园别墅三期,罗湖区,清水河街道,罗湖区银湖路8号,114.082894,22.579954,,,131
富怡雅居,福田区,华强北街道,福田区振华路,114.089255,22.546547,,92,
富强花园,福田区,福田街道,福田区福强路1003号,114.063863,22.530014,72,,
和平大厦(龙华),龙华区,龙华街道,宝安区和平东路与人民北路交汇处东南侧,114.019326,22.655434,46,,
佳兆业中央广场二期,龙岗区,坂田街道,雪岗北路与坂雪岗大道交汇处,114.071706,22.661714,,61,
嘉鑫阳光雅居,福田区,梅林街道,下梅林龙尾大道梅林公园旁,114.041714,22.574266,,102,
金庸阁二期,龙华区,龙华街道,宝安区宝华路与中环路交汇处西南侧,114.014126,22.657573,46,,
景新花园,福田区,莲花街道,福田区莲花路2002号,114.042008,22.557132,78,83,
金豪花园(罗湖),罗湖区,清水河街道,罗湖区泥岗东路与广九铁路交汇处西北侧,114.110014,22.577215,59,,
新街口大楼,南山区,南山街道,南山区南油大道西内环路北,113.918735,22.509172,,101,
景田合正名园一期,福田区,莲花街道,福田区新闻路16号,114.03908,22.54475,,97,
颐安阅海台,南山区,蛇口街道,南山区海月片区科苑南路与工业8路交汇处西南,113.936422,22.50373,,171,
鹿岭苑,罗湖区,清水河街道,罗湖区泥岗东路1126号,114.100266,22.571943,,55,
富通丽沙花都,宝安区,新桥街道,沙井中心大道与万安路交汇处,113.824246,22.719415,,41,
银晖名居,罗湖区,清水河街道,罗湖区银晖名居,114.090854,22.570956,,95,
云景豪园,罗湖区,南湖街道,罗湖区春风路2041号,114.121703,22.542828,,89,
阳光棕榈园三期,南山区,南山街道,南山区前海路与桂庙路交汇处西北侧,113.906431,22.528196,,115,
东乐花园(罗湖),罗湖区,东湖街道,罗湖区布心路1023号,114.135124,22.574368,67,60,
笔架山机关生活区,福田区,华富街道,福田区静逸街3号,114.08095,22.562888,80,,
水围新家园,福田区,福田街道,福田区水围村198号水围新家园,114.058102,22.524085,,93,
融湖时代花园,龙岗区,平湖街道,龙岗区平湖平新路与平龙路交汇处（山厦医院对面，华南城附近）,114.117306,22.693477,,44,
葵涌供销社商住楼,大鹏新区,葵涌街道,龙岗区葵政东路23号,114.417049,22.633945,27,,
新莲大厦,福田区,莲花街道,福田区莲花路1116号,114.048494,22.564289,,79,
清水河生活区,罗湖区,清水河街道,罗湖区清水河一路与清水河六路交汇处东北侧,114.109677,22.583047,70,,
石云村小区,南山区,蛇口街道,南山区蛇口新街石云村小区,113.923129,22.491873,73,,
鑫园广场,大鹏新区,葵涌街道,龙岗区葵坪北路11号,114.414521,22.630162,,31,
华泰香逸名园,福田区,莲花街道,福田区新闻路76号,114.035654,22.545338,,94,
华强住宅区,福田区,福田街道,福田区福虹路与深南中路交汇处东南侧,114.080334,22.541626,83,,
圆梦园,福田区,福保街道,福田区绒花道与红棉道交汇处东北侧,114.052316,22.512203,,73,
国际村,福田区,福田街道,福田区皇岗路,114.067101,22.534475,78,,
四季山水花园二期,福田区,梅林街道,福田区梅林街与龙尾路交汇处东侧,114.040582,22.572729,,116,
四季山水花园一期,福田区,梅林街道,福田区龙尾路1号,114.040293,22.573831,,127,
青湖山庄,罗湖区,清水河街道,罗湖区红岗路1249号,114.101528,22.587595,53,53,
华彩天成居,南山区,粤海街道,南山区商业文化中心区,113.925131,22.521337,,106,
文乐花园,宝安区,新安街道,宝安区翻身路与创业一路交汇处西北侧,113.889321,22.566188,54,,
后海花园,南山区,粤海街道,南山区后海湾路,113.926212,22.515983,82,85,
富荔花园,福田区,华富街道,福田区深南中路4018号,114.071896,22.547126,81,,
富莲大厦,福田区,莲花街道,福田区莲花北路与雨田路交汇处西北侧,114.049008,22.562805,,76,
青年城邦园,龙华区,龙华街道,宝安区中环路与和平西路交汇处东侧,114.016729,22.654832,,85,
城中雅苑,福田区,福田街道,福田区福华三路299号,114.046726,22.534189,,126,
桂园小区三区,南山区,招商街道,南山区蛇口工业九路北,113.925132,22.506708,84,,
宝田苑,福田区,福保街道,福田区福强路1061号,114.055127,22.517274,,82,
水映山岸公馆,南山区,蛇口街道,南山区蛇口望海路与金世纪路交汇处,113.927073,22.486373,,184,
新城市花园二期,龙华区,龙华街道,宝安区观澜大道与东环艺路交汇处东北侧,114.016382,22.667601,45,,
缘来居,南山区,粤海街道,南山区高新中二道35号,113.929211,22.548715,,100,
宝丰大厦,罗湖区,南湖街道,罗湖区东门南路2010号,114.119903,22.54252,,68,
富佳苑,宝安区,新安街道,宝安区新安街道48区川安路72号,113.883089,22.568306,,68,
海怡东方花园,南山区,粤海街道,南山区高新南十道3号,113.946371,22.529223,,121,
星河明居,福田区,福保街道,福田区福民路127号,114.047927,22.52523,,82,
新海大厦,南山区,南头街道,南山区南山大道2329号,113.918706,22.541941,,45,
景田怡华苑,福田区,莲花街道,福田区景田北街2号,114.032838,22.560703,87,,
雅仕居,罗湖区,清水河街道,罗湖区泥岗东路1108号,114.108301,22.57644,,91,
台湾花园大厦,福田区,南园街道,福田区东园路与红岭南路交汇处西南侧,114.097397,22.539771,,73,
卫检住宅大厦,福田区,福田街道,福田区福强路1005号,114.064723,22.530333,,76,
合正园,福田区,梅林街道,福田区梅华路181号,114.046451,22.565918,,73,
水产大厦,罗湖区,东门街道,南山区红花路71号,114.11492,22.558295,,67,
欧陆经典花园,南山区,桃源街道,南山区广深高速公路与龙珠四路交汇处西南侧,113.965384,22.562293,91,86,87
振业翠海花园二期,福田区,香蜜湖街道,福田区桥香四道与侨香路交汇处东北侧,114.010334,22.553837,,105,
美丽AAA花园,龙华区,龙华街道,宝安区宝华路与中环路交汇处西北侧,114.015611,22.6565,,58,
罗芳路新兴村,罗湖区,黄贝街道,罗湖区罗芳路190号,114.14456,22.554533,48,,
文德福花园,南山区,粤海街道,南山区后海路与东滨路交汇处,113.928121,22.509009,,91,
锦绣御园二期,龙华区,龙华街道,深圳龙华区东环二路与和平东路交汇处,114.023679,22.662119,,67,
天地大厦,罗湖区,桂园街道,罗湖区桂园片区宝安南路3046号,114.104435,22.555777,,75,
电影大厦,罗湖区,桂园街道,罗湖区桂园片区桂园路2号,114.108157,22.547639,,73,
沙埔头综合楼,福田区,南园街道,福田区爱华路与南园路交汇处东南侧,114.088176,22.539775,85,,
深港公司宿舍,罗湖区,黄贝街道,罗湖区新秀村秀南街19号,114.138385,22.546013,,74,
赤龙坑住宅楼,罗湖区,黄贝街道,罗湖区新秀路30号,114.145141,22.550995,57,,
清秀大院,罗湖区,东门街道,罗湖区乐园路36号,114.123798,22.549504,69,,
东方凤雅台,罗湖区,莲塘街道,罗湖区仙台路1号,114.17573,22.56298,57,66,
宝华花园,宝安区,新安街道,宝安区新安街道48区翻身路157号,113.884124,22.568306,61,,
新亚洲花园,龙岗区,龙城街道,龙岗区吉祥中路85号,114.231951,22.718302,,35,
福园小区,龙岗区,龙城街道,龙岗区吉福路43号,114.230716,22.724931,33,,
福永花苑,宝安区,福永街道,宝安区广深公路与永丰二路交汇处东北侧,113.826076,22.683102,43,,
万科城二期,龙岗区,坂田街道,龙岗区坂雪岗大道与贝尔路交汇处东北侧,114.063501,22.648695,62,,64
星航华府二期,宝安区,福永街道,深圳市航空新城宝安107国道兴围路口,113.827589,22.646728,,63,
鸿荣源·壹成中心六区,龙华区,龙华街道,龙华新区人民路地铁4号线龙华站,114.027481,22.650822,,76,
万科东海岸三期,盐田区,梅沙街道,盐田区环碧路216号,114.295162,22.605498,,55,60
恒立心海湾花园,南山区,南山街道,南山区前海路与港城路交汇处东侧,113.89022,22.503854,,90,
心怡花园,罗湖区,东湖街道,罗湖区东湖路与东晓路交汇处东北侧,114.133802,22.585102,65,72,
西丽湖工贸公司住宅,南山区,西丽街道,南山区西丽湖东侧,113.957554,22.597568,66,,
越港商业中心,罗湖区,东门街道,罗湖区人民北路1006号,114.114709,22.547459,78,,
泰宁花园,罗湖区,翠竹街道,罗湖区翠竹片区爱国路3013号,114.135511,22.568718,65,58,
宝利豪庭,宝安区,松岗街道,宝安区松岗街道宝利来风情步行街一号,113.846635,22.766244,,34,
半山海景·兰溪谷一期,南山区,招商街道,南山区沿山路11号,113.906802,22.493088,,112,210
华海公寓,福田区,梅林街道,福田区林园东路34号,114.06784,22.571837,57,,
新安办二十四区,宝安区,新安街道,宝安区裕安二路与宝民一路交汇处东南侧,113.892112,22.570127,52,,
沙尾电话机楼,福田区,沙头街道,福田区沙嘴路36号,114.034467,22.528479,,90,
东丽观海山庄,大鹏新区,葵涌街道,龙岗区土洋西路与海景一路交汇处北侧,114.397294,22.620882,,,50
怡都大厦,罗湖区,南湖街道,罗湖区沿河南路1062号,114.117235,22.53622,,66,
龙泉别墅,龙岗区,南湾街道,龙岗区深惠公路与李朗大道交汇处南侧,114.139061,22.618469,,,70
湖滨花园(宝安),宝安区,新安街道,宝安区湖滨路与龙井二路交汇处西侧,113.908477,22.560609,55,,
日出印象花园B区,龙华区,民治街道,龙华人民路2033号,114.019351,22.636812,52,52,
笔架山派出所住宅楼,福田区,华富街道,福田区梅岗南街10号,114.081441,22.561362,86,,
福永花园,宝安区,福永街道,宝安区德丰路与怀德南路交汇处东南侧,113.812542,22.672287,39,,
裕安花园(新安),宝安区,新安街道,宝安区建安路与创业二路交汇处东侧,113.898346,22.569979,58,,
凯东吉祥悦府,龙岗区,坪地街道,深圳市龙岗区龙岗大道吉祥一路西侧,114.27928,22.761438,,44,
坣岗大厦,宝安区,沙井街道,宝安区沙井街道坣岗村新沙路304号,113.817594,22.732226,,44,
向西大厦,罗湖区,南湖街道,罗湖区南极路1号,114.121872,22.545351,,66,
芳邻大厦,罗湖区,东门街道,罗湖区人民北路3080号,114.115849,22.555994,,112,
深国际万科和风轩,龙华区,民治街道,深圳市龙华区民治街道民治大道与梅观路西北侧,114.043512,22.613403,,76,
长源京基御领公馆,南山区,桃源街道,南山区桃源街道长岭陂路长源村,114.006539,22.599475,,110,
蛟湖路六号大院,罗湖区,东门街道,罗湖区蛟湖路5号,114.112927,22.551715,73,,
领航城领尚华府,宝安区,航城街道,(宝安区西乡)宝安区航城大道,113.852024,22.615166,,73,
纯水岸三期,南山区,沙河街道,南山区侨乡西街与香山中街交汇处西南侧,113.972052,22.546059,,,600
南荔苑,南山区,南山街道,南山区南山街道东滨路88号,113.910551,22.515997,,112,
名居广场（商品住房）,龙岗区,龙城街道,"龙岗大道,近如意路",114.228595,22.701736,,56,
汇泰大厦,罗湖区,南湖街道,罗湖区沿河南路1023号,114.116761,22.5368,,118,
原双桥住宅楼,罗湖区,桂园街道,桂园北路48号,114.107986,22.553704,83,,
中熙香山美林苑(中熙君南山),南山区,南山街道,东滨路317号,113.911939,22.511544,,118,
鸿景春天花园三期,龙岗区,宝龙街道,龙岗区康美思大道与深汕公路交汇处东北侧,114.286118,22.728328,31,28,
鲸山花园九期,南山区,招商街道,(南山区蛇口)松湖二路8号,113.902302,22.481642,,101,180
金阳成大厦,龙岗区,龙岗街道,同富路88号,114.281868,22.738238,,41,
中骏四季阳光二期,龙岗区,宝龙街道,深汕公路与深汕高速交汇处（双龙站B出口转同乐方向）,114.299705,22.723388,,35,
金银园,罗湖区,清水河街道,罗湖区坭岗北村72号,114.09284,22.571506,,70,
财富城（一期）,坪山区,坪山街道,(坪山区坪山)深圳市坪山区正山甲片区兰竹西路与长安二街西南交汇处,114.334791,22.705592,,39,
深物业前海港湾花园,南山区,南山街道,月亮湾大道2007号,113.88648,22.500227,,87,
鹏瑞仙桐雅轩,罗湖区,莲塘街道,罗湖区鹏兴路15号,114.156465,22.568007,57,,
龙岭山庄,龙岗区,布吉街道,龙岗区石龙路与龙岭路交汇处南侧,114.106059,22.607872,52,,
中粮澜山花园,宝安区,西乡街道,宝安区西乡大道与前进二路交汇处东侧,113.882957,22.595219,51,54,90
泰华锦绣城,宝安区,新安街道,宝安区上川一路与广深公路交汇处西北侧,113.88432,22.573562,,62,
新安园,宝安区,新安街道,宝安区川安路与上川一路交汇处东南侧,113.882428,22.568809,47,,
深城投·中心公馆（商品住房）,坪山区,坪山街道,行政二路,114.337134,22.706117,,40,
远洋新天地水岸花园,龙岗区,龙城街道,龙岗区龙城街道盛龙路与碧新路交叉口,114.255419,22.732089,29,43,33
碧海富通城一期,宝安区,西乡街道,宝安西乡大道与兴业路交汇处,113.853887,22.56713,,67,
花语馨花园,龙岗区,吉华街道,龙岗布吉街道地铁5号线下水径站出口800米（长龙路花语岸花园东侧）,114.112126,22.616205,,52,
鹏达花园,龙岗区,龙岗街道,龙岗区鹏达商业街98号,114.262443,22.72022,30,,
青青山庄,南山区,南山街道,南山区青青路2号,113.895718,22.506601,,,121
三十一区商住楼,宝安区,新安街道,宝安区新安街道上川路136号,113.894336,22.580415,42,,
卓越维港名苑北区,南山区,蛇口街道,南山区招商路与工业八路交汇处东侧,113.936454,22.50086,252,203,256
金山花园,南山区,南山街道,南山区内环路以南、向南南路两侧,113.913197,22.50859,78,,
南光花园,南山区,南山街道,南山区桂庙路南,113.920122,22.524634,80,,
深航假日名居,宝安区,新安街道,宝安区新安街道新安六路,113.864613,22.557648,,66,
好来居,南山区,南山街道,南山区海德二道415号,113.91837,22.523991,,144,
东角头住宅,南山区,蛇口街道,南山区蛇口东角头路,113.930181,22.490418,83,,
友谊大厦,罗湖区,南湖街道,罗湖区建设路1098号,114.112197,22.540855,,96,
保利城花园,南山区,粤海街道,南山区南海大道与创业路交汇处东侧,113.923445,22.518874,,99,
科技园58区,南山区,粤海街道,南山区青梧路2号,113.946678,22.552044,100,,
海印长城小区一期,南山区,粤海街道,南山区商业文化中心区,113.926507,22.520548,,104,
后海名苑居南区,南山区,粤海街道,南山区后海路,113.927082,22.511856,100,,
澳城花园南区,南山区,蛇口街道,南山区后海滨路与东港路交汇处西北侧,113.933479,22.490884,,132,
春树里小区,南山区,蛇口街道,南山区蛇口新街26号,113.928878,22.489801,,103,
翠竹园,南山区,招商街道,南山区荔园路25号,113.918505,22.501032,89,,
天浩商住楼,盐田区,海山街道,海涛路138号,114.231172,22.55702,50,,
洪浪二村,宝安区,新安街道,宝安区新圳路与新安二路交汇处西北侧,113.907917,22.568789,52,,
米兰第二季公寓,南山区,蛇口街道,南山区招商路61号,113.923778,22.493342,,109,
汉京峰景苑,南山区,南山街道,南山区内环路,113.915201,22.508627,,119,
渔景大厦,罗湖区,南湖街道,罗湖区船步街15号,114.10953,22.537271,,63,
碧海花园(新安),宝安区,新安街道,宝安区创业一路与安乐三街交汇处北侧,113.891951,22.564882,53,,
月亮湾山庄,南山区,南山街道,南山区荔湾路与兴海路交汇处南侧,113.884065,22.493114,,89,88
中建荔香家园,南山区,南山街道,南山区前海路0169号,113.887818,22.500084,66,,
旧荣村单身楼,南山区,蛇口街道,南山区蛇口渔村路荣村宿舍,113.923954,22.489365,119,,
华景园御庭轩,罗湖区,莲塘街道,罗湖区国威路东8号,114.170682,22.569025,,65,
众冠西郡园,南山区,西丽街道,南山区西丽南路与留仙大道交汇处,113.950424,22.58274,,78,
招商华侨城曦城二期,宝安区,新安街道,宝安区新安街道广深高速宝安出口招商华侨城E4栋401-405,113.902993,22.592764,,,140
锦冠华庭,龙岗区,平湖街道,龙岗区守珍街与凤凰大道交汇处东侧,114.134382,22.702324,,40,
龙翔山庄,宝安区,福永街道,宝安区福海大道与石厦路交汇处西侧,113.815624,22.680878,,,34
新厦苑,宝安区,新安街道,宝安区甲岸路与翻身大道交汇处南侧,113.894557,22.55854,,66,
卓越维港名苑南区,南山区,蛇口街道,南山区后海滨路与工业八路交汇处南侧,113.936895,22.497903,266,223,268
莲城花园,南山区,南头街道,南山区玉泉路33号,113.921746,22.548401,78,,
龙湖山庄,龙华区,福城街道,宝安区龙观路与清湖路交汇处东侧,114.023675,22.682169,,,55
尚都花园,宝安区,新安街道,宝安区新安街道裕安一路3016号,113.881609,22.561754,,79,
壹成中心璞誉府,龙华区,龙华街道,龙华区人民路（地铁4号线龙华站）,114.026916,22.648021,,64,
城市立方花园,龙岗区,龙城街道,龙岗区龙翔大道与黄阁南路交汇处北侧,114.215849,22.699544,,53,
深业新岸线三期,宝安区,新安街道,宝安区新安六路与宝源路交汇处南侧,113.868815,22.560859,,76,
富通好旺角一期,宝安区,新安街道,宝安区新安街道创业一路2108号,113.884277,22.560474,,101,
南油南海大厦,南山区,南山街道,南山区南山大道1110号,113.91824,22.523254,,116,
鹏兴居,龙岗区,龙岗街道,(龙岗区龙岗双龙)植物园路328号,114.260907,22.720702,32,,
日豪名园,罗湖区,桂园街道,罗湖区桂园片区宝安南路2139号,114.104547,22.551755,,80,
纯水岸十五期,南山区,沙河街道,南山区香山中街,113.967429,22.550858,,162,
纯水岸九期,南山区,沙河街道,南山区香山西街与香山中街交汇处西南侧,113.970054,22.552147,,149,
建设大厦(龙华),龙华区,龙华街道,宝安区宝华路与人民北路交汇处东侧,114.016615,22.658413,,44,
乐景花园,龙华区,龙华街道,宝安区东环一路与和平东路交汇处东侧,114.023809,22.65776,52,,
常盛花园,宝安区,新安街道,宝安区创业一路与翻身大道交汇处北侧,113.890807,22.564282,60,,
信义假日名城六期,龙岗区,布吉街道,龙岗区吉华路与荣超路交汇处西北侧,114.117628,22.59922,,66,
三十二区商住楼,宝安区,新安街道,宝安区上川二路与新安路交汇处西南侧,113.897917,22.583532,50,,
海韵嘉园,南山区,蛇口街道,南山区望海路88号,113.920565,22.488881,,111,
丰泽湖山庄,龙华区,民治街道,宝安区梅观高速公路与南坪大道交汇处东侧,114.04952,22.597804,64,64,
国兴苑,南山区,南头街道,南山区学府路138号,113.914769,22.531497,,78,
景山花园二期,宝安区,福海街道,宝安区福永街道塘尾社区大洋路62号,113.817455,22.69636,40,,
旭仕达名苑,宝安区,新安街道,宝安区新安街道新安四路263号,113.887472,22.581692,,54,
清怡花园,光明区,光明街道,宝安区光明街道光耀东路124号,113.94136,22.762078,37,,
海韵花园,宝安区,新安街道,宝安区翻身路与裕安一路交汇处西北侧,113.885306,22.567164,,66,
桑泰丹华园一期,南山区,桃源街道,南山区丽山路与丽水路交汇处东南侧,113.96079,22.593497,,84,
桑泰丹华园四期,南山区,桃源街道,南山区桃园街道大学城片区排除一路桑泰丹华府三期,113.960992,22.591616,,88,
西丽湖渡假村职工住宅,南山区,西丽街道,南山区西丽湖4066号,113.957737,22.597585,71,,
福永政永楼,宝安区,福永街道,芳华二路福永政永楼,113.814727,22.67384,41,,
山海韵,南山区,招商街道,兴海大道和松湖路交界处,113.899878,22.483495,,80,
中环阳光星苑,龙岗区,平湖街道,龙岗区平湖街道,114.109077,22.690218,,50,
香蜜湖度假村家属楼,福田区,香蜜湖街道,福田福田区香梅路,114.034155,22.544075,75,,
鸿翔花园（商品住房）,罗湖区,桂园街道,罗湖区笋岗东路与红岭中路交汇处东南侧,114.101283,22.55656,,97,
嘉洲富苑,福田区,沙头街道,福田区新洲北路,114.040822,22.528994,,101,
动力小区,福田区,南园街道,福田区南园路与松岭路交汇处西南侧,114.088606,22.540639,83,,
流塘阳光花园（商品住房）,宝安区,西乡街道,宝安·前进二路,113.884679,22.584669,,79,
仁山智水花园三期,龙华区,观湖街道,(龙华区观澜)环观南路96号,114.062763,22.695068,,41,
荣超城市春天花园,福田区,福田街道,福田区南福华路30号,114.075995,22.539394,,122,
融富花园一期,龙岗区,坪地街道,龙岗区兴华路51号,114.296892,22.773486,31,,
怡和山庄,龙岗区,横岗街道,龙岗区深怡路与吉榕路交汇处西南侧,114.165999,22.637143,34,,
福民佳园,福田区,福田街道,福田区福民路9号,114.060539,22.525293,,89,
恒裕嘉城花园,龙岗区,宝龙街道,深圳市龙岗区爱南路与同富路交汇处东北角,114.294367,22.728326,,38,
麒麟花园A区,南山区,南头街道,玉泉路3号,113.925899,22.54767,95,99,
八仙岭华庭,龙岗区,龙岗街道,龙岗区龙岗街道,114.2674,22.714674,,42,
万科翡丽郡花园,宝安区,沙井街道,宝安区沙井镇,113.808819,22.736707,,49,
爱地花园二期,龙岗区,龙城街道,龙岗区爱心路53号,114.222647,22.730732,,40,
泰丽苑,罗湖区,黄贝街道,罗湖区黄贝路1002号,114.131712,22.553457,57,,
湖景花园,罗湖区,笋岗街道,罗湖区洪湖三街与洪湖路交汇处东南侧,114.115291,22.561468,74,70,
新安市场,宝安区,西乡街道,宝安区西乡大道与华龙路交汇处西南侧,113.869354,22.58486,47,,
龙威花园,龙岗区,布吉街道,龙岗区京南路与中元路交汇处北侧,114.118168,22.603819,54,61,
新阳丽舍,龙华区,龙华街道,宝安区东环二路与工业东路交汇处东侧,114.046447,22.640372,59,,
东都花园一区,龙岗区,龙城街道,龙岗区龙翔大道与岗贝路交汇处南侧,114.231463,22.710928,37,,
泰和花园,罗湖区,东晓街道,罗湖区东晓路4005号,114.132123,22.585923,64,,
南侨花园,南山区,南头街道,南山区南山大道2068号,113.920425,22.533229,91,,
琼珠花园,龙华区,大浪街道,宝安区华旺路与石龙公路交汇处东侧,113.986664,22.673999,51,,
湖臻大厦,罗湖区,东门街道,罗湖区湖贝路2068号,114.120486,22.547945,,87,
半岛花园B区,南山区,招商街道,南山区临海路,113.927804,22.501343,90,,
同创九著院,龙岗区,龙城街道,龙岗区吉祥路与龙平西路交汇处,114.235419,22.733936,38,48,
千禧大厦,大鹏新区,大鹏街道,龙岗区迎宾北路18号,114.47178,22.596775,,34,
南国丽园,龙华区,龙华街道,宝安区建设东路与东环一路交汇处东侧,114.025194,22.656688,,59,
深新大厦,福田区,梅林街道,福田区梅观路5号,114.066694,22.573055,65,,
田苑新村,罗湖区,翠竹街道,罗湖翠竹,114.119366,22.566826,63,,
诗宁大厦,盐田区,沙头角街道,盐田区海涛路65号,114.229693,22.55385,,51,
银庄大厦,福田区,福田街道,福田区金田路1013号,114.059539,22.524372,,84,
后海理想雅园,南山区,蛇口街道,南山区招商东路,113.930953,22.49648,,144,
海康大厦,福田区,梅林街道,福田区梅林路69号,114.05626,22.57055,,115,
深大电话公寓,福田区,园岭街道,八卦四路8号,114.097658,22.568746,,60,
金景豪苑,宝安区,新安街道,宝安区宝安大道与裕安一路交汇处西北侧,113.88293,22.566225,,56,
湖滨新村,罗湖区,黄贝街道,罗湖区怡景路2020号,114.133052,22.562183,73,,
南粤山庄,南山区,南山街道,南山区内环路,113.911236,22.51054,65,,
半山海景兰溪谷国际公寓,南山区,招商街道,沿山路6号,113.909647,22.491072,,138,
碧湖玫瑰园,龙岗区,龙城街道,龙岗区吉祥中路与清林中路交汇处东北侧,114.23466,22.724042,34,32,
华苑,宝安区,航城街道,利民路,113.837823,22.639715,,64,
长兴楼,龙岗区,布吉街道,龙岗区莲花路与百花街交汇处北侧,114.105473,22.60146,41,,
旭飞华逸园,盐田区,海山街道,盐田区海山路79号,114.230297,22.562728,74,,
楚丰苑,龙岗区,龙岗街道,龙岗区新生路2-48号,114.276561,22.742927,20,,
新城花园(龙岗),龙岗区,龙岗街道,龙岗区深惠公路与丰田路交汇处西南侧,114.275682,22.750003,21,,
商贸综合楼,盐田区,沙头角街道,盐田区恩上路一巷1号,114.224688,22.552845,51,,
盛荟居,龙华区,民治街道,龙华区简上路与民塘路交汇处南侧4号线上塘站D出口,114.011042,22.638606,,75,
赛格住宅区,福田区,华强北街道,(福田区华强南)华强南路3034号,114.08361,22.550016,,92,
翠雅居一期,罗湖区,清水河街道,罗湖区泥岗东路与宝岗路交汇处西北侧,114.104492,22.575335,79,,
香缇湾花园,宝安区,西乡街道,宝安区共乐路与宝源路交汇处东侧,113.854173,22.578534,,81,
金色海琴苑,南山区,蛇口街道,南山区后海大道2号后四,113.932559,22.490281,,95,
宝能城市公馆一二期,福田区,香蜜湖街道,农林路21号,114.007312,22.542896,,135,
四海小区,南山区,招商街道,南山区蛇口四海路西、工业九路以东,113.92024,22.503871,100,,
锦秀新村,罗湖区,黄贝街道,罗湖区罗芳路148号,114.143956,22.552774,64,,
纯水岸十三期,南山区,沙河街道,华侨城香山中街与潮洲街交汇处,113.968485,22.546573,,,260
桦润馨居C区,龙华区,龙华街道,宝安区人民北路与和平东路交汇处东侧,114.021224,22.655445,53,,
金地翠园,福田区,福保街道,福田区石厦北三街5号,114.048947,22.527147,,115,
绿茵华庭,龙华区,龙华街道,宝安区龙观东路与东环二路交汇处东侧,114.020927,22.667558,48,,
广博星海华庭,南山区,蛇口街道,南山区工业七路与后海大道交汇处北侧,113.930984,22.497554,,103,
水湾源华后海综合楼,南山区,招商街道,南山区蛇口近海路,113.927208,22.501587,84,,
盛铭居,龙华区,民治街道,宝安龙华梅观高速与民治大道交汇处西北,114.040573,22.623931,57,,
红岭大厦,福田区,南园街道,福田区红岭南路与金华街交汇处西北侧,114.098975,22.542235,,82,
怡龙枫景园,龙岗区,龙岗街道,龙岗区深惠公路与翠竹街交汇处东南侧,114.269392,22.727653,,42,
旭源瑞景轩,龙岗区,龙岗街道,龙岗区龙岗街道南联植物园路东面南联学校北面（龙新派出所南侧，南联学校北侧）,114.263195,22.714313,,46,
东湖大厦,罗湖区,黄贝街道,罗湖区爱国路3018号,114.134604,22.564138,,61,
龙城国际花园,龙岗区,龙城街道,龙岗区爱心路94号,114.22694,22.726762,,44,
海阔凌海公寓,盐田区,梅沙街道,盐田区环梅路6号,114.306624,22.601542,55,,
万科天誉花园二期,龙岗区,龙城街道,深圳市龙岗区龙城街道龙翔大道与西埔路交汇处,114.240916,22.715387,,54,
首创八意府,龙岗区,龙城街道,深圳市龙岗区中心城龙平西路与爱心路,114.226015,22.733475,,50,
布心工业区,罗湖区,东晓街道,罗湖区东昌路与太白路交汇处东北侧,114.131534,22.581165,70,,
华丽花园,罗湖区,黄贝街道,罗湖区华丽路1041号,114.129036,22.553124,,71,
海境界家园一期,南山区,蛇口街道,南山区后海大道东侧,113.930367,22.494817,,119,
时代星居,福田区,福田街道,福田区福民路与地铁四号线交汇处西南侧,114.061369,22.525638,,83,
园景花园,龙岗区,龙城街道,龙岗区龙翔大道与如意路交汇处北侧,114.223551,22.706381,,30,
潜龙花园,龙华区,民治街道,宝安区民治街道民治大道217号,114.037046,22.615252,61,56,
四达大厦,南山区,南山街道,南山区南油大道以西、粤海路以北,113.920247,22.512956,,92,
嘉南美地,南山区,南头街道,南山区深南大道12031号,113.913741,22.54306,,88,
长丰苑,罗湖区,南湖街道,罗湖区春风路2039号,114.122156,22.543914,,91,
高嘉大厦,罗湖区,南湖街道,罗湖区春风路2002号,114.125323,22.545524,,65,
朗景园,南山区,粤海街道,南山区科技大道与深南大道交汇处,113.945637,22.544084,,109,
金鼎大厦,罗湖区,南湖街道,罗湖区嘉宾路1001号,114.11982,22.544068,,93,
时代骄子大厦,南山区,南头街道,南山区南山大道2032号,113.920371,22.531615,,104,
怡泰大厦,罗湖区,翠竹街道,罗湖区翠竹片区文锦中路2092号,114.1228,22.557012,,72,
新亚洲广场,龙岗区,横岗街道,龙岗区深惠公路与为民路交汇处西北侧,114.19182,22.646042,,38,
公园大地六期,龙岗区,龙城街道,龙岗区中心城29区,114.22765,22.714652,,57,
公园大地七期,龙岗区,龙城街道,龙岗区中心城29区,114.226688,22.713146,,54,
丽晶中心,龙岗区,横岗街道,横岗红棉一路,114.190122,22.649758,,53,
南头花园中南苑,南山区,南头街道,一甲南街1-1号南北药行(中南苑分店,113.912774,22.541214,84,,
顺泽阳光公馆,龙岗区,宝龙街道,深圳市龙岗区宝荷高科西路,114.27049,22.693675,,42,
荟港尊邸二期,龙华区,大浪街道,(龙华区上塘)布龙路与和 平路交汇处,114.005098,22.648449,,73,
豪峰园,福田区,香蜜湖街道,福田区侨香路1048号,114.01749,22.556382,,96,
松茂御龙湾雅苑二期,宝安区,西乡街道,(宝安区碧海)银田路与宝怡路交汇处,113.847961,22.577307,,85,
金华阁,罗湖区,清水河街道,洪涛路4号,114.092731,22.569132,56,,
后海名苑居北区,南山区,粤海街道,后海大道2333号,113.927229,22.514048,106,,
佳兆业未来城,龙岗区,龙城街道,龙岗区大运新城如意路与大运路交汇处西北侧,114.208293,22.70911,,41,
宝丽大厦,罗湖区,桂园街道,罗湖区红宝路与宝安南路交汇处东北侧,114.105317,22.549627,,86,
御景蓝湾公馆,龙岗区,龙城街道,龙岗区龙城街道白灰围一路北面和和谐路东面,114.221918,22.725605,47,52,
汇鑫花园,罗湖区,黄贝街道,罗湖区文华片区北斗路16号,114.1307,22.545925,,86,
雍景湾花园,南山区,招商街道,南山区爱榕路,113.926307,22.49912,,139,
世纪春城一期,龙华区,民治街道,宝安区布龙路与梅龙路交汇处南侧,114.0296,22.630647,57,53,
景林花园,福田区,莲花街道,福田区商报东路131号,114.040162,22.557698,76,,
阳光棕榈园一期,南山区,南山街道,南山区前海路与桂庙路交汇处西北侧,113.908505,22.528436,85,89,
新锦安雅园一期,宝安区,新安街道,宝安区湖滨路与翻身路交汇处西侧,113.900558,22.553331,,65,
西丽山庄,南山区,西丽街道,南山区西丽湖路4018号,113.958751,22.600417,,,200
新秀村南区,罗湖区,黄贝街道,罗湖区新秀路89号,114.139528,22.54827,58,,
龙辉花园,南山区,桃源街道,南山区西丽龙珠生活区平南铁路西北侧,113.955057,22.570018,69,,
水贝供电局大院,罗湖区,翠竹街道,罗湖区翠竹片区翠竹路2018号,114.126113,22.57104,71,,
凉果街2号大院,罗湖区,东门街道,罗湖区人民北路凉果街2号,114.114225,22.557924,72,,
松河瑞园二期（商品住房）,宝安区,松岗街道,(宝安区松岗)宝 安区松岗溪头工业四路西侧,113.82665,22.7731,,47,
万科金色领域花园二期,宝安区,福永街道,宝安区福永街道,113.812145,22.662502,,59,
天健天骄北庐,福田区,莲花街道,景田西路天健·天骄,114.036379,22.553509,,130,
万科金色领域花园三期,宝安区,福永街道,宝安区福永街道,113.812858,22.66169,,57,
上善梧桐苑,盐田区,海山街道,海山路98号,114.231022,22.564263,,61,
天安国际大厦,罗湖区,南湖街道,罗湖区人民南路3002号,114.114265,22.544705,,101,
汇福花园,龙岗区,布吉街道,龙岗区深惠公路与布龙公路交汇处东北侧,114.132742,22.617582,47,47,
龙泉花园,龙华区,龙华街道,宝安区建设东路与人民北路交汇处东侧,114.021791,22.653657,48,,
新丰大厦,罗湖区,翠竹街道,罗湖区翠竹片区爱国路3019号,114.134967,22.566653,,58,
星河世纪大厦,福田区,福田街道,福田区彩田路3069号,114.062308,22.540779,,139,
松山村,南山区,沙河街道,南山区香山东街与汕头街交汇处北侧,113.984863,22.541455,98,,
宏威花园,福田区,莲花街道,福田区宏威路29号,114.053123,22.562899,78,,
花果山大厦,南山区,招商街道,南山区蛇口工业区公园路,113.920363,22.496324,,77,
阳光天健城,龙岗区,龙城街道,龙岗区黄阁南路与如意路交汇处南侧,114.215496,22.704115,,52,
山海美域花园,南山区,南山街道,南山前海路9号,113.881549,22.496991,,92,
红岭中学住宅楼,福田区,园岭街道,福田区红岭中路2027号,114.098721,22.553846,88,,
华轩大厦,福田区,福田街道,福田区金田路2022号,114.059176,22.530312,,85,
深大新村,福田区,福田街道,福田区皇岗中路,114.067124,22.540421,79,,
陶然居,南山区,桃源街道,南山区广深高速公路与北环大道交汇处西南侧,113.97392,22.557354,98,,
聚宝华府,罗湖区,莲塘街道,罗湖区聚宝路103号北侧聚宝华府,114.163832,22.566061,,90,
常丰花园,南山区,南头街道,南山区桃园路119号,113.91719,22.535044,76,,
海上世界双玺花园二期,南山区,招商街道,广东省深圳市南山区蛇口望海路南侧,113.915921,22.483112,,164,
新活力花园,福田区,梅林街道,福田区梅林路128号,114.040864,22.570874,62,,
鼎太风华社区五期,南山区,南山街道,南山区前海路与创业路交汇处,113.90697,22.521455,,99,
新城花园(宝安),宝安区,新安街道,宝安区裕安一路与广深公路交汇处北侧,113.889796,22.568783,60,,
鹏兴花园二期,罗湖区,莲塘街道,罗湖区聚福路与鹏兴路交汇处东北侧,114.159352,22.565198,,68,
雍翠豪园,罗湖区,莲塘街道,罗湖区国威路与畔山路交汇处东北侧,114.172815,22.568374,,67,
港丽豪园一期,福田区,福田街道,福田区海田路2号,114.061497,22.533094,,113,
祥福雅居,罗湖区,笋岗街道,罗湖区笋岗片区宝岗路33号,114.107279,22.568108,,93,
居雅苑,福田区,福保街道,福田区福强路与金桂路交汇处南侧,114.057401,22.518167,,80,
东梅住宅楼,福田区,梅林街道,福田区梅林路与中康路交汇处西南侧,114.053321,22.570039,,78,
彩田居,福田区,莲花街道,福田区宏威路38号,114.054611,22.564277,,89,
彩田医院宿舍,福田区,福田街道,福田区福强路1001号,114.064155,22.530412,72,,
瑞昌大厦,福田区,福田街道,福田区滨河大道6001号,114.06249,22.530902,,95,
现代苑,福田区,华富街道,福田区红荔西路5005号,114.065304,22.550057,,78,
现代之窗大厦,福田区,华强北街道,福田区华强北路1078号,114.082208,22.546529,,112,
泰然泰康轩,福田区,沙头街道,福田区泰然四路118号,114.020424,22.536515,,119,
文星花园,罗湖区,南湖街道,罗湖区新安路与春风路交汇处西南侧,114.123233,22.543762,54,,
帝港海湾豪园,福田区,福保街道,福田区绒花路148号,114.050567,22.511852,,88,
南油福临苑,南山区,南山街道,南山区南山大道2019号,113.918905,22.530246,,107,
南油百富大厦,南山区,南山街道,南山区南海大道2127号,113.920407,22.513524,,108,
电力花园一期,南山区,粤海街道,南山区后海路东、创业路南,113.929626,22.516799,,93,
钻石时代公寓,罗湖区,南湖街道,罗湖区新安路45号,114.123743,22.54479,,120,
向西雍睦豪庭,罗湖区,南湖街道,罗 湖深南路南侧、东门南路东侧,114.118781,22.545618,,106,
桃源居十七区,宝安区,西乡街道,宝安宝安区西乡前进二路与汇江三路交汇处,113.858037,22.623316,,51,
金湖花园B区,罗湖区,清水河街道,罗湖区二线公路与金碧路交汇处西侧,114.089812,22.571965,74,,
金湖花园A区,罗湖区,清水河街道,罗湖区二线公路与金碧路交汇处西侧,114.089035,22.571372,75,69,
笋岗中学住宅楼,罗湖区,清水河街道,泥岗东路笋岗中学住宅楼,114.101223,22.573401,57,,
北效小区,罗湖区,东门街道,蛟湖路与新园路住宅交汇处,114.113971,22.551756,73,,
翠园街五巷,罗湖区,东门街道,翠园五巷1-8号,114.121062,22.55333,69,,
博林君瑞花园,宝安区,新桥街道,宝安沙井南环路与中心路交汇处,113.822735,22.716238,,47,
公园大地四期,龙岗区,龙城街道,龙岗区中心城29区,114.22984,22.713425,,52,57
供电局小区,罗湖区,桂园街道,河边路5号,114.107356,22.545587,67,,
深业中城,福田区,香蜜湖街道,福田区红荔西路与农园路交汇处东南,114.018896,22.543519,,119,
招商领玺家园,南山区,南山街道,深圳前海妈湾兴海大道与临海大道交汇处,113.884554,22.508483,,94,
怡美山庄,龙岗区,横岗街道,龙岗区红棉路与康乐路交汇处西北侧,114.181177,22.650259,43,39,
万科红悦花园,龙岗区,布吉街道,大罗湖新城，锦龙路与惠康路交汇处（地铁5号线百鸽笼站A出口）,114.123759,22.601503,,79,
翡翠园山湖居二期,罗湖区,东湖街道,罗湖区翠荫路488号,114.136897,22.586726,,69,
百仕达花园一期,罗湖区,翠竹街道,罗湖区翠竹片区太宁路28号,114.12942,22.572927,91,92,
兴芙楼,罗湖区,清水河街道,罗湖区清水河环仓路27号,114.105713,22.587186,47,,
香山里花园二期,南山区,沙河街道,南山区北环大道与侨香路交汇处东侧,113.967966,22.556419,,117,
华明楼,福田区,福田街道,福田区福强路海滨广场吉龙三街,114.060825,22.52959,,80,
友邻公寓,南山区,南头街道,南山区桃园路5号,113.924896,22.534381,,131,
博海名苑,南山区,粤海街道,南山区高新南十一道与沙河西路交汇处西南侧,113.948234,22.526705,,151,
华润深圳湾悦府二期,南山区,粤海街道,"(南山区深圳湾)南山后海中心区深圳湾体育中心南侧,科苑南路2888,科苑南路2888号",113.941013,22.519554,,169,
松坪水居,南山区,西丽街道,南山区松坪山朗山路,113.944057,22.559786,71,,
绿景香颂花园,龙华区,民治街道,宝安区龙华镇,114.031177,22.633303,,83,
中山颐景花园一期,南山区,南头街道,南山区南山大道3866号,113.919675,22.552033,,86,
紫竹园,南山区,招商街道,南山区东滨路187-1号,113.920697,22.507101,99,,
招商桃花园一期,南山区,招商街道,南山区工业八路272号,113.914212,22.505676,,98,
立新湖花园,宝安区,福永街道,宝安区石厦路与东华路交汇处南侧,113.822631,22.684635,33,,
天俊公司住宅楼,罗湖区,翠竹街道,罗湖区翠竹片区贝丽南路27号,114.121454,22.564724,68,,
光彩新世纪家园,南山区,南山街道,南山区桂庙路以南、南山大道以东,113.919377,22.526309,,104,
晒鱼坝住宅,盐田区,沙头角街道,盐田区步步路与桥东街交汇处西北侧,114.228028,22.548242,54,,
宏发上域花园,光明区,公明街道,深圳市光明新区公明中心区,113.901705,22.784615,,58,
福保桂花苑,福田区,福保街道,桂花路19号,114.043198,22.511828,,91,
聚宁山庄别墅,南山区,桃源街道,南山区春园路与丽水路交汇处东北侧,113.973965,22.60206,,,211
金石雅苑,宝安区,福永街道,宝安区东华路与广深公路交汇处西侧,113.823407,22.684251,,46,
名家富居,南山区,南头街道,南山区莲城片区正风路16号,113.921574,22.545323,,102,
青春家园,南山区,粤海街道,南山区商业文化中心区,113.923838,22.520221,,99,
雷圳碧榕湾海景花园,南山区,南山街道,南山区太子山沿湖路,113.899551,22.515043,,94,
明福居,福田区,香蜜湖街道,福田区农林路53号西北侧,114.007565,22.544799,,104,
威文大厦,宝安区,新安街道,宝安区上川路56号,113.88162,22.569655,,58,
联合医院住宅楼,南山区,招商街道,南山区工业七路26号,113.917306,22.499073,89,,
英伦名苑三期,南山区,粤海街道,南山区沙河西路2023号,113.950769,22.550203,,100,
传麒尚林二期,龙岗区,龙岗街道,(龙岗区龙岗双龙)丰田路73号,114.269914,22.747402,,43,
水晶之城四期,龙岗区,园山街道,龙岗区长江埔路与荷坳路交汇处南侧,114.221438,22.672562,42,35,
TATA公寓,宝安区,新安街道,宝安区23区新安三路(海关大厦旁),113.908028,22.576326,,73,
润科华府一二期,宝安区,航城街道,西乡街道洲石路与鹤州四路交汇处西北侧,113.857647,22.628702,,54,
景阳西,罗湖区,东门街道,景阳西5号,114.121467,22.555716,63,,
海上世界双玺花园三期,南山区,招商街道,望海路双玺时光道,113.915074,22.485639,,185,
深华园,南山区,南山街道,南山区新园路33号,113.913683,22.520389,96,,
润城花园,南山区,桃源街道,南山区龙珠大道与龙井路交汇处东侧,113.953101,22.572594,,78,
滨海之窗花园,南山区,粤海街道,南山区环东路西环北路北,113.93096,22.523346,,112,
纯水岸十二期,南山区,沙河街道,华侨城香山中街与潮洲街交汇处,113.96861,22.547717,,,298
宝能城花园,南山区,桃源街道,(南山区大学城)留仙大道以北， 学苑路以南,113.993213,22.59352,,110,
嘉隆星苑,福田区,香蜜湖街道,福田区香梅北路2003号,114.026242,22.558509,,99,
福莲花园,福田区,华富街道,福田区红荔西路莲花三村,114.063939,22.549278,86,86,
轻工大厦,罗湖区,黄贝街道,罗湖区爱国路1002号,114.126781,22.553317,52,,
曦龙山庄,罗湖区,黄贝街道,罗湖区延芳路588号,114.150327,22.552574,,53,
宝新花园,宝安区,新安街道,宝安区新安街道宝新路362号,113.888858,22.561659,64,,
宝佳苑,宝安区,新安街道,宝安区新安街道广深路新安段461号,113.885266,22.573096,71,,
金竹园大厦,南山区,招商街道,蛇口工业区工业九路,113.92372,22.504662,74,81,
东方颐园,罗湖区,东门街道,罗湖区中兴路与翠园路交汇处东北侧,114.121566,22.552337,,108,
玺园,龙华区,福城街道,深圳市龙华区机荷高速与龙澜大道交汇处,114.024579,22.683289,58,,
金湖花园C区,罗湖区,清水河街道,罗湖区二线公路与金碧路交汇处西侧,114.086663,22.572628,61,,
海珠城,南山区,粤海街道,南山区创业路8号,113.92581,22.518289,,89,
新洲花园,福田区,沙头街道,福田区滨河大道9001号新洲花园4栋旁,114.043311,22.529159,80,75,
豪方现代豪园,南山区,粤海街道,南山区高新中二道33号,113.930206,22.548423,,94,
非凡空间阁,龙岗区,龙城街道,龙岗区中心城,114.246394,22.733243,,52,
紫薇苑一期,龙岗区,龙城街道,龙岗区龙翔大道与公园路交汇处北侧,114.236563,22.718056,41,,
倚龙华庭,龙岗区,布吉街道,深圳市布吉大芬沃尔玛对面（大芬地铁站C出口）,114.131913,22.616182,,66,
湾上六座花园,宝安区,西乡街道,宝安区共乐路与兴业路交汇处东南侧,113.850485,22.573195,,82,
安泰花园,宝安区,西乡街道,宝安58区宝源路,113.867905,22.571484,70,,
益田名园,福田区,福保街道,福田区福强路3008号,114.045907,22.520326,,89,
福滨南村,福田区,南园街道,滨河大道3191号,114.076864,22.531054,83,,
东和附楼,盐田区,海山街道,盐田区沙头角海涛路,114.230709,22.553765,,61,
深圳湾畔花园,南山区,沙河街道,南山区深南大道与沙河东路交汇处东侧,113.962153,22.543441,,103,
东方园博苑,福田区,香蜜湖街道,福田区侨城东路职教街1号,113.995931,22.539901,,141,
电信宿舍,罗湖区,莲塘街道,深圳市罗湖区国威路6,114.170188,22.56719,52,,
莲花北,福田区,莲花街道,福田区莲花路1116号,114.045676,22.561934,81,,
南和花园,龙岗区,南湾街道,龙岗区布沙路100号,114.14696,22.612139,31,,
桂芳园一期,龙岗区,南湾街道,龙岗区李朗大道与深惠公路交汇处南侧,114.138228,22.619219,58,,
科技园住宅小区,南山区,粤海街道,青梧路1号,113.945425,22.549089,98,105,
招东小区,南山区,蛇口街道,南山区爱榕路与招商路交汇处北侧,113.924945,22.495101,71,77,
海伴雅居,南山区,蛇口街道,南山区公园路与望海路交汇处西北侧,113.91529,22.489378,,98,
世纪春城8号地块,龙华区,民治街道,宝安区民宝路与梅龙路交汇处东北侧,114.027849,22.627011,,81,
信义御城豪园（商品住房）,龙岗区,横岗街道,深圳市地铁3号线横岗地铁站B出口,114.207474,22.652971,,60,
文锦花园,罗湖区,黄贝街道,罗湖区文锦路与春风路交汇处东北侧,114.127507,22.546107,72,,
鸿瑞花园一期,南山区,南山街道,南山区南光路西、桂庙路南,113.922067,22.525504,,94,
东部华侨城天麓五区,盐田区,梅沙街道,(盐田区梅沙)盐三路东部华侨城天麓,114.307089,22.609978,,,151
华侨城曦城,宝安区,西乡街道,(宝安区曦城)尖岗山大道1号,113.897633,22.599141,,,167
公园大地八期,龙岗区,龙城街道,龙岗区中心城29区,114.226361,22.711834,,50,
恒地悦山湖花园,龙岗区,横岗街道,康乐路88号,114.181384,22.653772,,50,
郁金香家园,南山区,桃源街道,南山区龙珠六路032号,113.976634,22.564443,,88,
海文花园,南山区,粤海街道,南山区学海路2001号,113.926787,22.526752,111,102,
合正荣悦府一期,罗湖区,翠竹街道,文锦中路东北侧,114.124597,22.55516,,112,
雅仕荔景苑,南山区,粤海街道,南山区南油大道东、登良路北,113.921969,22.513854,,121,
鹏大厦,罗湖区,翠竹街道,罗湖区水贝片区文锦北路142号西,114.118484,22.568934,,134,
兰江山第花园一期,福田区,梅林街道,(福田区梅林)福龙路兰江山第花园,114.008706,22.567448,153,128,
城投福滨苑,福田区,福田街道,福田区福田路与河滨大道交汇处东北侧,114.072826,22.534446,,97,
雅丽阁,南山区,西丽街道,南山区西丽路54号,113.948471,22.577749,53,,
蛇口春天广场,南山区,蛇口街道,南山区蛇口水湾路,113.916113,22.49064,,101,
润福园,福田区,沙头街道,福田区新洲五街41号,114.034919,22.528257,,85,
玉福楼,福田区,南园街道,福田区东园路与上步南路交汇处东北侧,114.092221,22.540368,82,,
聚宝综合楼,罗湖区,莲塘街道,罗湖区聚宝路46号,114.164828,22.564866,56,,
翠拥华庭二期,罗湖区,翠竹街道,罗湖区翠竹片区翠竹路1076号,114.125495,22.565186,,94,
花好园,福田区,沙头街道,福田区滨河路旁下沙村花好园,114.020138,22.531012,,125,
皇福苑,福田区,福田街道,福田区滨河大道3215号,114.075307,22.530987,,95,
海岸明珠园,南山区,粤海街道,南山区商业文化中心区,113.926937,22.518908,,115,
恒星园,福田区,香蜜湖街道,福田区侨香路1058号,114.016691,22.556264,,106,
海月花园一期,南山区,招商街道,南山区海月路43号东侧,113.928999,22.505568,106,100,
海月华庭,南山区,招商街道,南山区招商街道海月片区海月路28号,113.931183,22.501285,,118,
港信达银信广场（商品住房）,龙岗区,横岗街道,(龙岗区横岗)松柏路1号,114.203725,22.648516,,57,
梅兴苑,福田区,梅林街道,福田区梅华路126号,114.045063,22.568994,75,,
金竹园小区,南山区,招商街道,南山区工业九路27号东侧,113.922236,22.503749,91,,
弘诚阁,龙华区,龙华街道,宝安区宝华路与中环路交汇处南侧,114.013964,22.655959,47,,
同创新作居,龙岗区,平湖街道,平湖富安大道与平安大道,114.130093,22.686733,,49,
汇港名苑,福田区,南园街道,福田区滨河大道3099号,114.078547,22.532894,,97,
美思苑大厦,罗湖区,翠竹街道,罗湖区太宁路213号,114.127674,22.569101,,77,
宝雅花园,宝安区,新安街道,宝安区洪浪北路与大宝路交汇处南侧,113.911928,22.576104,61,60,
心悦园,罗湖区,东湖街道,罗湖区太白路2018号,114.135346,22.579013,62,,
跃华园,南山区,南山街道,南山区南山大道2008号,113.91954,22.528865,,78,
梅林二村,福田区,梅林街道,福田区梅华路与梅中路交汇处西北侧,114.039907,22.567275,77,,
合正锦湖逸园,罗湖区,笋岗街道,罗湖区文锦北路与田贝一路交汇处西侧,114.118621,22.560378,,96,
深业岭秀名苑,福田区,莲花街道,福田区宏威路33号,114.052625,22.563642,,104,
仙湖枫景家园,罗湖区,莲塘街道,罗湖区聚宝路173号,114.164699,22.568677,,76,
仙泉山庄,罗湖区,莲塘街道,罗湖区鹏兴路9号,114.156518,22.565321,,,108
东海龙腾公寓,盐田区,盐田街道,盐田区东海龙腾公寓,114.254615,22.591871,42,,
安居苑(莲花),福田区,莲花街道,福田区宏威路2号,114.054688,22.563026,,72,
水畔紫云阁,福田区,南园街道,福田区滨河大道南侧,114.077291,22.530539,,98,
兰亭国际公寓,罗湖区,莲塘街道,罗湖区罗沙公路与延芳路交汇处东南侧,114.152175,22.55583,,67,
华丽西村,罗湖区,黄贝街道,罗湖区华丽路与黄贝路交汇处西南侧,114.129441,22.554362,65,,
深南花园,南山区,粤海街道,南山区科兴路11号,113.939768,22.543921,,79,
东门天地大厦,罗湖区,东门街道,罗湖区东门中路2123号,114.117256,22.552359,,92,
梅安居,福田区,梅林街道,福田区中康路与梅林路交汇处西南侧,114.052886,22.569037,94,,
安全局大院(西区),罗湖区,翠竹街道,罗湖区太安路88号,114.130309,22.575404,65,,
富铭花园,宝安区,新安街道,宝安区新安一路与翻身路交汇处西北侧,113.895641,22.556855,61,,
富源花园,宝安区,新安街道,宝安区翻身路与兴华路交汇处北侧,113.891507,22.561088,56,61,
富源滨海春城,宝安区,新安街道,宝安区上川一路与翻身大道交汇处西北侧,113.882805,22.572232,,58,
宝海花园,宝安区,新安街道,宝安区新安街道甲岸路新安段127号,113.897931,22.560682,57,,
海王大厦,南山区,南山街道,南山区南油大道路与创业路交汇处,113.921539,22.518842,,76,
海湾花园,南山区,蛇口街道,蛇口海昌路,113.917105,22.489109,70,,100
岭尚时代园,福田区,园岭街道,福田区八卦四路66号,114.092594,22.566616,,102,
金祥佳园,罗湖区,清水河街道,罗湖区红岗路1168号,114.105433,22.588961,,64,
八达商城,罗湖区,东门街道,罗湖区解放路永新街51号,114.11233,22.547374,91,,
太白居,罗湖区,东湖街道,罗湖区东晓路3038号,114.133707,22.583179,70,69,
观澜湖比佩亚大宅,龙华区,观澜街道,宝安区桂花路与观光路交汇处北侧,114.057498,22.748979,65,,76
阳光海滨花园,南山区,蛇口街道,南山区后海滨路1168号,113.935433,22.493286,,153,
鲜花公司综合楼,罗湖区,清水河街道,罗湖区上步北路2006号,114.086208,22.569302,65,,
四季丽晶公寓,南山区,南头街道,南山区南新路与金鸡路交汇处东南侧,113.915048,22.537259,,130,
南油生活B区,南山区,粤海街道,南山区兴南路以东,113.92476,22.513077,94,,
新兴村,罗湖区,黄贝街道,罗湖区罗芳路88号,114.142592,22.548697,63,,
海洋大厦（商品住房）,罗湖区,翠竹街道,罗湖区翠竹片区东门北路1050号,114.124511,22.558185,,93,
汇龙花园,福田区,梅林街道,福田区凯丰路30号,114.05841,22.576913,87,,
华瑞大厦,罗湖区,桂园街道,罗湖区宝安南路1001号,114.104327,22.539227,,86,
南海台大厦,南山区,南头街道,南山区南新路2068号,113.914511,22.534319,,92,
鹏海苑,大鹏新区,大鹏街道,龙岗区坪西公路与青年路交汇处东南侧,114.470639,22.592167,36,,
星河国际花园,福田区,福田街道,福田区福华三路269号,114.049026,22.534302,,123,
深云村,南山区,沙河街道,安托山西北侧,113.987602,22.557441,,89,
海晖大厦,南山区,粤海街道,南山区南海大道2122号,113.92076,22.510912,,85,
海昌大厦,南山区,蛇口街道,海昌街,113.917477,22.489965,98,,
欣荣苑,宝安区,新安街道,宝安区上川一路与自由路交汇处南侧,113.883947,22.571958,,54,
红岗大厦,罗湖区,清水河街道,罗湖区红岗路1003红岗西村小区,114.098451,22.571847,,56,
科大雅苑,南山区,桃源街道,学苑路与麦地巷路交汇处,113.995893,22.595116,,115,
布心公寓,罗湖区,东晓街道,罗湖区太白路与东晓路交汇处西北侧,114.132169,22.580231,71,,
星航华府三期,宝安区,福永街道,深圳市航空新城宝安107国道兴围路口,113.827136,22.646257,,50,
果园西,罗湖区,桂园街道,罗湖区桂园片区桂园路48号,114.107648,22.551649,71,,
棕榈泉别墅二期,罗湖区,清水河街道,罗湖区银湖路金湖一街37号,114.077518,22.577034,68,,196
景福花园二期,罗湖区,莲塘街道,罗湖区畔山路与国威路交汇处西南侧,114.170418,22.566461,53,,
公园大地三期,龙岗区,龙城街道,龙岗区中心城29区,114.228761,22.715342,,51,
御峰园,龙岗区,平湖街道,龙岗区凤凰大道与高原路交汇处东侧,114.142911,22.696863,42,46,51
嘉宝田花园一期,罗湖区,笋岗街道,罗湖区笋岗片区笋岗东路2008号,114.106342,22.560247,,87,
龙园龙凤雅居,龙岗区,布吉街道,罗湖区红岗路1299号,114.1055,22.591679,,69,
康宁医院职工宿舍,罗湖区,翠竹街道,罗湖区翠竹片区翠竹路1080号,114.125874,22.56756,66,,
香格名苑,南山区,南山街道,南山区棉山路,113.879937,22.494283,,89,
煜丰泽花园广场,龙华区,龙华街道,宝安区龙华街道龙观路415号,114.016002,22.664244,41,,
城市中心花园,龙岗区,横岗街道,龙岗区红棉一路与新贤街交汇处西侧,114.188926,22.649923,37,38,
金祥都市花园,罗湖区,清水河街道,罗湖区红岗路1168号,114.104863,22.58856,55,,
广物花园,南山区,蛇口街道,南山区工业七路与后海大道交汇处西北侧,113.929741,22.497383,82,,
御景东方花园,南山区,沙河街道,南山区白石洲白石路168号,113.964646,22.534109,125,131,
阳光海景豪苑,南山区,粤海街道,南山区高新中四道29号,113.929089,22.545405,,98,
中粮鸿云花园,宝安区,西乡街道,宝安区新城大道与西乡大道交汇处东侧,113.862833,22.582581,,63,
常兴广场,南山区,南头街道,南山区常兴路86号,113.91704,22.53614,,87,
慢性病防治医院住宅楼,罗湖区,翠竹街道,罗湖区翠竹片区布心路2021号,114.130175,22.575926,66,,
新中苑,福田区,沙头街道,福田区新洲九街319号,114.037611,22.527001,75,,
新世界上梅林家园,福田区,梅林街道,福田区梅华路98号,114.048099,22.567958,,83,
进出口公司宿舍,盐田区,海山街道,盐田区东和路37号,114.230898,22.554174,44,,
远洋新干线,龙岗区,龙岗街道,地铁3号线南联站A2出口,114.258738,22.721961,,43,
东深小区,罗湖区,黄贝街道,罗湖区沿河北路2022号,114.13924,22.567202,66,68,
壹方商业中心一期,宝安区,新安街道,前海中心区地铁1、5号线交汇处（区政府旁），新湖路与创业一路交汇处,113.881739,22.555049,,125,
市木材公司住宅楼,罗湖区,桂园街道,罗湖区桂园路10号,114.108697,22.551908,69,,
联投东方华府一期（商品住房）,宝安区,松岗街道,东方大道36号,113.85376,22.763568,,53,
美荔园,罗湖区,桂园街道,罗湖区红岭中路1018号,114.099983,22.549245,,86,
河南外贸大院,罗湖区,桂园街道,罗湖区桂园片区宝安南路1048号,114.106913,22.543145,61,,
理想家园,龙岗区,布吉街道,龙岗区罗岗路与岭北路交汇处西侧,114.121733,22.593007,,59,
世纪春城7号地块,龙华区,民治街道,宝安区民治街道民田路142号,114.03012,22.627844,,89,
奥林华府一期,龙岗区,龙城街道,龙岗区如意路396号,114.214737,22.706593,,44,
世纪春城6号地块,龙华区,民治街道,宝安区民治街道民田路142号,114.030549,22.629109,,71,
报社大院,福田区,华强北街道,福田区深南中路1014号,114.095794,22.544361,107,,
百丽湾花园,南山区,蛇口街道,南山区海月片区科苑南路与工业8路交汇处西南,113.936697,22.5024,,141,
海逸苑,南山区,粤海街道,南山区后海大道西侧东滨路北,113.926885,22.509089,76,,
海虹苑,南山区,蛇口街道,南山区蛇口海滨东路144号,113.920423,22.489642,74,,
新银座华庭,罗湖区,南湖街道,罗湖区春凤路3045号,114.114996,22.538231,,101,
新城市花园一期,龙华区,龙华街道,宝安区观澜大道与东环一路交汇处东北侧,114.016927,22.66703,48,,
半山语林公寓,南山区,桃源街道,南山区西丽珠光村,113.954742,22.575382,,108,
华滨大厦,宝安区,新安街道,宝安区翻身大道与上川一路交汇处东侧,113.882919,22.571092,54,,
桑达大厦,福田区,华强北街道,华发北路与振华路交汇处,114.084479,22.547542,,98,
深圳湾锦缎之滨,南山区,粤海街道,南山区高新南十一道与沙河西路交汇处西侧,113.948448,22.528823,,113,
蔚蓝海岸社区首期,南山区,粤海街道,南山区后海路东,113.929536,22.510021,,114,
振业城六七期,龙岗区,横岗街道,横岗镇六约村,114.175878,22.647318,38,42,
招商华侨城曦城六期,宝安区,西乡街道,宝安区西乡街道广深高速公路东侧,113.892068,22.603202,,,115
展远御珑苑,龙华区,民治街道,宝安区布龙路与华荣路交汇处南侧,114.016512,22.632658,,84,118
莱蒙水榭春天花园一期,龙华区,民治街道,人民南路和布龙路交汇处东南,114.018862,22.632143,,76,
华业玫瑰四季馨园二期,龙华区,民治街道,人民路,114.015431,22.62733,,91,
京基御景珑庭,宝安区,沙井街道,沙井西环路与新沙路交汇处附近,113.791902,22.735234,,45,
柏宁花园,南山区,粤海街道,科苑路与滨海大道交汇处,113.941864,22.522985,,246,
国香山翡翠华庭,龙岗区,南湾街道,龙岗区南湾街道,114.159437,22.616599,48,51,
海关宿舍一院,罗湖区,南湖街道,和平路1089号,114.11041,22.535851,69,,
泥岗西村,罗湖区,清水河街道,罗湖区泥岗村西街与金碧路交汇处东侧,114.09283,22.56974,80,,
汇景花园,南山区,粤海街道,南山区深南西路北侧,113.938362,22.543913,,90,
彩虹新都,福田区,福田街道,福田区彩田路3002号,114.063481,22.538462,,72,
聚宁山庄,南山区,桃源街道,西丽高尔夫球场内,113.978643,22.598165,84,,
泰然广场,福田区,沙头街道,福田区滨河大道南侧泰然广场703栋,114.0188,22.530852,86,,
南油生活A区,南山区,粤海街道,南山区建南路33号,113.922155,22.510407,80,80,
康乐花园五区,龙岗区,横岗街道,(龙岗区横岗)乐园路66号,114.188023,22.650893,42,,
梅林华天公寓,福田区,梅林街道,福田区林园东路32号,114.068395,22.571634,74,,
翠华花园,罗湖区,翠竹街道,罗湖区翠竹片区华丽路2046号,114.127313,22.558263,73,,
时代景苑三期,宝安区,福永街道,宝安区广深公路与永丰二路交汇处东北侧,113.82467,22.68295,,46,
恒安花园,宝安区,新安街道,宝安区新安街道洪浪南路3号,113.910483,22.572201,,73,
新时速嘉园,罗湖区,笋岗街道,罗湖区笋岗片区北站路13号,114.111143,22.562699,67,79,
可园六期,龙岗区,布吉街道,龙岗区京南路与育苗路交汇处东南侧,114.129766,22.600835,,61,
兰江山第花园二期,福田区,梅林街道,(福田区梅林)红岭北路3002号,114.008497,22.568407,,116,
慢城三期,龙岗区,布吉街道,深圳市龙岗区景芬路5号,114.122911,22.627575,48,53,
万科金域东郡,坪山区,坪山街道,龙岗区六甲片路与金丰大道交汇处东北侧,114.338134,22.708641,,39,
新风花园,罗湖区,东门街道,罗湖区立新路1号,114.115597,22.549456,81,,
南头新苑,南山区,南头街道,南山区水产公司1号,113.910942,22.533203,76,,
东和大厦,盐田区,海山街道,盐田区东和路39号,114.230344,22.553877,,52,
天鹅堡三期,南山区,沙河街道,南山区香山中路与侨城西街交汇处东北侧,113.976139,22.549283,,197,
佳华名苑,宝安区,新安街道,宝安中心区N1区,113.872804,22.566828,,98,
环卫大院,罗湖区,翠竹街道,罗湖区翠竹片区翠竹路1112号,114.125977,22.568243,68,,
三湘海尚花园一期,南山区,蛇口街道,南山区深圳湾口岸边防检查站,113.937574,22.506366,,162,
第五园一期,龙岗区,坂田街道,龙岗区五和南路与雅园路交汇处东侧,114.064544,22.617854,59,,87
大益广场,宝安区,西乡街道,宝安区共和工业路与西乡大道交汇处西侧,113.864196,22.582929,,59,
水榭花都二期,福田区,香蜜湖街道,福田区香梅路1063号,114.032893,22.551016,,193,
御海新苑二期,南山区,南头街道,南山区前海路3003号,113.909059,22.533161,93,,
育德佳园二期,南山区,粤海街道,南山区后海路东、登良路北。,113.928268,22.513514,,102,
东江豪苑,宝安区,新安街道,宝安区新安二路与宝民路交汇处东南侧,113.903806,22.558863,,55,
汉士达华庭一期,龙华区,观澜街道,宝安区观澜镇,114.066112,22.745964,,,77
中铁诺德公馆一期,龙岗区,坂田街道,深圳市龙岗区坂雪岗大道与永香路交汇处,114.070999,22.623378,,65,
德兴城,龙岗区,布吉街道,龙岗区吉华路与中兴路交汇处北侧,114.109493,22.611472,47,,
鼎太风华社区三期,南山区,南山街道,南山区前海路与创业路交汇处,113.905432,22.521139,,90,
鸿园居,罗湖区,翠竹街道,罗湖区翠竹片区布心路2037号,114.129167,22.57681,,86,
旺海怡苑,南山区,南头街道,南山区南头街100号,113.91292,22.539676,,91,
洪福雅苑,宝安区,新安街道,宝安区翻身路与创业一路交汇处南侧,113.888528,22.563611,,68,
蓝湾半岛社区,福田区,沙头街道,福田区福荣路20号,114.035111,22.518966,,96,
荔园阁一期,福田区,梅林街道,福田区梅林路新世界荔园阁一期,114.04618,22.569665,81,,
弘雅花园二期,宝安区,新安街道,宝安区宝民一路与上川路交汇处东侧,113.888774,22.574593,55,,
竹园小区,福田区,香蜜湖街道,福田区农林路与红荔西路交汇处西侧,114.011421,22.541949,89,,
华丽园,罗湖区,翠竹街道,罗湖区贝一路与翠竹路交汇处西北侧,114.123998,22.562699,73,75,
化工大院,罗湖区,翠竹街道,罗湖区翠竹片区田贝四路2号,114.12396,22.571426,69,,
食品公司住宅楼(北区),罗湖区,黄贝街道,罗湖区凤凰街58号,114.127904,22.552533,71,,
宝丽苑,龙岗区,布吉街道,龙岗区宝丽路96-8号,114.10738,22.598164,,45,
宝丽花园,龙岗区,布吉街道,龙岗区宝利路与西环路交汇处东南侧,114.104005,22.596728,37,,
湖景居,宝安区,新安街道,宝安区前进一路与新安二路交汇处西侧,113.905905,22.564473,,62,
万科四季花城六期,龙岗区,坂田街道,龙岗区五和南路与南坑路交汇处西北侧,114.052011,22.624047,56,57,59
万科四季花城七期,龙岗区,坂田街道,龙岗区五和南路与雅园路交汇处西北侧,114.05214,22.621392,53,56,58
国都花园(龙岗),龙岗区,布吉街道,龙岗区金利路与金鹏路交汇处东南侧,114.113077,22.608207,,41,
圣莫丽斯花园,龙华区,民治街道,宝安区玉龙路与南坪大道交汇处西北侧,114.023765,22.601013,79,84,140
日辉台花园,龙岗区,坂田街道,龙岗区坂雪岗大道与贝尔路交汇处东南侧,114.062834,22.643319,58,53,
阅山华府三期,龙岗区,龙城街道,龙岗区龙平西路与长兴北路交汇处北侧,114.242145,22.737275,,49,
万科四季花城五期,龙岗区,坂田街道,龙岗区平南铁路与布龙公路交汇处西南侧,114.049173,22.626511,59,63,
莲花山庄五村,龙岗区,布吉街道,龙岗区莲花路莲花山庄五村40号,114.106338,22.602576,,,52
怡苑阁,南山区,南山街道,常兴路2号,113.916952,22.528618,,69,
同创华著,龙华区,民治街道,龙华新区人民路与民塘路交汇处,114.019069,22.634239,,79,
大族云峰花园,龙岗区,坂田街道,永香路与坂雪岗大道交汇处坂田站A出口南800米,114.064489,22.623519,,59,
康达尔花园二期,龙岗区,布吉街道,龙岗区李朗大道与深惠公路交汇处西侧,114.132822,22.619569,,52,
皇城广场,福田区,福田街道,福田滨河大道与福田南路交汇处,114.070595,22.527748,,98,
松茂柏景湾公馆,宝安区,西乡街道,深圳·前海·宝源路·西湾红树林公园旁,113.835606,22.59049,,69,
鹏广达·四季公馆,盐田区,盐田街道,明珠大道鹏广达四季名门,114.245871,22.591898,,67,
东埔海景花园三期,盐田区,海山街道,步行街1号,114.23263,22.550312,,68,
玖悦雅轩,宝安区,新安街道,新安街道前进一路,113.899372,22.572734,,82,
泰富华庭,坪山区,坪山街道,龙岗区建设路47号,114.341381,22.692173,,29,
东部翠海轩,盐田区,海山街道,盐田区云汉路1号,114.23786,22.565474,,65,
金地塞拉维花园,龙华区,观湖街道,宝安区观澜镇,114.053648,22.697086,54,51,57
万科东海岸四期,盐田区,梅沙街道,盐田区盐坝高速公路与内环路交汇处西北侧,114.297478,22.606552,,54,65
润恒尚园,宝安区,西乡街道,深圳市宝安区新湖路与碧海湾高尔夫交汇处,113.851467,22.587202,,66,
蓝钻风景花园,龙岗区,宝龙街道,龙岗区翠龙路与金龙一路交汇处东侧,114.311163,22.700304,,34,
联美新天地华府,龙岗区,布吉街道,龙岗大道,114.127454,22.609707,,65,
深福保经济适用房,福田区,福保街道,福田区桂花路与海红道交汇处西南侧,114.046674,22.511513,,102,
翠景居,宝安区,西乡街道,宝安区宝田一路与宝民一路交汇处南侧,113.871568,22.592349,59,56,
红桂一街8号大院,罗湖区,桂园街道,罗湖区红桂路与红桂一街交汇处南侧,114.100893,22.551419,64,,
中粮云景花园南区,光明区,马田街道,松白路与金安路交汇处(近公明汽车站),113.882848,22.778618,,48,
红树西岸花园,南山区,沙河街道,南山区深湾一路3号,113.96094,22.525267,,165,
中海阳光玫瑰园,南山区,南山街道,南山区前海路与港湾大道交汇处东侧,113.891313,22.505676,,97,
海珑华苑,罗湖区,黄贝街道,罗湖区凤凰路193号,114.127441,22.549512,,78,
好年华大厦,罗湖区,东门街道,罗湖区立新路68号,114.114223,22.550858,,101,
银翠苑,罗湖区,清水河街道,罗湖区银湖路金湖一街49号,114.077331,22.579618,,68,
东湖丽苑,罗湖区,翠竹街道,罗湖区翠竹片区爱国路3001号,114.132089,22.563294,72,,
贝丽南商住楼,罗湖区,翠竹街道,罗湖区翠竹片区贝丽南路40号,114.122389,22.564757,66,,
泊林花园,罗湖区,翠竹街道,罗湖区文锦北路与布心路交汇处东南侧,114.120425,22.574434,,109,
廊桥花园,福田区,福田街道,皇岗路与百合路交界东南,114.068079,22.525928,,115,
东部华侨城天麓六区,盐田区,盐田街道,盐田区盐田山片区东部华侨城天麓六区,114.276802,22.629239,,,120
倚山时代雅居,盐田区,盐田街道,盐田东海片区南园路,114.259064,22.59295,,91,
千林山居一期,龙岗区,龙岗街道,龙岗区朱古石路与连心路交汇处北侧,114.225016,22.752912,36,37,50
南威中心,龙岗区,南湾街道,龙岗区步沙路与南新路交汇处西南侧,114.139028,22.607742,32,,
红岭集团大院,罗湖区,桂园街道,罗湖罗湖区宝安南路与红桂路,114.103091,22.552174,72,80,
碧桐湾,盐田区,沙头角街道,盐田区沙深路106号,114.223622,22.553168,,69,
碧桐海苑,盐田区,海山街道,盐田区梧桐路1051号,114.232136,22.56245,,63,
凤凰雅居,宝安区,西乡街道,宝安区前进二路与宝田一路交汇处西北侧,113.87123,22.59765,,73,
蓝色海月居,盐田区,海山街道,盐田区梧桐路1018号,114.235867,22.564172,,54,
星海名城六期,南山区,南头街道,南山区前海路3101号,113.907095,22.541848,,100,
美景花园,光明区,光明街道,宝安区晨光西路与塘明公路交汇处东北侧,113.937739,22.758721,37,,
鸿隆世纪广场,罗湖区,桂园街道,罗湖区桂园片区和平路3001号,114.109273,22.546051,,82,
旭景佳园三期,龙岗区,坂田街道,龙岗区坂田南路与虎山路交汇处东南侧,114.067251,22.625147,54,63,
新华住宅楼,福田区,园岭街道,福田区笋岗路1009号,114.097981,22.557694,83,,
糖烟酒大院,罗湖区,东门街道,罗湖区晒布路73号,114.115666,22.552628,77,,
柏丽花园,罗湖区,翠竹街道,罗湖区翠竹片区贝丽南路29号,114.121622,22.565344,,82,
御湖峰家园,罗湖区,黄贝街道,(罗湖区黄贝岭)爱国路与沿河路交汇处,114.136532,22.565438,,72,
荔馨村,南山区,南头街道,南山区学府路28号,113.918677,22.531569,110,,
荟芳园,南山区,南头街道,南山区学府路8号,113.923814,22.530624,,75,
尚景欣园一期,龙岗区,龙城街道,龙岗区龙城中路77号,114.246382,22.731647,,36,
翠馨居,福田区,园岭街道,福田区八卦岭工业区,114.097772,22.566774,,98,
莲通花园,罗湖区,莲塘街道,罗湖区畔山路与国威路交汇处西南侧,114.170089,22.565817,54,,
蛇口兴龙大厦,南山区,招商街道,南山区太子路86号,113.914913,22.491224,58,,
大信花园一期,龙华区,龙华街道,宝安区和平路与中环路交汇处西南侧,114.016175,22.652075,54,,
泊岸雅苑,盐田区,梅沙街道,盐田区金沙街20号,114.305573,22.603723,,50,
香蜜湖第一生态苑,福田区,香蜜湖街道,福田区香梅路1089号,114.029418,22.554527,,204,218
香蜜新村,福田区,莲花街道,福田区南报路与景田西路交汇处西南侧,114.035362,22.550098,84,,
华浩源A区,龙岗区,布吉街道,(龙岗区布吉石芽岭)景芬路3号,114.119724,22.626246,45,47,
凯旋天玺名庭（商品住房）,龙岗区,布吉街道,金利路,114.112095,22.609013,,78,
新世界广场四期,龙岗区,横岗街道,龙岗区茂盛路与深惠公路交汇处北侧,114.202386,22.65146,,36,
正兆景嘉园,光明区,光明街道,华夏二路,113.915097,22.772774,,41,
翠景花园,盐田区,海山街道,深圳市盐田区梧桐路南,114.233466,22.562458,46,,
公馆一八六六花园北区,龙华区,民治街道,宝安区民治街道梅龙路西侧,114.023964,22.629954,,90,
藏珑苑,龙华区,民治街道,宝安区龙华街道人民南路,114.017585,22.633648,,79,115
贤基大厦,宝安区,西乡街道,宝安区西乡街道宝民二路25号北,113.882179,22.579507,47,,
和平里花园一期（商品住房）,龙华区,大浪街道,(龙华区上塘)和平路西399号,114.007632,22.646174,,72,
荔景大厦,罗湖区,桂园街道,罗湖区红岭中路1008号,114.100049,22.547813,,83,
宏发美域花园,光明区,公明街道,宝安区别墅路与华发路交汇处东南侧,113.903448,22.779123,,45,
幸福城润园二期,龙华区,龙华街道,龙华新区和平路与清泉路交汇处,114.033189,22.662629,,67,
公园大地九期,龙岗区,龙城街道,龙岗区中心城29区,114.228839,22.712826,,55,57
怡和楼,福田区,沙头街道,福田区沙咀路117号,114.032413,22.527175,87,,
德意名居一期,南山区,桃源街道,南山区动物园路与丽山路交汇处南侧,113.956642,22.593563,,95,
口岸住宅小区,罗湖区,黄贝街道,罗湖区沿河南路与延芳路交汇处南侧,114.13429,22.545905,67,,
燕栖楼,南山区,沙河街道,南山区香山东街12号,113.98433,22.54564,,113,
阳光花地苑,南山区,南山街道,南山区南山街道前海路与创业路交叉口东,113.908825,22.521069,,109,
龙景花园,罗湖区,黄贝街道,罗湖区经二路9号,114.146049,22.554503,,57,
华安苑,宝安区,新安街道,宝安区新安街道甲岸路39号,113.897264,22.561625,49,,
兴华阁,宝安区,新安街道,宝安区新安街道甲岸路13号,113.893014,22.55714,57,,
天鹅堡二期,南山区,沙河街道,南山区香山中街与侨城西街交汇处北侧,113.973615,22.549682,,119,
颐园别墅二期,罗湖区,清水河街道,罗湖区银湖路8号,114.082265,22.578881,,,143
绿海湾花园,南山区,蛇口街道,南山区后海滨路与招商东路交汇处东南,113.934683,22.495178,,165,
红桂皇冠名庭（商品住房）,罗湖区,桂园街道,罗湖区红桂路2059号,114.103945,22.552702,,113,
云顶翠峰花园二期,福田区,福田街道,福田区福田街道福强路2016号,114.055609,22.521042,,107,
富豪山庄,龙岗区,坂田街道,龙岗区坂田南路与布龙公路交汇处东南侧,114.066659,22.628407,,,52
万科四季花城二期,龙岗区,坂田街道,龙岗区平南铁路与布龙公路交汇处南侧,114.05348,22.628479,63,66,
信义假日名城一期,龙岗区,布吉街道,龙岗区吉华路与罗岗路交汇处北侧,114.118983,22.599288,54,,
横岗住宅楼,龙岗区,横岗街道,龙岗区深惠公路与塘坑路交汇处东南侧,114.194008,22.644121,44,,
莲花山庄一村,龙岗区,布吉街道,(龙岗区布吉街)西环路与莲花路交叉口东南方向,114.102871,22.599964,,,63
百合星城一期,龙岗区,布吉街道,百鸽路363号,114.115703,22.600867,,64,
金盾花园,罗湖区,黄贝街道,罗湖区华丽路1069号,114.129409,22.553729,60,,
边检住宅楼,盐田区,沙头角街道,盐田区深沙路103号,114.220084,22.554396,46,,
海上世界双玺花园一期,南山区,招商街道,深圳市南山区蛇口望海路,113.91419,22.48429,178,,
美杜兰华庭,龙岗区,布吉街道,龙岗区吉华路与新布路交汇处北侧,114.11077,22.610467,,53,
深业宿舍,罗湖区,桂园街道,罗湖区桂园片区红桂路2033号,114.102127,22.551932,67,,
关前楼,盐田区,沙头角街道,盐田区海涛路8号,114.227497,22.548449,,46,
嘉湖新都,罗湖区,翠竹街道,罗湖区翠竹片区田贝四路208号,114.11923,22.568917,,100,
鹏城花园,罗湖区,东湖街道,罗湖区太白路与东湖路交汇处北侧,114.137121,22.583369,63,,
东都雅苑,龙岗区,平湖街道,龙岗区平龙西路与新厦大道交汇处西侧,114.119292,22.698579,34,35,
海语山林花园,大鹏新区,葵涌街道,龙岗区坪葵公路与葵政西路交汇处西侧,114.410007,22.630931,,39,
建材公司综合楼,罗湖区,翠竹街道,罗湖区翠竹片区田贝一路30号,114.121899,22.562068,64,,
公园大地二期,龙岗区,龙城街道,龙岗区中心城29区,114.230142,22.71612,,48,
熙龙大厦,罗湖区,南湖街道,罗湖区人民南路2061号,114.113097,22.540863,,80,
裕宝大厦,宝安区,新安街道,宝安区新安二路与建安一路交汇处北侧,113.903814,22.562645,,64,
水库市场综合楼,罗湖区,翠竹街道,罗湖区翠竹片区太宁路9号,114.136305,22.569372,81,,
阅山华府二期,龙岗区,龙城街道,龙岗区龙平西路与长兴北路交汇处北侧,114.240711,22.73729,,47,46
金地朗悦花园,坪山区,马峦街道,坪山新区体育中心北侧（新合路与体育一路交汇处）,114.334919,22.681088,,35,
凤凰花苑,宝安区,福永街道,宝安区东华路与广深公路交汇处东侧,113.825703,22.684905,,45,
中粮紫云花园,宝安区,新安街道,新安二路与公园路交汇处,113.908126,22.572434,,97,
京宝苑,龙岗区,布吉街道,龙岗区宝丽路9号-27号,114.109785,22.598354,45,,
锦花大厦,罗湖区,南湖街道,罗湖区沿河南路1185号,114.120631,22.53943,,65,
新地中央花园,光明区,光明街道,深圳市光明新区光明大道与河心南路交汇处,113.938144,22.763372,,49,
中医院住宅楼(罗湖),罗湖区,桂园街道,罗湖区桂园片区河边路3号,114.10766,22.546126,69,,
嘉霖华禧（商品住房）,龙岗区,坂田街道,坂澜大道,114.072622,22.651545,,61,
第五园六期,龙岗区,坂田街道,龙岗区五和南路与南坑路交汇处东侧,114.067311,22.614817,,90,
富士康世纪华庭三期,龙华区,龙华街道,宝安区和平东路与东环二路交汇处东南侧,114.029775,22.66248,,56,
宏安楼,罗湖区,桂园街道,罗湖区桂园片区红宝路蔡屋围街46号,114.102379,22.54796,78,,
蔚蓝海岸社区三期,南山区,粤海街道,南山区后海路东,113.931738,22.514684,,112,
海滨广场(福田),福田区,福田街道,福田区吉龙三街与地铁四号线交汇处东北侧,114.06163,22.529657,,80,
熙园,福田区,香蜜湖街道,福田区香蜜湖路3012号,114.01961,22.552618,179,151,
尚景花园,龙岗区,龙城街道,龙岗区龙福路168号,114.239865,22.729277,30,33,
秀林新居,南山区,南头街道,南山区梅园路7号,113.920659,22.538477,,98,
骏景华庭,龙华区,民治街道,宝安区布龙路与沙吓路交汇处西南侧,114.035258,22.632194,,66,
翠薇园住宅楼,南山区,招商街道,南山区蛇口工业区工业八路,113.923227,22.501649,87,85,
翠岭居,南山区,粤海街道,南山区科丰路4号,113.943849,22.55321,94,,
景发花园,福田区,莲花街道,福田区商报路与景田西路交汇处西北侧,114.034154,22.553433,77,78,
泰华俊庭,宝安区,新安街道,宝安区翻身路与创业一路交汇处西北侧,113.889563,22.566736,,87,
小鹏兴花园,罗湖区,莲塘街道,罗湖区国威路190号,114.162566,22.567211,62,,
弘雅花园三期,宝安区,新安街道,宝安区新安街道建安一路502号,113.888811,22.578437,50,55,
阳光花园一期,龙岗区,吉华街道,龙岗区吉华路与新龙路交汇处东侧,114.11228,22.617992,55,,
石油公司住宅楼,罗湖区,翠竹街道,罗湖区文锦北路与洪湖二街交汇处东南侧,114.11993,22.562928,62,,
塘朗城广场,南山区,桃源街道,南山区留仙大道南侧，与地铁环中线塘朗站A、B出口接驳；,113.995449,22.592,,85,
信义荔山御园,龙岗区,布吉街道,(龙岗区布吉关)罗岗路40-8号,114.125002,22.595079,,89,
裕鹏阁,盐田区,盐田街道,盐田区盐田路47-77号,114.251433,22.593021,44,,
裕达华庭,盐田区,盐田街道,盐田区盐田路87号,114.251329,22.594025,,49,
德沁苑,龙岗区,龙岗街道,龙岗区鹏达商业街99号东面,114.267224,22.720832,,37,
公园里花园四期,龙岗区,南湾街道,万科公园里花园位于布沙路与丹沙路交汇处,114.15308,22.610921,,57,
公园里花园二期,龙岗区,南湾街道,龙岗丹平快速与布沙路交汇处,114.151722,22.608468,,57,
宝兴花园,宝安区,西乡街道,宝安区宝民二路与西乡大道交汇处东北侧,113.873063,22.590826,51,,
金众经典家园,罗湖区,桂园街道,罗湖区红桂路2020号,114.103414,22.553477,,94,
国都花园(罗湖),罗湖区,桂园街道,罗湖区桂园片区宝安南路2056号,114.105844,22.551198,,79,
桐林公寓,福田区,福田街道,福田区福田路东,114.07361,22.535012,,134,
碧清园,罗湖区,清水河街道,罗湖区泥岗村西街与金碧路交汇处西北侧,114.090016,22.570579,,75,
海宝阁,罗湖区,清水河街道,罗湖区坭岗西路1058号,114.092166,22.568732,53,,
阳光华艺大厦,南山区,南山街道,南山区深南大道与学府路交汇处南侧,113.923637,22.528286,,150,
建发住宅楼,福田区,沙头街道,福田区新沙路1号,114.042583,22.533828,78,,
豪方花园,南山区,粤海街道,南山区南海大道4040号,113.929246,22.546909,89,,
永安公寓,南山区,南山街道,南山区向南路西粤海路南,113.917218,22.51341,85,,
银河新村,龙华区,福城街道,宝安区观澜大道与迎宾路交汇处南侧,114.040522,22.714081,27,,
城市花园(福田),福田区,莲花街道,福田区香梅路2038号,114.027439,22.559195,93,86,
城市绿洲花园,福田区,华富街道,福田区深南中路4020号,114.070509,22.545048,,112,
时尚新天地名苑,福田区,莲花街道,福田区景田路105号,114.036651,22.557697,,117,
翡翠海岸花园,南山区,蛇口街道,南山区后海滨路,113.93592,22.491438,,172,
桑泰龙樾府,龙岗区,龙岗街道,北通道辅道和仙田路交叉口,114.266516,22.753986,,37,
信义荔景御园,龙岗区,布吉街道,罗岗社区罗岗路旁(5号线百鸽笼地铁站旁),114.127254,22.59544,,101,
嘉宏湾花园二期,坪山区,坪山街道,新和一路与行政九路交汇处,114.332952,22.709467,51,48,72
布吉广场,龙岗区,布吉街道,龙岗区吉华路69号,114.112604,22.602668,43,45,
东海大厦,罗湖区,南湖街道,罗湖区东门南路3011号,114.11642,22.544543,,67,
外贸经济公司住宅楼,罗湖区,东晓街道,罗湖区布心路2038号,114.128962,22.578216,60,,
御景湾花园,宝安区,新安街道,宝安区新安海裕片区新安六路御景湾,113.869544,22.565189,,76,
天悦龙庭,宝安区,新安街道,宝安区裕安西路与新湖路交汇处东侧,113.882299,22.560537,,76,
峰荟花园一期,光明区,马田街道,光明新区公明街道南环大道与振兴路交汇,113.893818,22.767224,,52,
东部华侨城天麓七区,坪山区,碧岭街道,盐田区三洲田,114.289646,22.63233,,,150
鹏盛村,福田区,园岭街道,福田区八卦一路39号,114.097248,22.559423,81,82,
依山郡花园一期,龙岗区,龙城街道,龙岗区愉园片区龙平西路160号东侧,114.215452,22.731579,38,43,
香荔绿洲,福田区,香蜜湖街道,福田区农坊路24号,114.02099,22.543577,,90,
广岭家园,罗湖区,莲塘街道,罗湖区广岭片区罗沙路4038号,114.149919,22.557994,,63,
榭丽花园一期,龙岗区,龙岗街道,龙岗区龙城中路与盛龙路交汇处东侧,114.250328,22.724321,36,,
瑰丽福景大厦,福田区,华富街道,福田区福中路29号,114.063906,22.546956,,90,
华达雅园,南山区,蛇口街道,南山区工业七路百花苑1栋,113.921878,22.496838,69,,
金碧世家,龙华区,龙华街道,宝安区人民北路与和平东路交汇处东侧,114.020317,22.654557,58,,
华侨城四海锦园,龙岗区,平湖街道,水门路288号,114.119869,22.686611,,50,
逸翠园二期,罗湖区,翠竹街道,罗湖区翠竹片区翠竹路1056号,114.1251,22.563415,,89,
香景大厦,福田区,莲花街道,福田区莲花路2034号,114.034251,22.554836,,88,
龙城花园,南山区,粤海街道,南山区登良路48号,113.923059,22.514418,84,,
中建二局小区,罗湖区,黄贝街道,罗湖区经二路3号,114.145572,22.556274,65,,
信义假日名城二期,龙岗区,布吉街道,龙岗区吉华路与荣华路交汇处西北侧,114.118525,22.597539,58,65,
铂金时代公寓,罗湖区,南湖街道,罗湖区沿河路0042号,114.117051,22.538352,,95,
福安大厦,宝安区,福永街道,宝安区白石厦大道与龙翔路交汇处南侧,113.817501,22.67565,30,,
观澜豪园晓峰居,龙华区,观澜街道,宝安区高尔夫大道与观光路交汇处北侧,114.070598,22.731657,,,118
观澜豪园赛维纳,龙华区,观澜街道,宝安区高尔夫大道与观光路交汇处北侧,114.076403,22.743468,,52,
金沙花园(龙岗),龙岗区,吉华街道,龙岗区西环路与八约三街交汇处北侧,114.101692,22.608613,,34,
解放路174号大院,罗湖区,桂园街道,罗湖区红宝路40号,114.102688,22.549385,67,,
向欣苑,罗湖区,南湖街道,罗湖区嘉宾路与向西路交汇处南侧,114.119827,22.543456,75,,
蛇口小学综合楼,南山区,蛇口街道,南山区花果路4号,113.925744,22.491871,71,,
如意豪庭,宝安区,石岩街道,宝安区石岩街道如意路187号,113.932275,22.681105,,46,
景西大厦,福田区,莲花街道,福田区景田北三街1025号,114.035136,22.560567,,78,
保税区第三生活区,盐田区,海山街道,盐田区深盐路2116号,114.235292,22.560631,59,,
瑞泽佳园二期,龙岗区,横岗街道,龙岗区横岗镇,114.176783,22.647694,,48,
新世界倚山花园二期,盐田区,海山街道,盐田区梧桐路1968号,114.232411,22.564412,,57,
水产商住楼,罗湖区,东门街道,罗湖区晒布路48号之1,114.115779,22.553424,74,,
纯水岸二期,南山区,沙河街道,南山区侨城西街与香山中街交汇处西侧,113.970208,22.546968,,,600
裕田大楼,罗湖区,笋岗街道,罗湖区宝岗路与梨园路交汇处西南侧,114.107429,22.571702,48,,
城市印象家园,南山区,粤海街道,"深圳市南山区滨海大道南,后海大道以西",113.927736,22.523789,,114,
海鹰大厦(罗湖),罗湖区,东晓街道,罗湖区东晓路3085号,114.132253,22.58399,64,,
外贸大院,罗湖区,黄贝街道,罗湖区爱国路3036号,114.135833,22.563146,56,,
海雅广场,宝安区,新安街道,宝安区新安街道宝民路东北侧,113.901134,22.562866,,91,
桂花大厦,罗湖区,桂园街道,罗湖区桂园片区桂园路46号,114.10795,22.550028,,73,
中环花园三期,龙华区,龙华街道,宝安区中环路与建设西路交汇处东北侧,114.018411,22.652232,50,,
可园五期,龙岗区,布吉街道,龙岗区京南路与育苗路交汇处东南侧,114.13035,22.602325,,61,
可园四期,龙岗区,布吉街道,龙岗区京南路与育苗路交汇处东侧,114.130334,22.60332,,61,
可园二期,龙岗区,布吉街道,龙岗区木棉路与京南路交汇处东北侧,114.131329,22.606179,,59,
生产资料住宅,罗湖区,翠竹街道,罗湖区翠竹片区文锦中路2086号,114.123011,22.556265,72,,
信义御珑豪园,龙岗区,坂田街道,百利路6号,114.052884,22.640998,,76,
观澜湖高尔夫大宅露诗达区,龙华区,观澜街道,宝安区高尔夫大道与观光路交汇处北侧,114.064718,22.742116,,,78
嘉御豪园,龙岗区,坂田街道,龙岗区布吉镇,114.053731,22.638366,,75,
和润家园,光明区,光明街道,深圳市光明新区公园路东侧、华夏路南侧,113.937106,22.755764,,59,
南园新村,福田区,南园街道,福田区深南大道与爱华路交汇处东南侧,114.088185,22.542041,89,,
和盛五十府,龙岗区,宝龙街道,龙岗区龙岗街道沙背坜二路与爱南路,114.295709,22.733762,,39,
福岗园,福田区,福田街道,福田区福华一路与金田路交汇处东侧,114.059311,22.540065,,105,
西湖林语名苑,南山区,桃源街道,南山区丽山路西湖林语名苑2栋,113.960674,22.595814,,89,
润裕苑,福田区,梅林街道,福田区梅林路136号,114.03858,22.569536,72,,
东方富苑,福田区,梅林街道,福田区中康路与梅华路交汇处西北侧,114.053734,22.567663,,81,
维园大厦,南山区,蛇口街道,南山区花果路与工业七路交汇处东侧,113.921195,22.496833,,76,
纯海岸雅居,南山区,粤海街道,南山区高新南环路6号,113.947591,22.525793,,122,
红岗东村,罗湖区,清水河街道,罗湖区宝清路与泥岗东路交汇处西南侧,114.102753,22.573441,56,,
鸿瑞花园二期,南山区,南山街道,深圳市南山区南光路西,113.921242,22.524209,,97,
嘉园小区,福田区,香蜜湖街道,福田区桥香路与香蜜湖路交汇处东北侧,114.01779,22.557488,,97,
南头花园永发楼,南山区,南头街道,南山区关口下街2号,113.912172,22.537665,79,,
潜龙鑫茂花园B区,龙华区,民治街道,宝安区民治大道141号,114.037555,22.613859,,81,
金祥悦园,罗湖区,清水河街道,罗湖区红岗北路1168号,114.103986,22.587097,,61,
绿怡居,龙岗区,坂田街道,布龙公路168号,114.065388,22.629329,,60,
古海花园,宝安区,西乡街道,宝安区前进二路与宝田三路交汇处南侧,113.866302,22.604443,48,,
桃源居一区,宝安区,西乡街道,宝安区桃源居一路与洲石公路交汇处西南侧,113.854585,22.615503,50,49,
和平广场,罗湖区,桂园街道,罗湖区桂园片区和平路3009号,114.109064,22.546771,,92,
东津名座,坪山区,马峦街道,龙岗区黄沙坑路与同富路交汇处北侧,114.334302,22.685804,,42,
佳兆业悦峰花园,龙岗区,坂田街道,龙岗区坂田街道龙颈坳片区布龙路北侧,114.083104,22.630719,,65,
玖龙玺花园二期北区,龙华区,民治街道,(龙华区梅林关)新区大道与白石龙交汇,114.036815,22.603272,,97,
和平大厦,罗湖区,南湖街道,罗湖区和平路2049号,114.109771,22.543251,,73,
旭景佳园二期,龙岗区,坂田街道,龙岗区虎山路与坂田南路交汇处西侧,114.065565,22.625167,,61,
天宝物华家园,福田区,香蜜湖街道,福田区农园路15号,114.015545,22.545137,,151,
富盈门花园,宝安区,西乡街道,宝安区前进二路与流塘路交汇处东侧,113.884779,22.589091,,56,
仙岭居,龙岗区,龙岗街道,龙岗碧新路和碧园路交汇处,114.265493,22.714712,,41,
华深公司住宅楼,罗湖区,黄贝街道,罗湖区爱国路1040号,114.128118,22.554316,56,,
茗萃园一期,龙岗区,平湖街道,龙岗区平安大道与良白路交汇处北侧,114.136765,22.67046,,39,
中海大山地花园南区,龙岗区,横岗街道,龙岗区深康路与普安西路交汇处东侧,114.173582,22.646709,45,47,46
宁水花园,罗湖区,黄贝街道,罗湖区沿河北路2012号,114.140581,22.564639,53,,
瑞华园,龙岗区,龙城街道,龙岗区龙平西路与爱心路交汇处东南侧,114.227541,22.730908,,42,
中海康城花园一期,龙岗区,龙城街道,龙岗区华美南路与如意路交汇处西北侧,114.201913,22.710152,,40,
莲塘花园,罗湖区,莲塘街道,罗湖区聚福路128号,114.167252,22.565189,,55,
宝田居,宝安区,西乡街道,宝安区宝田三路与广深公路交汇处东北侧,113.863388,22.60335,51,,
盈翠家园,龙岗区,布吉街道,龙岗区深惠公路与布吉东大街交汇处南侧,114.134466,22.614117,51,56,
滢水山庄一期,龙华区,民治街道,宝安区梅观高速公路与梅坂大道交汇处东侧,114.046704,22.604699,58,,
深中宿舍楼(洪湖中学宿舍楼),罗湖区,翠竹街道,罗湖区翠竹片区田贝三路31号,114.122858,22.566762,75,,
红围街1/9号,罗湖区,桂园街道,罗湖区解放路与宝安南路交汇处东北侧,114.10705,22.547027,67,,
懿祥花园,龙岗区,坪地街道,龙岗区兴华路16号,114.296296,22.770937,29,,
隆盛花园,龙岗区,横岗街道,龙岗区茂盛路与华茂街交汇处南侧,114.197704,22.652757,,41,
双城世纪大厦,罗湖区,南湖街道,罗湖区沿河南路1021号,114.115816,22.535799,,99,
龙腾花园,宝安区,西乡街道,宝安区西乡大道与双龙路交汇处东南侧,113.871755,22.585502,50,,
名仕阁,罗湖区,桂园街道,罗湖区桂园片区解放路4068号,114.103128,22.545516,,96,
信义假日名城五期B区,龙岗区,布吉街道,龙岗区荣超路与和坑路交汇处西南侧,114.118633,22.594501,,68,
名墅海景度假村,大鹏新区,大鹏街道,龙岗区金沙大道与金沙路交汇处西南侧,114.46141,22.565733,,,25
建安新村,宝安区,新安街道,宝安区建安一路与宝民一路交汇处东南侧,113.891588,22.57654,61,,
都会100大厦,福田区,华强北街道,福田区中航路东侧,114.079831,22.544435,,127,
蓝馨苑,罗湖区,翠竹街道,罗湖区翠竹片区文锦中路2010号,114.1251,22.554163,,102,
弘雅花园五期雅景居,宝安区,新安街道,宝安区新安街道建安一路645号,113.887738,22.577063,57,,
奥康德大厦,罗湖区,东门街道,罗湖区乐园路与湖贝路交汇处东南侧,114.123366,22.548124,63,,
城东小区,罗湖区,东门街道,罗湖区东门中路与三号路交汇处东南侧,114.117518,22.550478,71,,
拾悦里雅居,宝安区,沙井街道,(宝安区沙井)宝安大道与创新路交汇西北侧,113.815779,22.727772,,47,
海川阁,盐田区,盐田街道,盐田区深盐路,114.267443,22.58936,,58,
岭下花园,宝安区,新安街道,宝安区新安三路与上川二路交汇处西侧,113.896193,22.584277,54,,
悦城花园三期,龙岗区,龙城街道,龙岗区吉祥中路与盘龙路交汇处东侧,114.237531,22.733725,,50,
仓前锦福苑,南山区,南头街道,南山区南新路与学府路交汇处东南侧,113.914398,22.531897,96,82,
嘉福苑,罗湖区,桂园街道,罗湖区桂园片区红桂路1041号,114.105504,22.552758,63,,
英伦名苑一期,南山区,粤海街道,南山区沙河西路2025号,113.951543,22.551481,100,109,
金海岸大厦,南山区,粤海街道,南山区创业路9号,113.923581,22.517313,,123,
大康福盈门大厦,福田区,福田街道,(福田区华强南)福 田路（中心公园东侧）,114.072619,22.533843,,81,
天源梅林居,福田区,梅林街道,福田区中康路27号梅林医院西侧,114.053297,22.569104,81,85,
彩田村,福田区,莲花街道,福田区莲花路1096号,114.05733,22.563466,,91,
馨庭苑二期,福田区,莲花街道,福田区景田北街22号,114.031687,22.560493,,89,
花语岸花园,龙岗区,吉华街道,龙岗区新龙路与长兴路交汇处东侧,114.110646,22.616235,,58,
诗宁里小区,盐田区,沙头角街道,盐田区官下路2号,114.228808,22.55287,49,,
天居水木澜山居,福田区,梅林街道,福田区梅林片区皇岗路与梅林路交接处合正逸东侧,114.06629,22.574161,,95,
朗钜御风庭,罗湖区,黄贝街道,罗湖区文华片区文锦南路1010号,114.126564,22.544209,,104,
嘉洲华苑,福田区,沙头街道,福田区滨河大道9038号,114.039689,22.531526,,89,
万家园,龙华区,龙华街道,宝安区龙观东路与东环一路交汇处西侧,114.015347,22.66668,42,,
学子荔园,南山区,西丽街道,南山区新高路与石新路交汇处西侧,113.94036,22.589748,94,,
纯水岸五期,南山区,沙河街道,南山区侨城西街与香山中街交汇处北侧,113.971137,22.545309,,,298
山水居,福田区,梅林街道,福田区龙尾路8号,114.038566,22.573874,,90,
宏浩花园,福田区,莲花街道,福田区香梅路2004号,114.03234,22.555488,,89,
前海华庭,南山区,南头街道,南山区桃园路与南新路交汇处东南侧,113.920231,22.539215,,102,
园岭新村,福田区,园岭街道,福田区笋岗西路与上步中路交汇处东南侧,114.09545,22.555233,80,79,
月亮湾花园,南山区,南山街道,南山区兴海大道22号,113.885648,22.495137,60,,
翠湖山庄,龙岗区,横岗街道,龙岗区龙岗大道与莲心路交汇处东南侧,114.197084,22.643486,38,,46
鹏湾花园,盐田区,海山街道,盐田区海涛路118号,114.231238,22.554997,53,51,
星河银湖谷花园,龙岗区,坂田街道,龙岗梅坂大道与雅宝路交汇处,114.058763,22.607059,,86,
新保辉大厦,南山区,南山街道,南山区南油大道以西,113.919568,22.511361,,105,
大世纪水山缘,龙岗区,南湾街道,龙岗区南龙大世纪水山缘12栋1单元,114.135821,22.601943,,50,
金域上郡花园,龙岗区,吉华街道,布龙路与吉华路交汇处,114.098824,22.62608,,67,
大都汇大厦,龙岗区,布吉街道,龙岗区深惠公路与金运路交汇处东北侧,114.117638,22.60413,,62,
长发楼,龙岗区,吉华街道,龙岗区长龙路120号,114.107834,22.616376,42,,
福雅园,福田区,福田街道,福田区福民路5号,114.061487,22.525188,,82,
港丽豪园二期,福田区,福田街道,福田区海田路2号,114.060997,22.532398,,127,
仙桐御景家园,罗湖区,莲塘街道,罗湖区国威东路4号,114.174331,22.568115,,65,
集浩花园,罗湖区,黄贝街道,罗湖区华丽路1036号,114.130486,22.552359,,70,
水电大厦,罗湖区,翠竹街道,罗湖区翠竹片区翠竹路1135号,114.124825,22.566009,,47,
运发御景兰庭,罗湖区,莲塘街道,罗湖区莲塘东国威路东北侧（仙桐御景小区东侧）,114.175417,22.56851,,71,
皇庭彩园,福田区,福田街道,福田区金田路与福民路交汇处西南侧,114.056209,22.523573,,101,
缔梦园二期,福田区,莲花街道,福田区莲花西路2075号,114.037123,22.554436,,98,
蔚蓝海岸社区四期,南山区,粤海街道,南山区后海路以东、内环路以北,113.928102,22.510489,,123,
南海城中心,南山区,南山街道,南山区南山大道东创业路北,113.918208,22.521513,,83,
海连大厦,福田区,华富街道,福田区福中路南侧,114.065104,22.547127,,88,
传古斋综合楼,龙岗区,坂田街道,龙岗区百利路与吉华路交汇处东北侧,114.05654,22.637168,43,,
蛇口海欣花园,南山区,蛇口街道,南山区兴华路与南昌街交汇处东南侧,113.91599,22.488109,74,86,
粤宝花园,龙岗区,布吉街道,龙岗区宝丽路与百花街交汇处西侧,114.108431,22.597502,45,43,
西城雅筑花苑,宝安区,新安街道,宝安区新安镇,113.872857,22.565533,,100,
德润荣君府（商品住房）,龙岗区,坂田街道,布龙路595号,114.063343,22.628807,,74,
松园南小区,罗湖区,桂园街道,罗湖区宝安南路3042号,114.106142,22.555253,69,,
阳基新天地家园,龙岗区,南湾街道,龙岗区布吉镇,114.151698,22.626475,,52,
葵花公寓,福田区,福保街道,福田区石厦北一街,114.047054,22.530579,,215,
莲花山庄四村,龙岗区,布吉街道,龙岗区莲花路莲花山庄四村12号,114.104224,22.604287,,,69
科技园30区,南山区,粤海街道,南山区深南西路,113.945715,22.547482,128,,
翠枫豪园二期,龙岗区,吉华街道,龙岗区石龙路与靓花路交汇处北侧,114.097786,22.615247,52,49,
翠枫豪园一期,龙岗区,吉华街道,龙岗区石龙路与靓花路交汇处北侧,114.098833,22.613853,48,,
碧波花园,罗湖区,黄贝街道,罗湖区黄贝路2134号,114.13866,22.562181,46,,
京基一百大厦,罗湖区,桂园街道,罗湖区红宝路与蔡屋围街交汇处南侧,114.101767,22.546586,,130,
新湖村公汽住宅楼,罗湖区,黄贝街道,罗湖区沿河北路1022号,114.139266,22.552601,61,,
梅林海关大院,福田区,莲花街道,福田区宏威路31号,114.053433,22.563451,85,,
庆华花园,宝安区,新安街道,宝安区翻身大道与甲岸路交汇处南侧,113.893797,22.558196,56,,
东方玫瑰花园,福田区,莲花街道,福田区香梅路1018号,114.036979,22.542912,,110,
洪湖民富楼,罗湖区,笋岗街道,罗湖区笋岗片区北站路9号,114.111469,22.562292,54,,
景源华庭,福田区,福田街道,福田区福强路与福民路交汇处西北侧,114.062494,22.527522,,102,
沙河高尔夫别墅,南山区,沙河街道,南山区沙河东路西,113.958241,22.529323,,,221
洪湖一街1号大院,罗湖区,笋岗街道,罗湖区笋岗片区洪湖一街1号,114.117405,22.560202,75,,
盛迪嘉光明壹号花园一期,光明区,凤凰街道,深圳市光明新区高新西区科发路西侧、十七号南侧,113.923704,22.739444,,50,
祥发大厦,龙岗区,布吉街道,龙岗区吉华路165号,114.111776,22.606736,,42,
广场北街住宅楼,罗湖区,桂园街道,罗湖区广场北街3号,114.104705,22.547859,72,,
诗宁别墅区,盐田区,沙头角街道,盐田区金融路54号,114.229541,22.552604,,,59
水榭花都三期,福田区,香蜜湖街道,福田区香梅路与红荔西路交汇处西北侧,114.031098,22.552866,,184,
左庭右院（南区）,龙岗区,南湾街道,龙岗区李朗大道与深惠公路交汇处北侧,114.137274,22.625138,,55,
中航阳光新苑,龙华区,民治街道,宝安区新区大道与梅观高速公路交汇处北侧,114.03492,22.604035,73,65,
大芬油画苑,龙岗区,布吉街道,龙岗区沿河路与布沙路交汇处东南侧,114.131125,22.609348,,42,
信兴广场,罗湖区,桂园街道,罗湖区深南东路5002号,114.104862,22.545197,,110,
世界花园樱花居,南山区,沙河街道,南山区侨城西街9号,113.970378,22.541469,88,,
大澎花园,罗湖区,黄贝街道,罗湖区罗芳路70号,114.142542,22.547894,68,74,
景田翠景园,福田区,莲花街道,福田区商报路18号,114.038639,22.553589,,86,
物业时代新居,福田区,福保街道,福田区石厦一街与石厦四街交汇处南侧,114.04511,22.520887,84,82,
畔山花园,罗湖区,莲塘街道,罗湖区罗沙路2098号,114.171768,22.564376,52,,
金域蓝湾,福田区,沙头街道,福田区红树林福荣路,114.020407,22.526231,,102,
金地花园,福田区,沙头街道,沙咀路金地工业区,114.029665,22.523842,73,,
园东花园,福田区,园岭街道,福田区园岭五街3号,114.096228,22.555359,,96,
馨园一期,龙华区,民治街道,宝安区新梅中路与香梅路交汇处西侧,114.03536,22.627229,54,,
景福大厦,福田区,福田街道,福田区滨河大道3088号,114.077862,22.534055,,79,
皇庭香格里花园,南山区,桃源街道,南山区龙珠大道与龙珠六路交汇处东北侧,113.975513,22.564442,,108,
依云山庄,龙岗区,坂田街道,龙岗区雪岗南路与中浩工业大道交汇处东北侧,114.078377,22.657157,49,,59
万科金域华府二期,龙华区,民治街道,宝安区新区大道与梅观高速公路交汇处北侧,114.038395,22.600962,,100,178
万科金域华府一期,龙华区,民治街道,宝安区新区大道与梅观高速公路交汇处北侧,114.037546,22.601856,,89,168
泰雅园,龙岗区,南湾街道,龙岗区深惠公路与李朗大道交汇处南侧,114.1398,22.62035,60,57,
深纺大院,罗湖区,翠竹街道,罗湖区翠竹片区田贝二路52号,114.122742,22.564297,70,,
天景山庄东区,龙岗区,坂田街道,龙岗区五和南路34号,114.057193,22.612153,52,,62
星逸居,福田区,香蜜湖街道,福田区侨香路1058号,114.01657,22.556918,,85,
七十四区商住楼,宝安区,新安街道,宝安区流塘路北一巷与流塘路交汇处东北侧,113.891426,22.590387,50,,
龙股综合楼,龙华区,龙华街道,宝安区沿河路与华胜街交汇处东侧,114.008843,22.659641,39,,
泰华商业城,宝安区,新安街道,宝安区前进一路与创业二路交汇处南侧,113.899195,22.571231,56,,
银泰苑,福田区,福保街道,福田区福强路1053号,114.059307,22.518508,,80,
卓越皇后道名苑,龙华区,民治街道,龙华中心区人民路与新区大道交汇处,114.007436,22.631432,,72,95
航运大院,罗湖区,南湖街道,罗湖区嘉宾路4025号,114.10874,22.539633,69,,
君悦龙庭三期,龙岗区,龙城街道,龙岗区平安路与龙平西路交汇处西南侧,114.217677,22.729604,,46,
新龙岗花园北区,龙岗区,龙城街道,龙岗区盛平片区盛平中路39号,114.250152,22.738485,,27,
东部华侨城天麓二区,盐田区,盐田街道,盐田区大梅沙片区三洲田别墅区,114.288899,22.612318,,,196
长岭花园,罗湖区,莲塘街道,罗湖区罗沙公路与七号路交汇处东南侧,114.180464,22.557155,48,,
中贸大厦,罗湖区,笋岗街道,罗湖区笋岗片区北站路1号,114.11093,22.560206,,85,
荔枝园村统建楼,龙岗区,龙城街道,龙平西路2号荔枝园七巷,114.244401,22.734982,,36,
上东湾雅居,盐田区,沙头角街道,盐田区沙头角沙盐路2号,114.224006,22.552681,,100,
东和花园,龙华区,龙华街道,宝安区和平东路与东环二路交汇处东侧,114.027801,22.663834,45,,
第五园三期,龙岗区,坂田街道,龙岗区五和南路与雅园路交汇处东侧,114.064268,22.620469,,68,72
中粮凤凰里花苑,宝安区,福海街道,福永街道大洋路与塘新路交汇处,113.814129,22.696844,,52,
宏发嘉域花园一期,光明区,马田街道,公明松白路与马田路交汇处,113.872699,22.784807,,45,
华侨花园,龙华区,龙华街道,宝安区龙华建设路2号,114.019281,22.654144,40,,
长泰花园,福田区,园岭街道,福田区百花四路10号,114.082334,22.554458,,97,
国香尚居,龙岗区,龙岗街道,龙岗龙岗区龙城街道五联社区,114.228787,22.751837,,35,
桃源居十一区,宝安区,西乡街道,宝安区桃源居二路与汇江二路交汇处西北侧,113.857151,22.618251,,59,
山东大厦,南山区,南山街道,南山区南海大道2309号,113.923719,22.524727,,69,
京南华庭,龙岗区,布吉街道,龙岗区京南路与罗岗路交汇处东北侧,114.117337,22.602044,,64,
书香门第上河坊广场,龙华区,民治街道,宝安区新区大道与梅观高速公路交汇处北侧,114.042194,22.600545,,95,
梧桐苑,盐田区,沙头角街道,盐田区园林路45号,114.215965,22.55964,59,,
金城大第花园三期,光明区,光明街道,(光明区公明)观光路光明大第,113.939643,22.745085,,72,
京光海景花园,南山区,粤海街道,南山区兴南路东、东滨路北,113.925234,22.509078,,85,
万泽云顶尚品花园二期,福田区,梅林街道,福田区塘朗山,114.010182,22.564953,,130,
纯水岸一期,南山区,沙河街道,南山区香山中街1号,113.971605,22.548809,107,118,240
金华金怡阁,罗湖区,清水河街道,罗湖区金碧路与泥岗村西街交汇处东南侧,114.092107,22.569249,58,,
东兴大厦,罗湖区,东门街道,罗湖区新园路14号,114.113876,22.551056,72,,
辛盛苑,福田区,福田街道,金田路2004号,114.059978,22.527187,73,,
新彩苑,龙华区,民治街道,宁远路与新区大道交汇处,114.03225,22.605803,,87,
万科红三期,龙岗区,布吉街道,罗湖北城锦龙路与惠康路交汇处5号线百鸽笼站A出口,114.123855,22.600556,,82,
华策中心城,龙岗区,龙城街道,深圳市龙岗区吉祥南路转龙腾三路南侧（地铁3号线爱联站A出口）,114.239589,22.703916,,43,52
庆福园,福田区,福田街道,福田区福庆街38号,114.075682,22.538648,,116,
红围四巷,罗湖区,桂园街道,罗湖区桂圆路与解放路交汇处北侧,114.10729,22.548204,83,,
百汇大厦,罗湖区,桂园街道,罗湖区桂园片区笋岗东路3019号,114.101961,22.557871,,86,
第五园七期,龙岗区,坂田街道,龙岗区布吉镇,114.069503,22.616124,,69,114
潜龙曼海宁花园南区,龙华区,大浪街道,宝安区潜龙漫海宁南区1栋,114.004731,22.641978,,73,
城市明珠花园,龙华区,龙华街道,宝安区东环二路与龙观东路交汇处东侧,114.023429,22.668563,,54,
中粮一品澜山花园,坪山区,龙田街道,龙岗区坪山新区坑梓街道丹梓中路与兰景路交汇处东北角,114.368353,22.734232,,35,41
美丽365花园,龙华区,龙华街道,宝安区三联路与东环二路交汇处东南侧,114.026695,22.666082,58,53,
水榭花都一期,福田区,香蜜湖街道,福田区香梅路与红荔西路交汇处西北侧,114.03163,22.550905,,196,206
信义荔山公馆,龙岗区,布吉街道,龙岗区和坑路与荣超路交汇处东南侧,114.121673,22.594966,,71,
雷公岭住宅区,南山区,蛇口街道,南山区花果路62号,113.922139,22.495894,80,,
东方沁园一期,龙岗区,龙城街道,龙岗区平安路160号,114.219905,22.728811,,31,
河畔明居,福田区,南园街道,福田区滨河大道与同心路交汇处西南侧,114.093906,22.537599,,74,
世纪春城三期,龙华区,民治街道,宝安区梅龙路与布龙公路交汇处东南侧,114.028574,22.629504,,61,
华新村东区,福田区,华强北街道,福田区华强北路4001号,114.08025,22.553018,74,,
华源大厦,龙华区,龙华街道,宝安区宝华路与工业西路交汇处东侧,114.013268,22.655655,43,,
海关生活区(桂圆),罗湖区,桂园街道,罗湖区桂园片区滨河路1005号,114.10325,22.537275,70,74,
恒裕滨城花园一期,南山区,蛇口街道,中心路2117号,113.93556,22.495304,,171,
振业梅苑,福田区,梅林街道,福田区广夏路与中康路交汇处东北侧,114.054533,22.5697,84,,
地质局大院,福田区,华强北街道,福田区振兴路5号,114.088537,22.549887,95,,
现代城华庭,南山区,南山街道,南山区创业路与南光路交汇处,113.919539,22.520303,,87,
卓能雅苑,龙华区,民治街道,龙华新区布龙公路与油松路交界处(西北角)（绿景香颂附近）,114.037827,22.634757,,63,
双龙花园,宝安区,西乡街道,宝安区广深公路与西乡大道交汇处南侧,113.871192,22.584705,44,,
莲花山庄二村,龙岗区,布吉街道,龙岗区莲花路莲花山庄二村5号、6号,114.103845,22.601713,,,55
桃源居十四区,宝安区,西乡街道,宝安区桃源居二路与汇江三路交汇处西北侧,113.856573,22.620205,53,53,
田贝村综合楼,罗湖区,笋岗街道,罗湖区洪湖路与田贝四路交汇处南侧,114.116142,22.565709,65,,
田贝二路八号大院,罗湖区,翠竹街道,罗湖区翠竹片区贝丽南路40号,114.12288,22.564796,62,,
金洲花园,龙岗区,布吉街道,罗湖区金洲路与二线公路交汇处南侧,114.128823,22.590877,59,,
谱心苑,罗湖区,东湖街道,罗湖区二线公路与金洲路交汇处北侧,114.127734,22.589921,69,,
公路局大院,罗湖区,翠竹街道,罗湖区翠竹片区翠竹路24号,114.123948,22.564818,68,,
天海豪景苑,南山区,招商街道,南山区爱榕路44,113.925296,22.498645,,75,
桃源居五区,宝安区,西乡街道,宝安区汇江二路与桃源居五路交汇处西南侧,113.862171,22.617648,51,50,
星海名城一期,南山区,南头街道,南山区月亮湾大道3002号,113.908175,22.539368,,96,
侨苑二期,南山区,沙河街道,南山区深南大道与沙河东路交汇处东侧,113.962316,22.54541,,95,
尚峻御园,龙华区,大浪街道,龙华区大浪办事处布龙路与建设路交叉口西北侧,114.00877,22.644476,,76,
万豪御景苑,南山区,招商街道,南山区兴海大道与沿山路交汇处西南侧,113.887398,22.490549,,119,
长城里程家园,龙华区,民治街道,宝安区龙华街道新区大道与简上路交汇处,114.00398,22.637348,,61,
工勘院住宅楼,福田区,华富街道,福田区福中路15号,114.065405,22.546386,88,,
招商华侨城曦城五期,宝安区,新安街道,宝安区新安街道广深高速公路东侧,113.903501,22.599927,,,170
银山楼,罗湖区,笋岗街道,罗湖区宝岗路与梨园路交汇处南侧,114.106669,22.57106,63,,
京基御景印象家园二期,坪山区,马峦街道,中山大道与体育二路交汇处,114.329838,22.679218,,37,
儒骏城立方,龙岗区,坂田街道,坂田坂雪岗大道儒骏大厦1楼,114.068124,22.629632,,73,
桃源居七区,宝安区,西乡街道,宝安区桃源居一路与洲石公路交汇处西南侧,113.853629,22.617628,45,47,
中洲华府二期（商品住房）,宝安区,新安街道,宝安创业路与前进路交汇处,113.901224,22.575234,,108,
万家灯火花园,龙华区,民治街道,宝安区梅坂大道与滢水二路交汇处东侧,114.049625,22.603023,61,,
万科四季花城四期,龙岗区,坂田街道,龙岗区平南铁路与布龙公路交汇处西南侧,114.050443,22.626724,61,58,
中粮万福阁,宝安区,西乡街道,宝安区西乡街道流塘路西区五巷00025号,113.882636,22.586107,,87,
坂田石化新村,龙岗区,坂田街道,龙岗区五和南路与雅园路交汇处东侧,114.056497,22.620449,45,,
万科四季花城一期,龙岗区,坂田街道,龙岗区五和南路与布龙公路交汇处西南侧,114.054111,22.626652,55,58,59
丰华苑,宝安区,新安街道,宝安区新安街道洪浪北路63号,113.910784,22.577091,,68,
地铁锦上花园,龙岗区,横岗街道,龙岗龙岗大道地铁三号线六约站东南侧,114.17369,22.635799,,57,
大芬艺术大厦,龙岗区,布吉街道,龙岗区布沙路与沿河路交汇处南侧,114.129966,22.609574,,47,
碧海花园三期,盐田区,沙头角街道,盐田区环城路7号,114.226779,22.544477,,49,
海轩广场,龙岗区,布吉街道,龙岗区京南路与金龙路交汇处南侧,114.121749,22.601348,,85,
锦城星苑一期,龙岗区,龙岗街道,龙岗区仙人岭路与雄丰路交汇处西北侧,114.275373,22.749226,36,,
粤鹏大厦,罗湖区,南湖街道,罗湖区嘉宾路1019号,114.119146,22.54369,,77,
伍兹公寓,南山区,招商街道,南山区海滨路,113.909959,22.483063,,156,
中华花园,罗湖区,东晓街道,罗湖区太白路4017号,114.118136,22.579345,,62,
中海康城花园二期,龙岗区,龙城街道,龙岗区华美中路与阁溪一路交汇处西北侧,114.204689,22.713572,,39,
南油花园,龙岗区,平湖街道,龙岗区平龙西路与内环大道交汇处西北侧,114.105058,22.699486,35,,
富豪花园,龙岗区,坂田街道,龙岗区坂田南路与布龙公路交汇处西南侧,114.064836,22.6287,53,,
比华利山庄,罗湖区,东晓街道,罗湖区金稻田路69号,114.113985,22.590147,46,,
海鹏苑,盐田区,海山街道,盐田区下梧桐路2号,114.240936,22.564724,47,,
马家龙大新住宅楼,南山区,南头街道,南山区玉泉路马家龙工业区,113.922291,22.549848,79,,
爱榕园一二期,南山区,招商街道,南山区蛇口工业区工业九路,113.925729,22.503845,91,,
永恒楼,宝安区,福永街道,宝安区德丰路与政丰路交汇处南侧,113.815189,22.67415,,44,
松泉山庄,罗湖区,东晓街道,罗湖区太白路与松涛路交汇处西北侧,114.120217,22.580245,67,63,
碧涛苑别墅,南山区,招商街道,南山区碧榆路25号,113.909121,22.483509,,,125
美庐锦园,南山区,沙河街道,南山区石洲中路25号,113.961237,22.539153,,107,
可园一期,龙岗区,布吉街道,龙岗区京南路与木棉路交汇处东侧,114.129959,22.605012,61,62,
金地名峰花园,龙岗区,宝龙街道,龙岗区龙岗镇,114.256701,22.686214,,39,
璞岸花园一期,大鹏新区,大鹏街道,大鹏新区鹏飞路北侧（大鹏山庄旁）,114.476574,22.605421,,50,
园中花园,福田区,园岭街道,福田区园岭四街2号.6号   园岭五街17号.19号.23号,114.093871,22.554781,,91,
海莉园,南山区,蛇口街道,南山区蛇口雷公岭一路。,113.923144,22.496314,63,,
雅景苑一期,龙岗区,横岗街道,龙岗区红棉一路与新贤街交汇处南侧,114.19302,22.647075,,44,
星河雅居,福田区,沙头街道,福田区新洲九街273号,114.039578,22.526822,,81,
泰华苑,宝安区,新安街道,宝安区新安一路与新城大道交汇处西北侧,113.895269,22.556096,65,,
海天花园,宝安区,新安街道,宝安区翻身路与创业路交汇处东北侧,113.889395,22.564748,62,,
龙园山庄,罗湖区,清水河街道,罗湖区红岗路1299号,114.104646,22.590259,52,52,
松涛花园,宝安区,松岗街道,宝安区松岗街道朝阳中路松涛二期364号,113.841866,22.767913,34,,
福宁居,福田区,福田街道,福田区福田村福宁街169号,114.073437,22.535642,82,,
西海湾花园,南山区,粤海街道,南山区创业路以南,113.925679,22.517219,,104,
惠翔苑,福田区,莲花街道,福田区景田南路17号,114.039451,22.548012,69,,
泓瀚苑,龙岗区,坂田街道,龙岗区五和南路与吉华路交汇处东南侧,114.057539,22.634037,45,,
天富花园,盐田区,沙头角街道,盐田区金融路二巷2号,114.226468,22.551955,,53,
帝涛豪园,福田区,福保街道,福田区保税区桂花路帝涛豪园,114.053257,22.512827,,81,
赛普振华苑,罗湖区,莲塘街道,罗湖区港莲路3号,114.174338,22.560501,58,,
润唐山庄,罗湖区,清水河街道,罗湖区银湖路金湖一街45号,114.075193,22.578826,,64,161
金湖山庄,罗湖区,清水河街道,罗湖区银湖路6号,114.08235,22.5772,81,,130
和平花园,龙华区,龙华街道,宝安区和平路与中环路交汇处东侧,114.015323,22.653399,38,,
福德花园大厦,罗湖区,黄贝街道,罗湖区深南东路1118号,114.128234,22.549045,,74,
潜龙鑫茂花园A区,龙华区,民治街道,民治大道141号,114.038417,22.612567,78,73,
新世界倚山花园一期,盐田区,海山街道,沙头角梧桐路1968号,114.230127,22.565134,,,100
名津广场（商品住房）,福田区,福田街道,福田区福保街道福田口岸与裕亨路交汇处东侧,114.068543,22.518886,,103,
和兴花园一期,龙岗区,龙城街道,龙岗区爱心路94号,114.224929,22.724504,46,,
金泰花园,宝安区,新安街道,宝安区45区新安街道金泰花园,113.890063,22.565365,57,,
福鑫苑,福田区,福田街道,福田区福华路318号,114.065102,22.538289,,80,
新鸿花园,龙岗区,龙城街道,龙岗区龙翔大道与吉祥中路交汇处东侧,114.236797,22.715163,46,45,
香林玫瑰花园,龙岗区,龙城街道,龙岗区清林中路280号,114.220196,22.723155,38,35,
益田村,福田区,福保街道,福田区福强路与益田路交汇处西北侧,114.045443,22.516649,84,83,
荔芳村,南山区,南山街道,南山区学府路,113.918098,22.530426,106,,
荔秀华庭,南山区,南头街道,南山区南光路145号,113.922228,22.538461,,131,
祥云天都世纪大厦,福田区,沙头街道,福田区福强路与新洲三街交汇处（家乐福对面）,114.038883,22.523835,,100,
碧馨苑,福田区,福保街道,福田区石厦北三街3号,114.049315,22.526744,,98,
紫悦龙庭,龙岗区,龙城街道,龙岗吉祥北路与龙平路交叉口东北侧,114.234345,22.733618,,49,
东城中心花园一期（商品住房）,龙岗区,横岗街道,六约埔厦路8号,114.181294,22.640398,,71,
中铁大厦,盐田区,盐田街道,盐田区东海道70号,114.255502,22.591625,38,,
特皓苑,福田区,梅林街道,福田区林园东路10号,114.069479,22.572656,67,,
城脉深圳湾公馆,南山区,粤海街道,南山后海大道与东滨路交汇处,113.927893,22.50982,,248,
振兴路体委宿舍,福田区,华强北街道,福田区振兴路,114.08697,22.54999,94,,
金地梅陇镇四期,龙华区,民治街道,宝安区梅龙路与布龙公路交汇处东南侧,114.029175,22.631868,,68,
海语西湾花园,宝安区,西乡街道,宝安区西乡街道海滨大道西乡码头北1号,113.861061,22.55972,,70,
翡翠星光园,龙岗区,布吉街道,龙岗区京南路与深惠公路交汇处东侧,114.119344,22.60409,,70,
华侨城锦绣花园二期,南山区,沙河街道,南山区深南大道9002号,113.989789,22.537567,,86,
红群楼小区,罗湖区,桂园街道,罗湖区桂圆路141号,114.106582,22.550061,72,,
巨邦公司住宅楼(西区),罗湖区,翠竹街道,罗湖区翠竹片区东门北路2075号,114.128244,22.5623,53,,
粤宝山顶住宅小区,龙岗区,布吉街道,龙岗区宝丽路61号,114.103009,22.596687,42,,
鸿基花园三期,龙岗区,龙城街道,龙岗区鸿进路26号,114.238714,22.713571,,54,
金翠园,罗湖区,翠竹街道,罗湖区天贝二路与翠竹路交汇处西南侧,114.12382,22.563645,,106,
招南小区,南山区,蛇口街道,南山区蛇口工业区招商路招商路南商业住宅区,113.918288,22.492919,91,,
杰恩大厦,福田区,南园街道,福田区滨河大道与松岭路交汇处东北侧,114.089766,22.538698,,111,
蛇口花园城三期,南山区,招商街道,南山区南海大道1078号,113.917784,22.501612,105,110,
文汇花园,宝安区,新安街道,宝安区新安街道宝民一路204号,113.890996,22.573013,59,,
奥宸观壹城华府,龙华区,观湖街道,龙华区观澜高尔夫大道与观平路交汇处,114.063962,22.718993,,53,
喜福汇,龙岗区,龙城街道,和谐路139,114.220754,22.730511,,38,
康达尔花园三期,龙岗区,布吉街道,龙岗区李朗大道与深惠公路交汇处西侧,114.132425,22.62011,,53,
东城中心花园三期（商品住房）,龙岗区,横岗街道,深圳市龙岗大道六约中心区（地铁3号线六约站C出口）,114.179178,22.64113,,62,
南头花园,南山区,南头街道,一甲南街133-3号,113.91211,22.541455,89,,
靖轩豪苑,罗湖区,黄贝街道,深圳市罗湖区黄贝岭地铁站A出口/深南东路与沿河北路交汇处,114.134347,22.550674,,97,
东部华侨城天麓九区,盐田区,盐田街道,盐田区盐田山片区东部华侨城天麓九区,114.281229,22.631255,,,153
彩天名苑,福田区,福田街道,福田区彩田路,114.063341,22.540193,,106,
美墅蓝山家园,南山区,粤海街道,深圳市南山区滨海大道以南，后海大道以西,113.926865,22.523797,,109,
深业泰然观澜玫瑰苑,龙华区,观湖街道,龙华新区观澜办事处辖区,114.052151,22.718944,,53,
兴华广场,罗湖区,东门街道,罗湖区城东街6号,114.117427,22.548839,70,,
怡瑞达乐郡,龙岗区,宝龙街道,深圳市龙岗区龙岗街道深汕路与乐园路交汇处南侧,114.301953,22.717139,,37,
桐景花园,罗湖区,莲塘街道,罗湖区港莲路18号,114.169535,22.562176,,61,
宏发雍景城,光明区,公明街道,宝安公明镇红花山公园旁,113.901403,22.782318,36,42,
碧海富通城六期,宝安区,西乡街道,宝安区西乡镇西乡大道西北侧,113.852423,22.570812,,80,
都市名园,罗湖区,桂园街道,罗湖区桂园片区书城路1号,114.104258,22.542358,,96,
陶柏莉花园（二期）,大鹏新区,葵涌街道,(大鹏新区大鹏半岛)大鹏新区葵涌街道西北角,114.401604,22.63721,,42,
天马综合楼,南山区,南山街道,南山区南新路1046号,113.912993,22.519702,,73,
文华花园,罗湖区,黄贝街道,罗湖区深南东路与北斗路交汇处东南侧,114.131992,22.547574,68,69,
骏庭名园,罗湖区,桂园街道,罗湖区把那南路2107号,114.104847,22.550492,,90,
锦上花家园,罗湖区,黄贝街道,罗湖区文华片区锦联路45号,114.130881,22.543353,,89,
文竹园小区,南山区,招商街道,南山区蛇口工业八路,113.925864,22.501884,88,,
御景水岸花园,宝安区,福海街道,宝安区福永街道广深公路西侧,113.821478,22.687621,77,56,70
龙禧雅苑,龙岗区,龙岗街道,龙岗中心区龙盛大道（北通道）,114.240316,22.742576,,38,
东方大厦,罗湖区,东门街道,罗湖区童乐璐与东门北路交汇处东侧,114.119564,22.553896,69,,
西海明珠花园,南山区,南头街道,南山区桃园东路1号,113.925464,22.533877,,107,
景田西,福田区,莲花街道,福田区景田北一街26号,114.035985,22.559542,80,,
天鹅堡一期,南山区,沙河街道,南山区香山西街与侨香路交汇处南侧,113.974218,22.551517,,100,
东和住宅楼,罗湖区,莲塘街道,罗湖区鹏兴路21号,114.156377,22.569289,59,,
莲塘供水公司住宅楼,罗湖区,莲塘街道,罗湖区鹏兴路24号,114.156707,22.569589,48,,
栖棠映山花园,福田区,梅林街道,深圳市福田区香蜜湖福龙路西侧、北环大道北侧,114.009857,22.565828,,136,
中兆花园,龙岗区,南湾街道,龙岗区南湾街道龙岗街道420号,114.139429,22.621067,56,53,
丹枫白露苑,罗湖区,黄贝街道,罗湖区文华片区深南东路1001号,114.134295,22.547705,,79,
超群大厦,龙岗区,布吉街道,龙岗区京南路与锦龙路交汇处北侧,114.123366,22.604668,52,,
峰荟花园二期,光明区,马田街道,光明新区公明街道南环大道与振兴路交汇,113.893636,22.766048,,43,
官龙名苑,南山区,西丽街道,南山区新高路与同发路交汇处南侧,113.941089,22.592649,,70,
鸣翠谷,罗湖区,清水河街道,罗湖区银湖路金湖一街47号,114.076648,22.578847,72,90,
万科俊园,罗湖区,翠竹街道,罗湖区翠竹片区爱国路1001号,114.125823,22.554117,,93,
惠中名苑,南山区,南山街道,南山区登良路99号,113.912759,22.518784,86,,
中怡大厦,罗湖区,南湖街道,罗湖区和平路1195号,114.109573,22.541023,,94,
纯水岸十六期,南山区,沙河街道,南山区华侨城香山街,113.966592,22.552118,,156,
工贸佳园,南山区,招商街道,深圳市南山区蛇口后海路,113.926859,22.507205,77,,
山海翠庐,南山区,南山街道,南山区荔湾路太子山庄南,113.899896,22.511198,,78,91
华府假日大厦,南山区,招商街道,南山区太子路南康乐路西,113.91406,22.491046,,96,
新一代大厦,南山区,招商街道,深圳市南油大道与东滨路交汇处,113.920031,22.508285,,128,
熙和园,龙岗区,龙城街道,龙岗区龙岗镇,114.225397,22.730811,,56,
龙源大厦,龙华区,民治街道,宝安区建设西路与工业西路交汇处西南侧,114.01548,22.647653,43,,
金汇名园,宝安区,新安街道,宝安区新安街道甲岸路25号,113.895524,22.559589,,63,
康乐花园商住六区,龙岗区,横岗街道,龙岗区红棉一路与康乐路交汇处北侧,114.185756,22.647173,41,,
爱地花园一期,龙岗区,龙城街道,龙岗区龙平西路183号,114.219568,22.730378,39,,
御海新苑一期,南山区,南头街道,南山区前海路3003号,113.909045,22.533973,86,,
龙都名园,南山区,桃源街道,南山区龙珠大道,113.951972,22.573242,,91,
水务局梅林住宅楼,福田区,梅林街道,福田区梅丽路19号,114.02984,22.571447,74,,
中环花园,龙华区,龙华街道,宝安区中环路与建设西路交汇处东北侧,114.018702,22.652834,50,,
金枫花园,罗湖区,黄贝街道,罗湖区新秀路18号,114.145859,22.551429,58,52,
鹏城合正星园,罗湖区,翠竹街道,罗湖区翠竹片区贝丽南路59号,114.121163,22.567669,,101,
阳光天地家园,罗湖区,翠竹街道,罗湖区翠竹片区贝丽北路2号,114.122764,22.570055,,124,
嘉洲豪园一期,福田区,沙头街道,福田区滨河路9013号,114.039881,22.530113,,87,
鹏兴花园一期,罗湖区,莲塘街道,罗湖区国威路192号,114.15951,22.567898,55,,
雅颂居,福田区,莲花街道,福田区海田路1008号,114.061444,22.546323,,155,
锦绣江南四期,龙华区,民治街道,宝安龙华人民路与布龙路交汇处,114.026904,22.640811,,58,
水务沙头角综合楼,盐田区,沙头角街道,盐田区园林路25-35号,114.217435,22.558797,44,,
市公安局接待站住宅楼,罗湖区,桂园街道,罗湖区松园北街68号,114.102445,22.557388,71,,
祥宝楼,罗湖区,桂园街道,罗湖区桂园片区红宝路67号,114.102792,22.54867,,89,
满京华喜悦里华庭一期,龙岗区,龙岗街道,龙岗区深惠路与碧新路交汇处,114.264762,22.723946,,54,
冠利达利安公寓,宝安区,新安街道,深圳市宝安新安区前进一路西侧,113.894204,22.575846,61,,
麟腾苑二期,罗湖区,东湖街道,罗湖区东湖路,114.138805,22.581136,,85,
招北小区,南山区,招商街道,南山区蛇口工业区招商路北住宅小区,113.918775,22.494706,89,,
南光城市花园（商品住房）,南山区,南山街道,南山区南山大道与创业路交汇处,113.919276,22.522323,,121,
西湖苑,龙岗区,坪地街道,广东省深圳市龙岗区兴华路17号,114.294943,22.772305,34,,
紫薇苑二期,龙岗区,龙城街道,龙岗区公园路5号,114.235444,22.716549,,37,
华盛君荟名庭,罗湖区,东门街道,罗湖区东门中路2129号,114.117645,22.553246,,117,
绿景新苑二期,福田区,沙头街道,福田区新洲北村107号,114.041088,22.527742,,90,
倚山别苑,龙岗区,布吉街道,龙岗区布龙路与景芬路交汇处,114.116621,22.623712,45,,
国雄公司商住楼,宝安区,西乡街道,宝安区西乡镇深公路东北侧,113.880256,22.583101,46,,
巨丰台,宝安区,石岩街道,宝安区石岩街道如意路185号,113.932796,22.680644,40,,
曦湾天馥名苑,南山区,蛇口街道,南山区后海滨路与工业八路交汇处,113.933909,22.501461,,204,
运河蓝湾家园,龙岗区,龙岗街道,龙岗区龙岗镇南联村,114.268242,22.72408,,39,
山语海苑一期,南山区,招商街道,深圳市南山区蛇口小南山少帝路,113.887186,22.485979,85,87,
园岭花园,福田区,园岭街道,福田区红岭中路2061号,114.098678,22.557919,,77,
华侨城锦绣花园一期,南山区,沙河街道,南山区深南大道9002号,113.991541,22.536554,85,93,
玉丰楼,福田区,南园街道,福田区东园路与上步南路交汇处西北侧,114.090907,22.54007,,103,
京基滨河时代广场南区,福田区,沙头街道,深圳市坪山新区中山大道与体育二路交汇处,114.022155,22.530371,,128,
向西路教育宿舍,罗湖区,南湖街道,罗湖区春风路与向西路交汇处东南侧,114.122286,22.542623,70,,
广福大厦,宝安区,福永街道,宝安区石厦路与福新大道交汇处西北侧,113.820663,22.675862,31,,
中兴公寓,南山区,南山街道,南山区南光路与登良路交汇处西北侧,113.91753,22.517218,66,,
东方半岛花园B区,龙岗区,布吉街道,龙岗区布龙路2号,114.12445,22.616298,44,44,
莱蒙水榭春天A区6期,龙华区,民治街道,民塘路23号,114.02133,22.629303,,78,
前海康城华府,南山区,南山街道,兴海大道与沿山路交汇处,113.888637,22.496467,,96,
福东龙华府,龙华区,大浪街道,宝安区大浪街道布龙路与和平西路交汇处北侧,114.000014,22.647655,,56,
旭飞华达园一期,罗湖区,翠竹街道,翠竹路2058号,114.12457,22.574169,,103,
竹园企业公司住宅楼,罗湖区,清水河街道,红岗路1028,114.099307,22.573632,51,,
福庭苑,南山区,南山街道,向南路67号,113.913085,22.509855,92,,
新世界誉名别苑,宝安区,新安街道,宝安区新安街道,113.908124,22.596801,,,116
志健时代广场,龙岗区,横岗街道,龙岗区深惠公路与茂盛路交汇处西北侧,114.200353,22.649812,,49,
中山雅苑,南山区,南头街道,中山园路241号,113.919067,22.562522,71,,
港澳8号,罗湖区,东门街道,深南东路2118,114.117435,22.547596,,81,
工会住宅楼,福田区,华强北街道,上步中路1011号,114.090475,22.546523,79,,
银雅居,龙华区,民治街道,龙华新城人民北路与龙胜路交汇处,114.019735,22.643247,,55,
红岗花园,罗湖区,清水河街道,罗湖区泥岗东路与泥岗宝岗立交桥交汇处西北侧,114.104604,22.574597,62,,
书院街48号大院,罗湖区,东门街道,罗湖区人民北路书院街48号,114.115078,22.556833,68,,
平吉上苑一期,龙岗区,平湖街道,龙岗平湖街道上木古社区新河路与平新北路交汇处,114.116635,22.670523,,53,
吉祥龙花园,南山区,蛇口街道,中心路和工业七路交汇处,113.934174,22.500006,,161,
泰美园,福田区,福保街道,福田区石厦北二街6号,114.048913,22.529457,,98,
合正瑞园,福田区,园岭街道,福田区八卦四路,114.096947,22.567029,,88,
大族河山花园一期（商品住房）,龙岗区,南湾街道,深圳市东湖国际住区樟树布公园北侧,114.152229,22.615463,,55,
翡翠名园,福田区,莲花街道,福田区彩田北路6009号,114.061541,22.564981,83,77,
世纪假日广场,南山区,沙河街道,南山区深南大道与华夏街交汇处东侧,113.967701,22.541476,,120,
金福大厦,罗湖区,翠竹街道,罗湖区翠竹片区翠竹路1008号,114.125325,22.560413,,77,
高嘉花园,罗湖区,南湖街道,罗湖区文锦南路与春风路交汇处西北侧,114.124686,22.545901,83,,
建新村,龙岗区,龙岗街道,龙岗区建新路1号,114.26744,22.725268,28,,
嘉福花园,福田区,福保街道,福田保税区福强路,114.060748,22.519753,,89,
华侨城锦绣花园四期,南山区,沙河街道,深圳市南山区华侨城开平街（OCT-LOFT创意产业园东侧）,113.98985,22.53984,,131,
兰丽花园,南山区,南头街道,南山区南山大道3009号,113.918278,22.545634,70,,
万科东海岸二期,盐田区,梅沙街道,盐田区环碧路216号,114.292322,22.604352,,54,60
卓越弥敦道名苑,龙岗区,横岗街道,(龙岗区横岗)龙岗区横岗街道四联路东侧,114.198421,22.651328,,55,
碧海富通城五期,宝安区,西乡街道,宝安区共乐路与兴业路交汇处东南侧,113.849004,22.571781,,86,
桂园小区一区,南山区,招商街道,南山区蛇口工业九路,113.924666,22.505571,82,,
向南海德大厦,南山区,南山街道,南山区海德二路与南新路交汇处东北侧,113.914911,22.525493,,109,
福星北住宅区,福田区,福田街道,福田区福华路90号,114.077433,22.540971,83,,
雷公岭海怡阁,南山区,蛇口街道,南山区招商路62号,113.924042,22.494504,71,,
半岛城邦花园二期,南山区,蛇口街道,南山区东角头蛇口半岛与金世纪路交汇处东侧,113.926929,22.48429,,123,
华业玫瑰四季馨园一期,龙华区,民治街道,龙华新区大道与人民路交汇处,114.013298,22.628533,,84,
南澳海滨花园,大鹏新区,南澳街道,龙岗区海滨南路与海港路交汇处西北侧,114.484759,22.537873,34,,
半岛城邦花园三期,南山区,蛇口街道,(南山区蛇口)南山蛇口东角头望海路与金世纪路交汇处,113.930519,22.483223,,182,
风临四季花园,龙岗区,宝龙街道,龙岗区深汕公路与兴桥路交汇处东北侧,114.286008,22.730452,33,31,
悦澜山花园,龙岗区,龙城街道,深圳市龙岗区中心城盐龙大道（北通道）龙城大道出口100米,114.245935,22.73762,,54,
银麓公寓,福田区,梅林街道,福田区林园东路3号,114.071204,22.570264,76,,
益田豪园居,福田区,福保街道,福田区益田路与福强路交汇处南侧,114.051869,22.517481,,88,
河岸轩,龙岗区,龙城街道,深圳市龙岗区碧新路与盛龙路交汇处西北角,114.255832,22.734688,,43,
天健花园三期(龙岗),龙岗区,龙城街道,龙岗区建设路21号,114.242145,22.730904,,36,
横岗六约商住楼,龙岗区,横岗街道,龙岗区六和路39号,114.185397,22.640134,33,,
外运宿舍大院,罗湖区,桂园街道,"桂园北路79号,松园南九巷",114.107447,22.555641,72,,
莱蒙水榭春天花园三期,龙华区,民治街道,人民南路和布龙路交汇处东南,114.020379,22.630789,,81,
路桥大厦,罗湖区,清水河街道,罗湖区泥岗东路1122号,114.101072,22.572183,,94,
南光捷佳大厦,福田区,福田街道,福田区深南中路3037号,114.073333,22.541983,,102,
嘉逸花园,龙华区,龙华街道,宝安区东环二路与建设东路交汇处西侧,114.029763,22.657952,49,,
东海花园君豪阁,福田区,香蜜湖街道,福田区香蜜湖路与香轩路交汇处,114.021475,22.542992,,121,
莱蒙水榭春天花园二期,龙华区,民治街道,人民南路和布龙路交汇处东南,114.019089,22.631148,,77,
公园上苑,罗湖区,东门街道,东门北路与童乐路西北交汇处,114.118637,22.554409,,136,
百仕达东郡广场(百仕达乐湖),罗湖区,东湖街道,太宁路8号,114.135477,22.570826,,108,
福华新村,福田区,福田街道,(福田区福田中心)福华路251号,114.066121,22.536579,87,,
东都花园二区,龙岗区,龙城街道,龙岗区龙翔大道与岗贝路交汇处南侧,114.233035,22.712378,38,,
东方半岛花园A区,龙岗区,布吉街道,(龙岗区布吉大芬)布龙路2号,114.126864,22.614869,46,45,
经贸楼,罗湖区,南湖街道,嘉宾路2009、2013号,114.116834,22.542205,,68,
滨苑新村,罗湖区,桂园街道,罗湖罗湖滨河大道金塘街,114.101805,22.538939,59,,
建鑫苑,福田区,福保街道,福田区石厦四街1号,114.047874,22.521742,,96,
云尚公馆,福田区,华强北街道,福田燕南路与振中路交汇处,114.087422,22.545166,,135,
龙园意境华府,龙岗区,布吉街道,龙岗区布龙公路与景芬路交汇处北侧,114.119661,22.623607,62,59,64
泰安花园,宝安区,新安街道,宝安区宝安大道与上川一路交汇处西南侧,113.881785,22.568352,58,,
梅园新村,罗湖区,笋岗街道,罗湖区宝岗路梅园新村7栋,114.106892,22.570081,60,,
创业二村,宝安区,新安街道,宝安区宝安公路与创业二路交汇处西北侧,113.915064,22.589358,55,,
文锦渡海关一院,罗湖区,南湖街道,罗湖区东门南路1042号,114.121987,22.541971,59,,
南海中心,罗湖区,东门街道,罗湖区东门中路2071号,114.116554,22.550966,,79,
海滨城广场二期,宝安区,新安街道,宝安区宝安大道与裕安一路交汇处东侧,113.88571,22.564886,49,60,
恒冠豪园,福田区,福保街道,福田区石厦北二街4号,114.048954,22.528379,,100,
和兴花园四期,龙岗区,龙城街道,龙岗区爱心路47号,114.22261,22.726708,35,36,
同乐大厦,罗湖区,东门街道,罗湖区笋岗东路1号,114.119505,22.558015,,64,
雍祥居,福田区,香蜜湖街道,福田区香轩路28号,114.019298,22.542648,,108,
中南花园,宝安区,新安街道,宝安区新城大道与新安一路交汇处东侧,113.896892,22.553343,,69,
水运大厦,罗湖区,南湖街道,罗湖区嘉宾路4007号,114.109479,22.54144,,86,
宝龙花园,龙岗区,布吉街道,龙岗区宝龙路与金鹏路交汇处西南侧,114.112169,22.607325,,38,
彩虹居,南山区,南头街道,南山区大新路38号,113.927272,22.552172,81,,
园景园名苑,南山区,蛇口街道,南山区工业七路与爱榕路交汇处西南侧,113.924662,22.496837,,100,
海天一色雅居,盐田区,海山街道,盐田区海景路8号,114.238514,22.557499,,67,
天俊大厦,罗湖区,南湖街道,罗湖区东门南路3001号,114.117136,22.544313,,95,
海逸雅居,龙岗区,龙城街道,龙岗区龙翔大道与如意路交汇处南侧,114.222585,22.7025,37,35,
侨香村,福田区,香蜜湖街道,福田安托山东片区北环大道与安托山七路交汇处东南,114.008499,22.555758,,113,
电子设计院住宅楼,福田区,华强北街道,福田区华发北路30号,114.084827,22.545194,101,,
中航鼎尚华庭,龙岗区,坪地街道,龙岗区吉祥二路与教育中路交汇处东侧,114.296824,22.776295,,28,
潜龙曼海宁花园北区,龙华区,大浪街道,宝安区大浪街道新区大道东侧,114.004047,22.643216,,86,
旭飞华天苑,罗湖区,清水河街道,罗湖区泥岗东路1120号,114.10161,22.572531,,94,
大信大厦,罗湖区,桂园街道,罗湖区桂园片区宝安南路2066号,114.105436,22.551855,,62,
湖景大厦,罗湖区,翠竹街道,罗湖区翠竹片区田贝四路145号,114.118505,22.568007,,69,
东怡大厦,福田区,福田街道,福田区皇岗路,114.065402,22.533586,,83,
共和世家,福田区,福田街道,福田区益田路东、福民路南,114.052996,22.524251,74,89,
加福广场,福田区,福保街道,福田区保税区桂花路5号,114.057064,22.513906,,87,
中山颐景花园二期,南山区,南头街道,南山区南山大道3866号,113.919093,22.551458,100,,
龙翔花园,龙岗区,龙城街道,龙岗区新桥西一巷20号,114.234615,22.712973,35,,
金地龙城中央（商品住房）,龙岗区,龙岗街道,龙城大道27号,114.246595,22.714398,,46,
美地里园,龙岗区,龙城街道,龙岗区中心城33区龙翔大道与岗贝路交汇处南,114.232071,22.710449,,50,
华丽大院,福田区,华强北街道,振华路,114.078086,22.547365,94,,
桂景园,宝安区,松岗街道,宝安区东方一路与松岗大道交汇处南侧,113.853472,22.755327,57,,45
城市主场公寓,福田区,园岭街道,福田区八卦二路145号,114.09075,22.560664,,106,
都心名苑,罗湖区,东门街道,罗湖区中兴路165号,114.121019,22.551773,,95,
半岛花园A区,南山区,招商街道,南山区工业八路155号,113.92918,22.5018,80,,
金桂大厦,福田区,福保街道,福田区保税区新桂花村,114.057977,22.517333,,69,
东富大楼,盐田区,梅沙街道,盐田区海琴道11号,114.320105,22.604522,54,,
马古岭小区,罗湖区,翠竹街道,罗湖区田贝三路与翠竹路交汇处西南侧,114.123897,22.566342,64,,
茵悦之生花园二期,龙岗区,吉华街道,龙岗区松源路1号,114.106503,22.632303,,51,
茵悦之生花园一期,龙岗区,吉华街道,龙岗区松园大道与联中街交汇处西北侧,114.106155,22.630766,50,,
大众公寓,福田区,梅林街道,福田区龙尾路18号,114.03799,22.575513,76,,
岭宏健康家园,龙岗区,南湾街道,南湾街道布澜路和科技园路交汇处南侧,114.131457,22.627886,,59,
尚峰花园,龙岗区,南湾街道,广东省深圳市龙岗区布吉新区布澜路鸿荣源(宇宏健康花城东),114.132934,22.626341,,71,
懿花园,龙华区,观湖街道,"宝安区观澜街道横坑水库南侧,观天路北侧",114.058708,22.695785,,51,57
中航格澜郡一期,龙华区,观湖街道,宝安区广场沿河路与环观南路交汇处东侧,114.042931,22.69689,65,45,68
东部明珠雅苑,大鹏新区,大鹏街道,龙岗区建设路与向阳路交汇处西侧,114.472047,22.591309,37,48,
鸿基东港大厦,罗湖区,东门街道,罗湖区解放路1001号,114.116362,22.547666,,75,
润恒御园,宝安区,新安街道,宝安区新安街道罗田路与金科路交汇处东侧,113.868283,22.55804,,,190
龙腾阁(福永),宝安区,福永街道,宝安区政丰北路与龙腾街交汇处西北侧,113.814243,22.675591,33,,
南天二花园,福田区,园岭街道,百花二路31号,114.088539,22.553618,,100,
翠苑大厦,罗湖区,翠竹街道,罗湖区翠竹片区太宁路99号,114.132698,22.571365,,66,
东帝海景家园,南山区,蛇口街道,南山区后海大道60号,113.931093,22.492667,,80,
文汇学校家属楼,宝安区,新安街道,(宝安区新安)前进一路297号,113.89142,22.579155,51,,
东方美地苑,南山区,南头街道,南山区关口路46号,113.914058,22.541217,120,,
星河时代花园,龙岗区,龙城街道,龙岗区三十四路与黄阁南路交汇处东侧,114.222922,22.695159,61,60,66
水岸新都三期,龙岗区,龙岗街道,龙岗区仙人岭路与雄丰路交汇处西北侧,114.273684,22.74939,,38,43
水岸新都二期,龙岗区,龙岗街道,龙岗区丰田路与仙人岭路交汇处东北侧,114.275103,22.752207,35,31,
恒通工业城,龙岗区,吉华街道,龙岗区吉华路280号,114.096762,22.635048,40,,
阳光粤海花园一二期(商品住房),南山区,粤海街道,南山·科技南一路,113.936047,22.536275,,119,
50区开屏中心,宝安区,新安街道,翻身路251号,113.878734,22.573124,51,,
红岭南村,罗湖区,桂园街道,深圳市罗湖区红宝路39-1号,114.100817,22.548473,70,,
帝景峰,龙岗区,布吉街道,龙岗布吉深惠路与布龙路交界处,114.127738,22.613231,,53,
嘉洲豪园二期,福田区,沙头街道,福田区滨河路9013号,114.038809,22.529966,,88,
风和日丽花园二期,龙华区,民治街道,宝安区民治街道风和日丽37号,114.025679,22.643071,54,,
深航幸福花园,宝安区,福海街道,宝安区福永街道凤塘大道,113.807195,22.702072,,45,
蓝郡左岸花园,盐田区,海山街道,盐田区海景二路与东和路交汇处北侧,114.232433,22.554959,,76,
长城盛世家园二期,福田区,莲花街道,福田区彩云路1号,114.060045,22.563926,,93,
怡静苑,福田区,南园街道,福田区深南大道与华发南路交汇处西南侧,114.083168,22.542197,,87,
丽港湾,福田区,福保街道,福田椰风道与桂花路交汇处,114.056228,22.513299,,95,
南山豪庭,南山区,南头街道,南山区红花西路8号,113.913225,22.542524,,90,
俊荣大厦,罗湖区,黄贝街道,罗湖区秀南路与延芳路交汇处西南侧,114.134931,22.543249,90,,
龙园大观花园一期,龙岗区,龙岗街道,(龙岗区龙岗双龙)龙 岗区碧新路与新生路交汇处,114.262238,22.743452,,43,
华联花园,南山区,南山街道,南山区南新路1130号,113.915558,22.523299,80,82,
梧桐山花园,盐田区,沙头角街道,盐田区向园路5-1号,114.215349,22.558842,50,,
德馨楼,龙岗区,龙城街道,龙岗区彩云路与龙腾路交汇处南侧,114.239024,22.708675,35,,
南山天源大厦,南山区,南山街道,南山区南山大道与龙岗路西北侧,113.917496,22.524988,,76,
愉天小区,罗湖区,翠竹街道,罗湖区翠竹片区田贝四路43号,114.122736,22.568639,82,,
华府花园,南山区,南头街道,南山区学府路198号,113.912261,22.531809,90,,
先科花园,福田区,梅林街道,福田区梅华路3号,114.056563,22.567641,82,,
龙侨新村,龙岗区,龙岗街道,龙岗区向东路与深惠公路交汇处东北侧,114.279363,22.736241,28,,
水岸新都一期,龙岗区,龙岗街道,龙岗区仙人岭路与丰田路交汇处西北侧,114.272886,22.752166,33,32,40
万科桂苑,罗湖区,桂园街道,罗湖区桂园片区桂园北路68号,114.108675,22.554472,70,,
华侨苑,龙华区,龙华街道,宝安区建设东路与侨龙路交汇处东北侧,114.022821,22.654467,,,68
健君园,福田区,梅林街道,福田区彩田北路东侧健君园,114.06318,22.573305,,95,
信苑花园,福田区,华富街道,福田区梅岗路1号,114.077523,22.561395,79,46,
嘉华花园西区,宝安区,西乡街道,宝安区流塘路与宝民二路交汇处西北侧,113.880782,22.583699,47,,
中央花园,福田区,福保街道,福田区石厦北二街1号,114.047658,22.526296,,86,
碧云天,福田区,梅林街道,福田区梅林路156号,114.03206,22.563116,,97,
金地海景花园,福田区,沙头街道,深圳市福田区新洲路与福荣路交汇处,114.037264,22.518229,84,89,
壹方商业中心二期,宝安区,新安街道,宝安区新安街道新湖路宝安区政府旁,113.883222,22.554052,,127,
圣淘沙骏园,宝安区,西乡街道,宝安区新湖路与西乡大道交汇处西侧,113.857503,22.576977,,80,
光侨街住宅区,南山区,沙河街道,南山区侨城东街与光侨街交汇处西南侧,113.9815,22.538693,106,,
东森花园,龙岗区,龙城街道,龙岗区深惠公路与蒲排北路交汇处东侧,114.232309,22.702695,34,,
前海豪苑,南山区,南头街道,南山区大新片区前海路与学府路交汇处,113.91093,22.53172,,110,
依山居,福田区,华富街道,福田区梅岗路30号,114.084048,22.56483,,64,
茵悦之生花园三期,龙岗区,吉华街道,龙岗区信和大道与布龙高速公路交汇处东南侧,114.104958,22.633383,,56,
天景山庄西区,龙岗区,坂田街道,龙岗区五和南路与五和路交汇处东北侧,114.056077,22.612251,58,,
仁山智水花园二期,龙华区,观湖街道,宝安龙华新区观澜街道环观南路以北（梅观高速以东）鹭湖国际住区,114.061755,22.693024,,49,63
辛诚花园,福田区,福田街道,福田区福华三路11号,114.061322,22.534484,96,99,
恒运豪庭,福田区,福田街道,福田区福华三路8号,114.061059,22.535918,,106,
峰景台大厦,罗湖区,黄贝街道,罗湖区怡景路1053号,114.13517,22.557704,,64,
悠山美地家园,龙华区,大浪街道,深圳市龙华新区布龙路与华繁路交汇处,113.989302,22.667822,,57,
华浩源B区,龙岗区,布吉街道,龙岗区景芬路4号,114.121748,22.626266,,41,
万科蛇口公馆（商品住房）,南山区,蛇口街道,湾厦路,113.927518,22.490425,,124,
上沙综合市场住宅楼,福田区,沙头街道,福田区沙嘴路53号,114.03101,22.524942,72,,
和谐家园,龙岗区,南湾街道,龙岗区李朗大道与深惠公路交汇处西侧,114.135297,22.621949,,71,
香缇雅苑,龙华区,龙华街道,宝安区东环一路与油松路交汇处西南侧,114.038128,22.64539,,69,
华联城市山林花园二期,南山区,南山街道,南山区南山大道与内环路交汇处,113.909656,22.512705,,101,
前海天朗风清家园,南山区,南头街道,南山区桃李路与学府路交汇处东北侧,113.907475,22.532061,,101,
南国丽城花园,南山区,西丽街道,南山区丽城片区留仙大道路1378号,113.952347,22.584907,,79,
金泽花园,龙华区,福城街道,宝安区四黎路与丹丰街交汇处北侧,114.036794,22.719387,43,,
俊峰丽舍花园,南山区,桃源街道,南山区龙珠七路043号,113.977979,22.564075,,82,
电联大厦,龙岗区,布吉街道,龙岗区深惠公路与布龙公路交汇处东北侧,114.131145,22.61538,35,,
华侨城锦绣花园三期,南山区,沙河街道,南山区深南大道9002号,113.9912,22.537991,,101,
十五峯花园一期,南山区,桃源街道,南山区龙珠六路与龙苑路交汇处北侧,113.975528,22.567035,,137,
金汐府,龙岗区,宝龙街道,龙岗区龙新社区鸿基路23号,114.28643,22.732282,,39,
区委综合楼,南山区,南头街道,南山区常兴路167号,113.916808,22.54059,84,,
水岸新都四五期,龙岗区,龙岗街道,龙岗区丰田路与仙人岭路交汇处西北侧,114.272288,22.753945,,35,45
八卦岭宿舍区,福田区,园岭街道,福田区八卦三路199号,114.096794,22.563086,71,,
康达尔花园一期,龙岗区,布吉街道,龙岗区李朗大道与深惠公路交汇处西侧,114.133019,22.618729,,48,
假日湾华庭,南山区,沙河街道,深圳市南山区华侨城潮洲街西路,113.97276,22.542555,,106,
中城天邑花园,福田区,沙头街道,福田区新洲路与新洲六街交界处,114.042243,22.524226,,115,
侨洲花园,南山区,沙河街道,南山区沙河东路与明珠路交汇处东南侧,113.96149,22.545737,93,,
光纤小区(光纤工业小区),福田区,园岭街道,福田区八卦三路20号,114.098149,22.565175,85,,
滨海盛世名苑,大鹏新区,大鹏街道,建设路11号,114.47123,22.592611,,34,
中爱花园,南山区,桃源街道,南山区龙珠七路与龙苑路交汇处北侧,113.979654,22.56383,,98,
中海大山地花园北区,龙岗区,横岗街道,龙岗区平盐铁路与水官高速公路交汇处西南侧,114.172281,22.648736,,46,50
康达尔花园四期,龙岗区,布吉街道,龙岗区李朗大道与深惠公路交汇处西侧,114.131782,22.618693,,56,
128号大院,罗湖区,东门街道,罗湖区人民北路3110号,114.117732,22.556968,58,,
吉祥来花园,龙岗区,龙城街道,龙岗区吉祥中路与深惠公路交汇处西侧,114.237003,22.711754,,44,
嘉景苑,罗湖区,笋岗街道,罗湖区笋岗片区宝岗路45号,114.106725,22.567863,89,95,
星河盛世花园二期,龙华区,民治街道,宝安区民治街道,114.041108,22.606453,,85,
白金假日公寓,宝安区,西乡街道,宝安区宝源路与海城路交汇处东北侧,113.863851,22.570536,,110,
水晶之城二期,龙岗区,园山街道,龙岗区长江埔路与荷坳路交汇处西南侧,114.219829,22.673815,42,40,52
荔林春晓小区,南山区,南头街道,南山区南山大道3018号,113.920273,22.541162,,93,
建安花园,宝安区,新安街道,宝安区创业二路与建安一路交汇处南侧,113.897152,22.567849,59,,
黄木岗北区,福田区,华富街道,福田区梅岗路7--1号,114.077135,22.56011,75,,
雅仕阁,宝安区,新安街道,宝安区上川二路与前进一路交汇处南侧,113.892046,22.578216,,65,
水晶之城三期,龙岗区,园山街道,龙岗区长江埔路与荷坳路交汇处南侧,114.220971,22.671317,41,41,
康达尔蝴蝶堡,龙岗区,布吉街道,龙岗区李朗大道与深惠公路交汇处西侧,114.131536,22.620522,,63,
南水小区,南山区,蛇口街道,蛇口步行街南水小区,113.918015,22.490808,78,,
深业新岸线二期,宝安区,新安街道,宝安区新安六路与宝源路交汇处南侧,113.868694,22.562949,,75,
汉京湾雅居,南山区,南山街道,南山区月亮湾大道,113.887617,22.501171,,94,
桃源居三区,宝安区,西乡街道,宝安区桃源居二路与汇江二路交汇处西南侧,113.857791,22.616343,,55,
云景梧桐花园,罗湖区,莲塘街道,深圳市罗湖区梧桐山南麓半山,114.177856,22.569681,,81,150
航天立业华庭,福田区,华强北街道,福田区振华路25号,114.089658,22.546918,,104,
金色盛晖华庭,龙岗区,园山街道,龙岗区横岗镇,114.223198,22.680374,,40,
桑泰丹华园二期,南山区,桃源街道,南山区丽山路与坪山一路交汇处东北侧,113.95996,22.590372,,88,
永恒怡馨苑,宝安区,福永街道,宝安区福永镇,113.816594,22.675059,,39,
文雅豪庭,龙岗区,布吉街道,龙岗区布龙路27号,114.122259,22.614531,,49,
华日花园,罗湖区,清水河街道,罗湖区坭岗西路1004号,114.097647,22.570397,,75,
春华四季园,龙华区,民治街道,宝安区梅观高速公路与平南铁路交汇处东侧,114.047612,22.624139,60,63,
太宁小区(太宁路147号),罗湖区,翠竹街道,罗湖区翠竹片区太宁路147号,114.131418,22.571585,56,,
中新街住宅楼,南山区,沙河街道,南山区中新街2号,113.976063,22.539181,95,,
景华苑（商品住房）,龙岗区,吉华街道,龙岗区丽湖大道与布龙公路交汇处东北侧,114.101689,22.628062,41,,
丽岛茗园,南山区,桃源街道,南山区动物园与丽山路交汇处南侧,113.957717,22.594246,69,,
丽湖花园,龙岗区,吉华街道,龙岗区信和大道与水官高速公路交汇处东南侧,114.102358,22.632797,50,48,
京基御景印象家园三期,坪山区,马峦街道,(坪山区坪山)中 山大道与体育二路交汇处,114.328419,22.678297,,38,
慢城四期,龙岗区,布吉街道,(龙岗区布吉石芽岭)科技园路141号,114.127105,22.625721,,75,
阳基御龙山家园,龙华区,福城街道,(龙华区观澜)龙华区福城办事处福前路南侧,114.029079,22.716482,,51,
中海怡翠山庄,龙岗区,吉华街道,龙岗区布龙公路与松园大道交汇处东侧,114.106357,22.627065,50,55,51
芷峪澜湾花园（商品住房）,龙华区,福城街道,宝安区观澜镇,114.036636,22.696433,,54,
吉信大厦,龙岗区,布吉街道,龙岗区布吉路89号,114.111659,22.603244,,47,
银田花园,罗湖区,清水河街道,罗湖区金湖路42号,114.085844,22.572917,64,,
欧景城华庭北区,龙岗区,龙城街道,龙岗区吉福路43号,114.232152,22.727394,39,36,
御府名筑花园,龙岗区,龙城街道,龙岗中心城龙平西路南、龙福路北，龙城中路西南北药行旁,114.244975,22.731007,,56,
中泰艺术名庭,南山区,南山街道,南山区东滨路,113.91492,22.511504,,140,
东安花园,罗湖区,东湖街道,罗湖区东晓路1018号,114.132359,22.573792,64,,
蛇口花园城五期,南山区,招商街道,南山区海南大道与工艺八路交汇处东侧,113.914947,22.502634,,113,
优品建筑,龙华区,龙华街道,宝安区建设西路与中环路交汇处西侧,114.017086,22.650437,55,50,
海洋星苑,南山区,招商街道,南山区工业七路16号,113.929501,22.498788,,95,
民华大厦,福田区,莲花街道,福田区北环大道7041号东部,114.029187,22.560753,,116,
佳嘉豪苑,南山区,粤海街道,南山区商业文化中心区环西路东环南路南,113.925762,22.519032,,110,
松园小区,罗湖区,桂园街道,罗湖区桂园片区红桂路松园西街52号,114.101571,22.553887,79,,
笋岗大厦,罗湖区,笋岗街道,罗湖区笋岗片区宝岗路23号笋岗大厦,114.106752,22.56696,,61,
乐山居,福田区,华富街道,福田区泥岗西路2004号,114.084868,22.565989,68,,
灏景明苑二期,龙岗区,布吉街道,龙岗区中心区4号,114.125933,22.612412,,60,
香榭峰景苑,南山区,桃源街道,南山区龙珠大道与龙珠七路交汇处,113.978927,22.562473,,98,
上品雅园,龙岗区,坂田街道,龙岗区雪围路与布龙公路交汇处东北侧,114.077668,22.635436,,63,
江南名苑,福田区,福保街道,福田区福强路2143号,114.056595,22.517881,,78,
海涛居,宝安区,西乡街道,宝安区宝源路与新安六路交汇处西北侧,113.867061,22.567803,72,,
万科天誉花园一期,龙岗区,龙城街道,深圳市龙岗区龙翔大道与吉祥中路交汇处东南角,114.239303,22.715362,,49,
四季御园,罗湖区,莲塘街道,深圳市罗湖区莲塘片区西侧,114.153689,22.557024,,79,
阳光花园三期,龙岗区,吉华街道,福田区吉华路与新龙路交汇处东侧,114.110095,22.61794,47,49,
天健花园一期(龙岗),龙岗区,龙城街道,龙岗区建设路21号,114.240434,22.730437,39,,
兰园大厦,南山区,招商街道,南山区蛇口工业区工业十路,113.922647,22.507511,77,,
兰园商住楼,南山区,招商街道,南山区工业九路24号,113.922372,22.504977,,70,
嘉亿爵悦,龙岗区,龙城街道,龙飞大道669号,114.206584,22.718519,,43,
东景花园,福田区,莲花街道,福田区新闻路2号,114.043238,22.544756,,83,
倚园大厦,南山区,蛇口街道,南山区滨海大道出口与后海滨路交汇处东侧,113.921691,22.497327,92,,
福苑,盐田区,沙头角街道,盐田区沙盐路3052号,114.225261,22.553473,,73,
塑和公园华府,罗湖区,东门街道,罗湖区人民北路人民公园东门入口处,114.113993,22.555039,,165,
桃源居十二区,宝安区,西乡街道,宝安区桃源居二路与汇江二路交汇处东北侧,113.859292,22.618848,49,49,
碧中园,罗湖区,黄贝街道,罗湖区碧波一街10号,114.136871,22.564641,,67,
耀华楼,罗湖区,东门街道,罗湖区新园路16号,114.113997,22.549513,75,,
金海雅居,盐田区,盐田街道,盐田区北山道59号、57号,114.271068,22.589508,,43,
阳光荔景,南山区,南头街道,南山区南山大道与梅园路交汇处北侧,113.920613,22.539876,,98,
特力大厦,罗湖区,翠竹街道,罗湖区翠竹片区水贝二路56号,114.118789,22.574096,,82,
东道苑,罗湖区,东湖街道,罗湖区翠荫路45号,114.134275,22.586684,60,,
南头海关宿舍区,南山区,南头街道,南山区关口一路16号,113.908677,22.555064,82,,
知春里小区,龙岗区,布吉街道,龙岗区李朗大道与深惠公路交汇处西侧,114.134333,22.620116,50,56,
茂业城,龙岗区,布吉街道,龙岗区深惠公路与布龙公路交汇处北侧,114.129003,22.613979,49,51,
翠堤雅居,盐田区,海山街道,盐田区海景二路,114.231656,22.548997,,58,
深南中学家属楼,福田区,香蜜湖街道,福田区红荔路8153号,114.013207,22.54271,82,,
蛇口渔港综合楼,南山区,蛇口街道,南山区蛇口新街54号,113.926641,22.489488,67,,
景蜜村,福田区,莲花街道,福田区景田西路70号,114.033148,22.558294,84,,
福涛东园,福田区,福田街道,福田区金田南路1018号,114.060735,22.52426,,97,
金运花园,龙岗区,布吉街道,龙岗区金运路72号,114.115915,22.611078,36,,
梅花楼,盐田区,沙头角街道,盐田区金融路56号,114.227905,22.552377,50,,
向西综合楼,罗湖区,南湖街道,罗湖区向西路60号北,114.120299,22.545793,70,,
深丽苑阁,南山区,西丽街道,南山区西丽镇沙河西路与留仙大道交汇处,113.950036,22.582917,,76,
金茂礼都,福田区,华强北街道,福田区振兴路南,114.086213,22.548561,,122,
梅沙办事处住宅楼,盐田区,梅沙街道,盐田区金沙街与盐梅路交汇处西北侧,114.306042,22.602534,49,,
碧波楼,罗湖区,桂园街道,罗湖区桂园片区桂园北路71号,114.108225,22.555376,64,,
中环阁,龙华区,龙华街道,宝安区和平西路与中环路交汇处西侧,114.015518,22.654498,48,,
南光紫荆苑,福田区,福保街道,福田区保税区绒花路格兰海湾,114.053428,22.512311,,93,
长富花园,罗湖区,东晓街道,罗湖区太白路3079号,114.12339,22.578884,71,,
锦文阁,福田区,莲花街道,福田区景田南路3号,114.039471,22.547379,,94,
阳光绿地家园,罗湖区,翠竹街道,罗湖区翠竹片区爱国路3003号,114.131632,22.56624,,95,
育星苑,福田区,香蜜湖街道,福田区竹子林五路11号,114.003687,22.537948,79,,
福华大厦,宝安区,福永街道,宝安区福永街道政丰北路5号,113.817016,22.673445,,28,
加洲花园,龙岗区,布吉街道,龙岗区罗岗路2号,114.131717,22.594264,55,,
国展苑,龙岗区,布吉街道,龙岗区深惠公路与荣超路交汇处东侧,114.113684,22.597914,,56,
余岭山庄,龙岗区,龙城街道,龙岗区吉云路43号,114.236206,22.712343,33,,
世纪华厦,龙岗区,布吉街道,龙岗区吉政路48号,114.119836,22.612101,,56,
宏观苑,南山区,粤海街道,南山区书山路3002号,113.92884,22.526566,,93,
景富苑,宝安区,新安街道,宝安区翻身路与裕安一路交汇处西北侧,113.884642,22.56777,56,54,
万隆苑,龙岗区,布吉街道,龙岗区布龙路5号,114.116614,22.621991,47,,
东鸿雅居,龙岗区,宝龙街道,龙岗区龙岗街道,114.291948,22.732946,,31,
东方欣悦居,福田区,福保街道,福田区福民路与石厦北二街交汇处,114.048889,22.52615,,107,
自来水住宅楼,罗湖区,黄贝街道,罗湖区黄贝路2057号,114.135766,22.561882,69,,
怡园大厦,南山区,南山街道,南山区学府路103号,113.922436,22.529482,,75,
康欣园,福田区,莲花街道,福田区景田西路15号,114.032984,22.556201,,79,
松岭路39号大院,福田区,南园街道,福田区松岭路与南园路交汇处西南侧,114.088922,22.539872,79,,
东方皇宫,罗湖区,南湖街道,罗湖区南湖路3018号,114.115922,22.544997,,87,
阳光天下花园,福田区,梅林街道,福田区梅林街与龙尾路交汇处东北侧,114.038971,22.573019,,115,
英协大厦,福田区,福田街道,福田区滨河大道6027号,114.05976,22.530944,,70,
万事达名苑一期,罗湖区,翠竹街道,罗湖区翠竹片区太宁路183号,114.130436,22.571317,,85,
祥和花园一期,罗湖区,莲塘街道,罗湖区聚宝路17号,114.16391,22.564856,,63,
文康楼,罗湖区,翠竹街道,罗湖区翠竹片区太宁路7号,114.136611,22.56877,,80,
家天下花园,大鹏新区,葵涌街道,(大鹏新区大鹏半岛)葵坪路与金葵西路交汇处西南100米,114.414724,22.626361,,37,
京基御景印象家园四期,坪山区,马峦街道,深圳市坪山新区振环路,114.326654,22.677391,,39,
丽乐美居,南山区,南头街道,南山区南头街293号,113.912856,22.539063,98,,
锦龙花园,福田区,南园街道,福田区爱华路西侧,114.08619,22.539251,,91,
梧桐花园,龙岗区,横岗街道,龙岗区梧桐路与红棉路交汇处东南侧,114.177787,22.643594,30,,
万德居,福田区,南园街道,福田区深南中路1019号,114.098375,22.542359,,84,
仁山智水花园一期,龙华区,观湖街道,宝安龙华新区观澜街道环观南路以北（梅观高速以东）鹭湖国际住区,114.06122,22.693277,,52,59
荣兴大厦(罗湖),罗湖区,南湖街道,罗湖区江背路6号,114.11997,22.539304,,73,
高科利花园大厦,福田区,福田街道,福田区皇岗路,114.067301,22.539177,,83,
愉康花园,南山区,南头街道,南山区南山大道与学府路交汇处东北侧,113.922009,22.530667,90,,
福达苑,福田区,梅林街道,福田区下梅林一街9号,114.027995,22.562556,68,,
东海万豪广场,南山区,粤海街道,南山区科技大道与高新南十一道交汇处东侧,113.945922,22.528036,113,,
南方明珠花园一期,盐田区,盐田街道,盐田区东海道183-1号,114.254437,22.590832,42,,
粤海花园,罗湖区,南湖街道,罗湖区南湖路3042号,114.115823,22.545535,,75,
皇都广场,福田区,福田街道,福田区益田路3008号,114.052252,22.530481,,85,
聚豪园,福田区,莲花街道,福田区景田路18号,114.040685,22.548902,,97,
天一名居,福田区,莲花街道,福田区商报东路129号,114.041932,22.557901,,92,
五洲星苑,福田区,莲花街道,福田区新闻路12号,114.040397,22.544848,,119,
世界花园海华居,南山区,沙河街道,南山区侨城西街9号,113.969725,22.54276,,85,
招北综合楼,南山区,招商街道,工业7路75号,113.919174,22.496542,97,,
佳兆业假日广场（商品住房）,大鹏新区,大鹏街道,大鹏新区迎宾路与岭南街交汇处,114.469073,22.59706,,49,
"福盈中央山花园南区
（商品住房）",光明区,公明街道,深圳市光明新区公明街道振明路（红花山对面）,113.893656,22.778745,,47,
佳兆业中央广场三期,龙岗区,坂田街道,深圳坂雪岗大道与布澜大道交汇处,114.072642,22.663217,,65,
勤诚达和园悦园乐园,宝安区,新安街道,宝安创业路灵芝公园旁（地铁环中线洪浪北站A出口）,113.90517,22.575695,,91,
万科运城三期,南山区,西丽街道,-,113.942268,22.576728,117,112,
南光城市花园（商务公寓）,南山区,南山街道,-,113.919276,22.522323,,133,
南园枫叶公寓,南山区,南山街道,-,113.91623,22.519062,,139,
27区华联城市全景,宝安区,新安街道,-,113.903071,22.576743,,110,
新地中央公寓,光明区,光明街道,-,113.938144,22.763372,,63,
佳兆业中心,福田区,南园街道,-,114.091863,22.541975,,112,
北一号大芬统建楼,龙岗区,布吉街道,布沙路217号,114.134699,22.609724,35,,
百丽名苑,龙华区,福城街道,观光路与龙观快速交汇处（深圳第二外国语学校北侧）,114.012062,22.729211,,36,
富隆苑,龙华区,大浪街道,华盛路142号富隆苑,113.997454,22.685398,,41,
香格丽湾园二期,宝安区,西乡街道,宝安区西乡街道航城大道南侧,113.846256,22.606395,,83,
福祥街住宅楼,福田区,福田街道,福田区福祥街与滨河大道交汇处西侧,114.077874,22.535184,84,,
太阳雨家园,龙岗区,坂田街道,深圳市龙岗区坂田街道坂雪岗大道与环城南路交汇处东南角（万科第五园对角）,114.06937,22.617952,,64,
华景花园大厦,福田区,福田街道,福田区皇岗路,114.064573,22.533142,,86,
创世纪滨海花园,南山区,粤海街道,南山区书山路3008号,113.925694,22.526692,,101,
湖北宝丰花园,福田区,沙头街道,福田区新洲九街14号,114.039642,22.527943,79,,
可园三期,龙岗区,布吉街道,龙岗区京南路与木棉路交汇处东侧,114.13134,22.604647,,66,
华侨新村(南山),南山区,南头街道,南山区南光路91号,113.922417,22.531999,77,,105
深蓝公寓,南山区,粤海街道,南山区南商路西、龙城路北,113.923612,22.515914,,135,
信义锦绣花园,龙岗区,横岗街道,龙岗区乐园路与康乐路交汇处东侧,114.18589,22.648966,,49,
佳华锦苑,宝安区,新安街道,宝城73区,113.889491,22.587506,,53,
洪湖一街5号大院,罗湖区,笋岗街道,罗湖区文锦北路与洪湖一街交汇处西北侧,114.118193,22.561717,59,,
华厦楼,宝安区,新安街道,宝安区宝民路与新圳路交汇处东北侧,113.899053,22.563266,35,,
地铁前海时代广场,南山区,南山街道,(南山区前海)地铁前海湾车辆段,113.899207,22.529485,,97,
罗芳雅苑(罗芳污水处理厂),罗湖区,黄贝街道,(罗湖区新秀)延芳路98号,114.142934,22.544738,60,,
港城华庭,福田区,福田街道,福田区裕亨路3号,114.067634,22.519784,,96,
名骏豪庭,罗湖区,莲塘街道,罗湖区港莲路20号,114.166598,22.562074,,69,
鼎胜金域世家豪园,南山区,西丽街道,(南山区大学城)西丽石鼓路和留仙大道西北角,113.942527,22.58504,,100,
可乐园,龙华区,大浪街道,宝安区布龙路与华达路交汇处东侧,113.994442,22.666971,62,,
中海锦城花园北区,龙华区,民治街道,(龙华区上塘)简上路和腾龙路交叉口,114.009427,22.64049,,79,
黄金花园,龙岗区,南湾街道,黄金南路43号,114.138204,22.611182,,40,
新南统建楼,龙岗区,平湖街道,深圳市龙岗区平湖街道力昌社区新厦大道98号,114.119277,22.703691,,35,
新安居花园,龙华区,观湖街道,深圳市龙华区观湖街道新田社区,114.083159,22.703296,,32,
公园里花园三期（商务公寓）,龙岗区,南湾街道,-,114.153849,22.609647,,68,
诚盈商务中心,南山区,南山街道,-,113.881188,22.498194,,105,
哈尔滨大厦,福田区,莲花街道,-,114.027555,22.560486,,117,
华盛盛荟名庭（商务公寓）,宝安区,新安街道,-,113.888384,22.576461,,87,
金地国际公寓,南山区,粤海街道,-,113.94593,22.530534,,155,
银江春晓家园,龙华区,观湖街道,(龙华区观澜)观澜大和路和环观南路交汇处,114.043062,22.689485,,53,
圆龙园,福田区,园岭街道,福田区园岭五街25号,114.092311,22.554389,,115,
松盛大厦,宝安区,松岗街道,宝安区松岗街道朝阳路352号,113.83988,22.767999,35,,
榆园二期,南山区,招商街道,南山区近海路西、桂园北路北,113.927303,22.504603,83,,
华茂欣园,福田区,莲花街道,福田区红荔西路7001号,114.043086,22.549764,,89,
三家店住宅楼,盐田区,沙头角街道,盐田区恩上路一巷11号,114.221243,22.554077,54,,
云海天城世家,南山区,粤海街道,南山深圳市南山区龙城路4号,113.926784,22.516293,,91,
东城中心花园二期（商品住房）,龙岗区,横岗街道,华发路与龙岗大道交叉口北150米,114.179586,22.639468,,57,
环城路东小区,盐田区,沙头角街道,盐田区碧海路与步步路交汇处东南侧,114.228464,22.547476,56,,
半山海景·兰溪谷二期,南山区,招商街道,南山区半山区与沿山路交汇处东侧,113.909335,22.492187,,124,215
众孚花园,福田区,福保街道,福田区福民路与杨候公路交汇处西南侧,114.045888,22.524716,81,,
集信大厦,宝安区,松岗街道,宝安区松岗街道楼岗大道集信大厦223号,113.847343,22.768719,,32,
万托家园,福田区,莲花街道,福田区景田路83号,114.038242,22.555373,,102,
中海丽苑,南山区,南山街道,南山区南山大道1006号,113.915603,22.51852,,86,
金湖星苑,龙岗区,吉华街道,龙岗区布龙公路与丽湖大道交汇处东侧,114.101274,22.628487,48,,
东方时代广场,福田区,华强北街道,福田区华强北路2009号,114.081082,22.548346,,121,
山海四季花园,盐田区,盐田街道,盐田中心区北山道（盐田实验学校旁）、毗邻地铁8号线盐田站,114.249162,22.595198,,62,
中海华庭,福田区,福田街道,福田区民田路89号,114.046382,22.536092,,139,
玮鹏花园,福田区,华强北街道,福田区深南中路2002号,114.089479,22.544812,,101,
崇德雍翠华府,罗湖区,东晓街道,罗湖区太白路4088号,114.117266,22.580688,,87,
千叶苑,南山区,蛇口街道,南山区招商路58号,113.923318,22.495425,87,,
伟柏花园,福田区,福田街道,福田区滨河大道6003号,114.061772,22.53097,,90,
泰华新村,龙华区,龙华街道,宝安区东环一路与油松路交汇处西南侧,114.038484,22.645117,55,,
商业外贸住宅楼,盐田区,沙头角街道,盐田区恩上路51号,114.224394,22.554315,53,,
泰安轩,福田区,沙头街道,福田区泰然四路,114.019714,22.536729,,112,
观山大卫华庭,龙岗区,吉华街道,布吉景芬路与科技园路交汇处,114.120475,22.625067,,59,
方卉园,南山区,南头街道,南山区玉泉路以北,113.921498,22.550069,100,,
佳盛园,龙岗区,龙城街道,龙岗区盛平片区龙城中路112号,114.248439,22.731649,,35,
金源大厦,罗湖区,南湖街道,罗湖区东门南路3009号,114.116595,22.544958,,79,
愉康大厦,南山区,南头街道,南山区学府路14号,113.920159,22.530782,,82,
益田合正佳园,福田区,福保街道,福田区益田路3011号,114.050627,22.528482,,100,
玉湖湾花园,宝安区,西乡街道,宝安区银田路与宝源路交汇处西侧,113.843581,22.575434,,83,
香蜜所住宅楼,福田区,香蜜湖街道,福田区紫竹六道12号,114.00648,22.538344,81,,
佳泰兴苑,福田区,香蜜湖街道,福田区农林路53号入口,114.008579,22.544721,,121,
福业大厦,福田区,福田街道,福田区福强路1010号,114.062497,22.530359,,89,
观澜湖高尔夫大宅昆仕顿区,龙华区,观澜街道,宝安区高尔夫大道与观光路交汇处北侧,114.060771,22.744233,,,81
弘雅花园一期,宝安区,新安街道,宝安区新安街道上川路38号,113.890258,22.57641,55,,
时代景苑一期,宝安区,福永街道,宝安区广深公路与永丰二路交汇处东北侧,113.824965,22.682286,,43,
龙岭花园,大鹏新区,大鹏街道,龙岗区迎宾北路与人民路交汇处西侧,114.463908,22.59997,33,,
前海丹华园,南山区,招商街道,赤湾四路与赤湾九路交汇处小南山脚.赤湾公园旁,113.882069,22.482536,,88,
创意侨园,福田区,香蜜湖街道,福田区侨城东路2006号,113.993184,22.539429,,92,
凯伦花园,福田区,梅林街道,福田区奥士达路2号,114.058045,22.568037,134,,
海天园,盐田区,沙头角街道,盐田区碧海路14号,114.229898,22.545986,49,,
御庭园,福田区,福田街道,福田区金田南路1003号,114.059919,22.522061,,99,
万景花园,福田区,福田街道,福田区滨河大道5016号,114.064562,22.53355,,82,
颐安都会中央花园,龙岗区,龙城街道,深圳市龙岗中心城地铁3号线大运站C出口,114.219932,22.691578,,51,
东源阁,龙华区,龙华街道,宝安区民清路与东环二路交汇处北侧,114.037743,22.654074,44,,
听泉居,福田区,香蜜湖街道,农林路与侨香路交汇处以北,114.004489,22.555033,,105,
中信龙盛广场（商品住房）,龙岗区,宝龙街道,龙岗区深汕路和南通道交汇处,114.292062,22.725147,,40,
育德佳园一期,南山区,粤海街道,南山区后海路东、登良路北。,113.928812,22.514283,103,104,
康佳苑,南山区,沙河街道,南山区汕头街8号,113.987182,22.53844,,93,
凯丰花园一期,福田区,梅林街道,福田区凯丰路8号,114.05909,22.570117,86,,
万事达名苑二期,罗湖区,翠竹街道,罗湖区翠竹片区太宁路183号,114.130714,22.571673,,90,
翡翠明珠花园(龙城),龙岗区,龙城街道,龙岗区深惠公路与晨光步行商业街交汇处西北侧,114.228887,22.703748,39,,
侨城东街,南山区,沙河街道,南山区侨城东街与汕头街交汇处西北侧,113.985687,22.540162,89,,
前海东岸花园,南山区,南头街道,南山南头北环大道北侧南山大道西侧,113.91376,22.555648,,103,
中康生活区,福田区,梅林街道,福田区梅林路58号,114.050133,22.571884,73,,
财富港大厦,宝安区,西乡街道,宝安区海城路与宝源路交汇处北侧,113.862841,22.570561,,67,
富通好旺角二期,宝安区,新安街道,宝安区新安街道创业一路2108号,113.884477,22.56127,,81,
万象新园,南山区,南山街道,南山区桂庙路与南海路交汇处西北侧,113.922152,22.527055,,103,
中骏蓝湾翠岭花园一期,龙岗区,宝龙街道,深圳市龙岗区深汕公路与深汕高速交汇处（沈海高速龙岗出口右拐200米）,114.297854,22.724353,,38,
凯旋湾花园,大鹏新区,南澳街道,龙岗区海滨北路与水沙路交汇处东南侧,114.480762,22.546471,,,85
凤凰山庄,龙岗区,园山街道,龙岗区宝桐南路与梧岗四巷交汇处西南侧,114.215877,22.612541,55,,
嘉意台,福田区,福田街道,福田区福田街道金田南路与水围街交汇处西侧,114.059861,22.523022,,93,
银通住宅综合楼,罗湖区,莲塘街道,罗湖区轻工路42号,114.173055,22.56468,51,,
金丽花园一期,罗湖区,笋岗街道,罗湖区梅园路与广九铁路交汇处西南侧,114.108885,22.565544,58,,
桃源居十六区,宝安区,西乡街道,宝安区桃源居四路与汇江三路交汇处东北侧,113.860804,22.62169,,58,
金桃园一期,南山区,南头街道,南山区桃园路193号,113.91311,22.534918,,85,
公园里花园一期,龙岗区,南湾街道,龙岗樟富北路与布沙路交汇处,114.15131,22.61037,,60,
天安高尔夫海景花园,福田区,沙头街道,福田区泰然一路,114.029053,22.531659,,106,
英伦名苑二期,南山区,粤海街道,南山区沙河西路2021号,113.952322,22.550492,,98,
招干楼小区,南山区,招商街道,南山区南海大道与工业六路交汇处以北,113.920791,22.500547,82,,
前海金岸大厦,南山区,南头街道,南山区桃园路122号,113.913223,22.535994,,119,
东都小区商住楼,龙岗区,龙城街道,龙岗区晨光路东4号,114.228794,22.702687,33,,
赛格景苑,福田区,莲花街道,福田区景田西路17号,114.032493,22.556836,,91,
雷公岭医院机关楼,南山区,蛇口街道,南山区工业七路政府机关住宅楼,113.922564,22.497045,69,,
佳华豪苑,宝安区,石岩街道,宝安区石岩大道与河滨南路交汇处西侧,113.933978,22.679466,,46,
百花园一期,福田区,园岭街道,福田区百花二路2号,114.089849,22.557027,,111,
浩铭财富广场,福田区,香蜜湖街道,福田区深南大道7002号,114.021585,22.540359,,138,
花里林居,福田区,梅林街道,福田区梅林路与彩田路交汇处东南侧,114.064351,22.573275,,98,
海景花园（商品住房）,南山区,沙河街道,南山区光侨街8号,113.983409,22.538685,,96,
华府馨居,福田区,梅林街道,福田区安得街5号,114.055282,22.56984,,118,
翔名苑,福田区,莲花街道,福田区景田西路21号,114.031565,22.557663,,111,
缤纷假日豪园,南山区,南山街道,南油大路东华园,113.922807,22.523561,,90,
创富时代俊景园,宝安区,航城街道,宝安区广深高速公路与机荷高速公路交汇处西北侧,113.835876,22.639939,,45,
新阁小区,福田区,梅林街道,福田区林园东路9号,114.068934,22.570462,,86,
松源大厦,罗湖区,莲塘街道,罗湖区国威路188号,114.163751,22.56757,48,,
振业翠海花园一期,福田区,香蜜湖街道,福田区泽田路2号,114.011475,22.55406,,122,
启兴配套生活区,坪山区,龙田街道,深圳市大工业区,114.361927,22.70758,38,,
金宝楼,龙岗区,南湾街道,龙岗区沙平北路与丹沙路交汇处西南侧,114.158554,22.61042,40,,
前海花园,南山区,南头街道,南山区桃园路268号,113.907728,22.536781,85,88,
珑门名苑,龙华区,福城街道,新丹路,114.023507,22.726798,,51,60
翠兰楼,罗湖区,翠竹街道,(罗湖区百仕达)东门北路2057号,114.125409,22.559853,101,98,
瑞泽佳园一期,龙岗区,横岗街道,龙岗区横岗镇,114.177593,22.647782,51,49,
半岛城邦花园一期,南山区,蛇口街道,南山区东角头蛇口半岛与金世纪路交汇处东侧,113.926915,22.481722,,131,
茗萃园二期,龙岗区,平湖街道,龙岗区平安大道与良白路交汇处西北侧,114.137942,22.672379,,41,
上武楼,福田区,福田街道,福田区福华路19号,114.078539,22.539554,82,,
信和花园,龙岗区,布吉街道,龙岗区深惠公路与布龙公路交汇处东北侧,114.129904,22.614838,45,,
香山里花园四期,南山区,沙河街道,(南山区华侨城)南山华侨城文化创意园香山西街,113.962249,22.553245,,120,
怡瑞山居,龙岗区,布吉街道,龙岗区布吉景芬路1号,114.117852,22.622492,50,44,
远洋新干线荣域花园,龙岗区,龙岗街道,深圳地铁3号线龙城广场站、南联站之间（龙岗区龙岗大道与植物园交汇处）,114.256851,22.720695,,46,
创业一村,宝安区,新安街道,宝安区创业二路与留仙路交汇处东北侧,113.910535,22.583823,57,,
俊安苑,福田区,香蜜湖街道,福田区农轩路121号,114.012297,22.547584,,119,
通业大厦(通业花园),福田区,梅林街道,福田区下梅林一街与下梅林二街交汇处东南侧,114.030837,22.563264,,86,
九州家园一期,龙岗区,龙岗街道,龙岗区盛平工业一路与龙园路交汇处北侧,114.258803,22.731549,31,29,
南新大厦,南山区,南头街道,南山区常兴路162号,113.914322,22.533094,70,,
雷圳大厦,福田区,福田街道,福田区福明路40号,114.07637,22.541671,,95,
西湖花园,罗湖区,桂园街道,罗湖区宝安南路3014号,114.104574,22.554338,,65,
大冲城市花园,南山区,粤海街道,南山区科技园大冲村深南大道与铜鼓路西北角,113.951721,22.547069,,108,
鸿威鸿景华庭南区,龙岗区,龙岗街道,深圳市龙岗中心城五联朱古石社区连心路（清林径森林公园主入口）,114.212324,22.752152,,37,40
环宇公司宿舍,罗湖区,清水河街道,罗湖区玉平大道与泥岗西路交汇处西北侧,114.098541,22.571284,58,,
南海花园,南山区,粤海街道,南山区兴南路52号,113.925266,22.508311,,,105
怡宝花园,宝安区,航城街道,宝安区航城大道与广深公路交汇处西北侧,113.852955,22.612534,48,,
天安数码城,福田区,沙头街道,福田区泰然五路61号,114.026668,22.535328,129,,
鸿景翠峰花园,罗湖区,莲塘街道,罗湖区罗沙路2016号,114.184955,22.559576,,70,
名城国际广场,龙岗区,布吉街道,龙岗区李朗大道与深惠公路交汇处西侧,114.135106,22.621028,47,50,
山水情家园,南山区,南山街道,南山区荔湾路东侧,113.902486,22.514557,87,90,
景园大厦(南山),南山区,招商街道,南山区爱榕路42号,113.925355,22.498024,,77,
嘉信蓝海华府,盐田区,沙头角街道,沙头角中英街出口处,114.227232,22.549246,,86,
绿海名苑,宝安区,西乡街道,宝安区西乡街道西乡大道与劳动路交叉口西南面,113.861592,22.579483,,76,
四十五区综合市场楼,宝安区,新安街道,宝安区裕安一路与自由路交汇处南侧,113.888236,22.567944,56,,
凤冠华庭,龙岗区,平湖街道,平湖镇平湖村,114.13739,22.697217,,42,
纯水岸六期,南山区,沙河街道,南山区香山中街与香山西街交汇处西南侧,113.967551,22.548209,,,260
黄埔雅苑二期,福田区,莲花街道,福田区福中路319号,114.045681,22.546206,108,112,
福昌苑,福田区,沙头街道,福田区新洲三街85号,114.037965,22.527999,,79,
尚书苑,福田区,梅林街道,深圳市福田区梅林路154号,114.032554,22.565543,,104,
水蓝湾园,龙岗区,龙城街道,龙岗区平安路与龙平西路交汇处西南侧,114.21622,22.729424,,47,
揽翠阁,福田区,沙头街道,福田区新沙路10号,114.040494,22.534373,88,,
富嘉名阁,南山区,南山街道,南山区南新路122号,113.914928,22.528139,,79,
宏轩大厦,福田区,福保街道,福田区石厦北一街31号,114.046501,22.530576,,119,
锦绣御园三期,龙华区,龙华街道,宝安区龙华街道创业路与和平东路交汇处,114.022813,22.661297,,69,
阳光第五季花园,龙岗区,坂田街道,龙岗区五河南路与雅园路交汇处西侧,114.054447,22.621067,,63,
紫荆苑,福田区,莲花街道,福田区景田东路3号,114.041037,22.545485,91,89,
南星大厦,光明区,公明街道,宝安区建设路与长春路交汇处东南侧,113.887749,22.783978,,28,
名门华府,宝安区,新安街道,宝安中心区罗田路与明玉路交汇处东北侧,113.879334,22.566462,,105,
福丰楼,福田区,梅林街道,福田区梅林路52号,114.052852,22.571448,74,,
东滨华苑,南山区,招商街道,深圳市南山区蛇口东滨路3010-4号,113.921324,22.508275,,85,
黄贝岭华侨新村,罗湖区,黄贝街道,罗湖区深南东路1078号,114.130621,22.549902,55,,
都市阳光名苑,福田区,沙头街道,福田区深南大道6021号,114.020486,22.537916,,109,
香荔花园,福田区,香蜜湖街道,福田区丰田路20号,114.013503,22.544592,107,105,
城市假日花园,南山区,桃源街道,南山区龙珠大道064号,113.973474,22.566243,83,80,
蛟湖路34号住宅楼,罗湖区,东门街道,罗湖区蛟湖路34号,114.112942,22.553218,73,,
粤海新村,罗湖区,翠竹街道,罗湖区翠竹片区太安路78号,114.131073,22.575375,66,,
广东省军区大院,罗湖区,桂园街道,罗湖区红桂二街路1号,114.102436,22.55095,65,,
国都高尔夫二期,福田区,沙头街道,福田区新沙路8-2号,114.041575,22.534174,,96,
京海花园,福田区,福田街道,福田区福华路29号,114.077185,22.539756,,91,
融富花园二期,龙岗区,坪地街道,龙岗区教育中路与兴华路交汇处北侧,114.29743,22.773542,29,,
盛世鹏程花园,福田区,园岭街道,福田区上步路与笋岗路交汇处东北侧,114.092484,22.559358,,99,
榕苑,龙华区,民治街道,宝安区民治街道民治大道29号,114.039922,22.609766,56,,
常桂苑,南山区,南山街道,南山区桂庙路与常兴路交汇处,113.916949,22.528335,78,,
雷圳碧榕湾名苑,南山区,南山街道,南山区荔湾路与沿湖路交界东北,113.899618,22.51443,83,,
金域九悦花园,龙华区,福城街道,广东省深圳市龙华新区观澜龙观快速与悦兴路交汇处,114.015715,22.714908,,47,60
上梅华庭居,福田区,梅林街道,福田区梅华路华景花园,114.053214,22.5677,,87,
旭景佳园一期,龙岗区,坂田街道,龙岗区虎山路与坂田南路交汇处西侧,114.06532,22.626969,57,57,
林业大厦,福田区,华富街道,福田区梅岗南街9号,114.080602,22.561545,61,,
保税区第二生活区,盐田区,海山街道,盐田区梧桐路与海山一巷交汇处北侧,114.229736,22.561566,54,,
今日家园,罗湖区,东晓街道,罗湖区东昌路78号,114.130993,22.583975,,75,
下步庙南区,福田区,南园街道,福田区滨河路2035号,114.084118,22.535106,85,,
国旅宿舍,罗湖区,南湖街道,罗湖区沿河南路1066号,114.117689,22.536348,69,,
世界花园雅典居,南山区,沙河街道,南山区侨城西街9号,113.969247,22.541694,84,,
百合苑,宝安区,新安街道,宝安区新安街道宝民一路一巷60号,113.892693,22.574294,52,,
龙富花园(布吉),龙岗区,吉华街道,龙岗区西环路与八约3街交汇处东北侧,114.103623,22.60989,40,,
特力商厦,龙岗区,平湖街道,龙岗区凤凰片区双拥街77号,114.126818,22.701206,25,,
能源宿舍,罗湖区,桂园街道,罗湖区红岭中路1016号,114.100251,22.549013,66,,
海典居,南山区,南山街道,南山区南油大道,113.922707,22.520855,,84,
佛山街,南山区,沙河街道,南山区佛山街1号,113.973592,22.539463,90,,
建业大厦,福田区,香蜜湖街道,福田区农林路与建业大道交汇处西侧,114.011559,22.539575,,89,
泛海拉菲花园二期,南山区,南山街道,(南山区前海)前海路70号,113.88856,22.498822,,90,
融景园,宝安区,新安街道,宝安区翻身路与裕安一路交汇处西北侧,113.884885,22.566558,,62,
宏欣豪园,福田区,福保街道,福田滨河大道与益田路交界处,114.049103,22.530483,,167,
半山翠林花园,南山区,桃源街道,南山区西丽珠光路与龙珠一路交汇处东侧,113.955417,22.576433,,97,
粮食集团住宅楼,罗湖区,翠竹街道,罗湖区翠竹片区田贝三路73号,114.121521,22.566731,71,,
田华楼,罗湖区,笋岗街道,罗湖区笋岗片区西货场路6号,114.109978,22.573197,48,,
东乐宿舍楼,罗湖区,南湖街道,罗湖区南极路8号,114.122332,22.546502,62,,
绿茵庭苑,罗湖区,东晓街道,罗湖区金稻田路2114号,114.115496,22.585106,61,,
深港花园(龙岗),龙岗区,龙城街道,龙岗区清林中路6号,114.231686,22.722879,33,,
七十五区商住楼,宝安区,西乡街道,宝安区前进二路与新安四路交汇处西北侧,113.887436,22.584246,52,,
愉园新村,龙岗区,龙城街道,龙岗区吉福路33号,114.23243,22.724059,31,33,
湾厦德园,南山区,蛇口街道,南山区招商路52号,113.924181,22.49493,88,,
世濠大厦,罗湖区,东门街道,罗湖区人民北路2139号,114.114464,22.551141,,67,
泰阳金桔苑,龙岗区,南湾街道,龙岗区步沙路与健民路交汇处东南侧,114.146687,22.606845,37,,
雍景轩,南山区,蛇口街道,南山区工业七路与花果路交汇处东侧,113.922451,22.497529,,86,
茂恒园,福田区,莲花街道,福田区彩云路18号,114.06152,22.565926,89,86,
梅花新园,龙华区,民治街道,宝安区梅花大道与香梅中路交汇处西南侧,114.036171,22.625136,,62,
金田风华苑,坪山区,坑梓街道,龙岗区新发街与梓兴路交汇处东侧,114.369861,22.748325,,35,
惠名花园,罗湖区,莲塘街道,罗湖区罗沙路2031号,114.17827,22.557911,51,,
珑御府,南山区,粤海街道,南山高新科技园南区高新南十道与科技南路交汇处西南角,113.944636,22.529278,,170,
闽侨大楼,龙岗区,布吉街道,龙岗区长盛路与布李路交汇处北侧,114.11427,22.612392,43,,
中航北苑大厦,福田区,华强北街道,福田区振华与中航路交汇处,114.079025,22.547665,122,107,
新苑小区,罗湖区,南湖街道,罗湖区和平路与春风路交汇处西北侧,114.107924,22.538587,71,,
深宝花园二期,宝安区,新安街道,宝安区自由路与创业一路交汇处南侧,113.890893,22.565514,64,,
南油福园,南山区,南山街道,南山区内环路小三角地,113.912574,22.509552,75,,
金家综合楼,罗湖区,东门街道,罗湖区中兴路193号,114.119727,22.550963,70,,
公交梧桐苑,罗湖区,莲塘街道,罗湖区七号路8号,114.17793,22.561358,,52,
时代华庭,福田区,莲花街道,福田区景田二街8号东侧,114.043228,22.546305,,83,
紫藤苑,南山区,蛇口街道,南山区海月片区科苑南路与工业8路交汇处西南,113.936088,22.502418,,175,
环岛丽园,罗湖区,黄贝街道,罗湖区华丽路1099号,114.12892,22.554934,,90,
缔梦园一期,福田区,莲花街道,福田区莲花西路2067号,114.037478,22.555628,,113,
星发楼,南山区,招商街道,南山区蛇口荔园路近海路口,113.926905,22.501176,,96,
天丰公寓,盐田区,沙头角街道,盐田区勤工南街9号,114.220848,22.553701,51,,
港岛银座大厦,罗湖区,桂园街道,罗湖区桂园片区解放路3002号,114.1094,22.547911,,101,
景贝北小区,罗湖区,黄贝街道,罗湖区怡景路1004号,114.137348,22.557967,73,,
新华苑一期,龙华区,龙华街道,宝安区建设东路与东环二路交汇处西侧,114.03043,22.658375,47,,
嘉欣园,龙岗区,龙城街道,中心城黄阁坑村,114.211496,22.713238,,35,
嘉梅住宅,福田区,梅林街道,福田区梅林街道梅华路与新洲路交汇处西南侧,114.0388,22.564639,66,,
景尚雅苑,福田区,莲花街道,福田区北环大道7041号,114.028616,22.560639,,113,
橄榄绿洲家园,福田区,莲花街道,福田区景田南路与景田路交汇处东南侧,114.040794,22.546138,,115,
香蜜湖豪庭,福田区,香蜜湖街道,福田区侨香路1031号,114.019023,22.554431,,131,
鸿润豪苑,龙岗区,南湾街道,龙岗区步沙路与翠山路交汇处西南侧,114.147573,22.605972,,50,
莲塘第一工业区,罗湖区,莲塘街道,罗湖区国威路与聚宝路交汇处东北侧,114.166248,22.568996,55,,
康乐园,南山区,南山街道,南山区南光路,113.921455,22.520148,83,,
金兴公寓,罗湖区,东门街道,罗湖区乐园路与中兴路交汇处西侧,114.119523,22.552819,71,,
常兴苑,南山区,南头街道,南山区桃园路62号,113.917721,22.535834,72,87,
龙联花园,南山区,桃源街道,南山区龙珠二路38号,113.957451,22.572149,73,,
禾田世居,龙岗区,龙城街道,龙岗区清林中路6号,114.228705,22.723452,,42,
枫丹雅苑,福田区,香蜜湖街道,福田区侨香路1048号南侧,114.01817,22.556341,,89,
福田大厦,福田区,福田街道,福田区深南中路3019号,114.07757,22.542509,,84,
招商名仕花园,南山区,粤海街道,南山区后海滨路,113.92847,22.511875,96,,
圣源华庭,宝安区,西乡街道,宝安区宝源路与海城路交汇处西侧,113.862143,22.568035,,67,
润鹏花园,福田区,莲花街道,福田区莲花支路1019号,114.059109,22.562118,,70,
明舍御园,南山区,南头街道,南山区南光路151号,113.921862,22.539997,,91,
龙都花园,南山区,桃源街道,南山区龙珠二路,113.954774,22.572337,72,,
丹枫雅苑,龙华区,龙华街道,宝安区建设东路与东环一路交汇处东侧,114.02589,22.65731,,68,
嘉麟豪庭,福田区,福田街道,福田区深南大道2001号,114.061519,22.541639,,98,
深宝花园一期,宝安区,新安街道,宝安区海富一巷与创业一路交汇处北侧,113.890489,22.565934,65,,
鹏兴花园五期,罗湖区,莲塘街道,罗湖区罗沙公路与港莲路交汇处西南侧,114.164036,22.561287,,66,
奥林华府二期,龙岗区,龙城街道,龙岗区黄阁南路与如意路交汇处东南侧,114.216158,22.706561,,52,
松园南五巷,罗湖区,桂园街道,罗湖区桂园片区宝安南路3034号,114.104577,22.554857,70,,
太古城花园北区,南山区,蛇口街道,南山区海月片区科苑南路与工业8路交汇处西南,113.934241,22.504425,,164,
鸿隆广场,宝安区,西乡街道,宝安区西乡街道宝民二路111号,113.875864,22.584976,,87,
凯丰花园二期,福田区,梅林街道,福田区凯丰路8号,114.059879,22.570092,,104,
百合山庄,龙岗区,布吉街道,龙岗区罗岗路与深惠公路交汇处南侧,114.115361,22.597883,57,56,
鹿茵翠地,罗湖区,莲塘街道,罗湖区鹏兴路1号,114.156501,22.562065,53,65,
香雅园,福田区,香蜜湖街道,福田区香蜜湖侨香路北,114.017988,22.558284,,120,
一品东门雅园,罗湖区,东门街道,罗湖区中兴路68号,114.122577,22.55268,,107,
鹏益花园,福田区,园岭街道,福田区八卦一路159号,114.089545,22.562881,,83,
月朗苑,龙岗区,坂田街道,龙岗区五和南路与雅园路交汇处东侧,114.061616,22.618076,,60,
宏发嘉域花园二期,光明区,马田街道,公明松白路与马田路交汇处,113.871579,22.785185,,49,
众孚大厦,福田区,福保街道,福田区福民路139号,114.047058,22.525235,,83,
东晓花园,罗湖区,东晓街道,罗湖区东晓路2001号,114.13191,22.578217,59,,
南苑小区,南山区,蛇口街道,南山区蛇口新街225号,113.920946,22.491676,74,,
城市山谷花园,南山区,粤海街道,南山区南山沙河西路2029号,113.949398,22.553884,,112,171
雅涛花园,宝安区,西乡街道,宝安区西乡街道码头路109号,113.866194,22.569008,64,,
天泽花园,福田区,福田街道,福田区国花路34号,114.06482,22.520515,,92,
深大书香文苑,盐田区,盐田街道,盐田梅沙路口,114.271208,22.591324,,47,
德兴大厦,罗湖区,南湖街道,罗湖区建设路1046号,114.112694,22.537611,,109,
星航华府一期,宝安区,福永街道,深圳市航空新城宝安107国道兴围路口,113.826844,22.646812,,60,
防疫站住宅楼,福田区,福田街道,福田区福华路与富民路交汇处东北侧,114.076359,22.541098,86,,
赤尾村,福田区,南园街道,福田区一线公路与华强南路交汇处西侧,114.081097,22.534195,64,,
宝明苑,罗湖区,清水河街道,罗湖区清水河环仓路5号,114.102116,22.585258,56,,
香榭里紫园,福田区,香蜜湖街道,福田区农园路17号,114.016258,22.545199,,120,
仙湖明居,罗湖区,莲塘街道,罗湖区湖辉路1号,114.160313,22.569632,,73,
庆典大厦,福田区,福田街道,福田区滨河大道6015号,114.060661,22.53094,,93,
华海小区,福田区,沙头街道,福田区新沙路68号,114.036406,22.531282,67,,
绿洲丰和家园,福田区,福保街道,福田区石厦北一街7号,114.045755,22.530012,,117,
碧海蓝天明苑,盐田区,海山街道,盐田区海涛路140号,114.230092,22.556061,,61,
中洲华府一期,宝安区,新安街道,宝安区新安镇,113.899535,22.576912,,109,
天明居,福田区,莲花街道,福田区香梅路2008号,114.030121,22.556668,,89,
长海雅园,龙岗区,龙岗街道,龙岗区龙河路5号,114.250351,22.720874,38,,
布心逸心苑,罗湖区,东湖街道,罗湖区布心村203号,114.133378,22.581513,,76,
龙园苑,罗湖区,黄贝街道,罗湖区文华片区沿河南路3008号,114.132505,22.545133,,79,
华特大院,罗湖区,桂园街道,罗湖区桂园片区松园路13号,114.10321,22.55544,72,,
天骄世家,宝安区,西乡街道,宝安区流塘路与锦花路交汇处西北侧,113.885936,22.590821,52,57,
和兴花园三期,龙岗区,龙城街道,龙岗区清林中路200号,114.222902,22.723093,35,35,
领航城领翔华府,宝安区,航城街道,深圳前海航空新城宝安大道转航城大道,113.8495,22.612018,65,65,
景秀年华家园,福田区,莲花街道,福田区香梅路东、北环路南,114.026082,22.560064,,93,
云顶翠峰花园三期,福田区,福田街道,福田区福田街道福强路2016号,114.054391,22.521678,,100,
紫薇阁,福田区,莲花街道,福田区景田路106号,114.033751,22.561314,,93,
桂苑小区,南山区,沙河街道,南山区沙河东路138号,113.959908,22.538003,86,,
金园大厦,罗湖区,桂园街道,罗湖区宝安南路3088号,114.10495,22.557434,,96,
特丰综合楼,龙岗区,龙岗街道,龙岗区龙城南路10号,114.248021,22.714228,26,,
海关三院(黄贝),罗湖区,黄贝街道,罗湖区文华片区沿河南路3016号,114.133723,22.545426,62,,
侨福大厦,福田区,莲花街道,福田区新闻路57号,114.038791,22.543979,,112,
和亨中心广场,盐田区,盐田街道,盐田区盐田北四街1号,114.246536,22.591328,,59,
漾日湾畔,南山区,粤海街道,南山区商业文化中心区环东路东、环北路北,113.933822,22.522761,,116,
宏丰大厦,罗湖区,南湖街道,罗湖区春风路3016号,114.118176,22.540346,,78,
鹏兴花园三期,罗湖区,莲塘街道,罗湖区聚福路250号,114.162499,22.564836,,73,
润恒大厦,福田区,福田街道,福田区彩田路与滨河路交汇处东北侧,114.063703,22.53351,,112,
长景阁,福田区,莲花街道,福田区景田南三街1号,114.043447,22.546847,,70,
丹梓龙庭,坪山区,坑梓街道,坪山新区丹梓大道（聚龙山公园北侧）,114.38989,22.744391,,31,
宝泉庄,罗湖区,桂园街道,罗湖区桂园片区红桂路1008号,114.10704,22.553581,,74,
华裕花园,罗湖区,黄贝街道,罗湖区深南东路1122号,114.127458,22.548843,,73,
嘉华花园东区,宝安区,西乡街道,宝安区流塘路与前进二路交汇处南侧,113.884027,22.585907,49,,
易达大厦,宝安区,新安街道,宝安区创业路与翻身大道交汇处东南侧,113.890273,22.563846,,82,
香蜜湖唯珍府,福田区,莲花街道,福田区景田北街与景田北七路街交口,114.030058,22.558255,,99,184
聚宝花园,罗湖区,莲塘街道,罗湖区罗沙路3028号,114.169742,22.563413,55,56,
莲花一村,福田区,华富街道,福田区笋岗西路4001号,114.06505,22.556294,88,90,
园林小区,福田区,华富街道,福田区梅岗南街11号,114.079966,22.561751,76,,
竹盛花园二期,福田区,香蜜湖街道,福田区紫竹六道78号,114.000307,22.537276,,96,
深业花园,福田区,莲花街道,福田区福中一路102号,114.061517,22.548408,,118,
金成时代家园,宝安区,新安街道,宝安区新湖路与罗田路交汇处东侧,113.877614,22.56559,,79,
元盛兴苑,福田区,沙头街道,福田区福强路4055号,114.037112,22.52309,73,,
沙浦头康乐中心,福田区,南园街道,福田区松岭路与滨河大道交汇处西北侧,114.088462,22.538588,82,,
桑达南区,福田区,华强北街道,福田区华发北路,114.08493,22.546226,87,,
福田住宅楼,福田区,福田街道,福田区福华路25号,114.076974,22.539225,84,,
福瑞阁,福田区,沙头街道,福田区新洲九街339号,114.036892,22.527255,,83,
花园新村,龙华区,龙华街道,宝安区龙观东路与花园二路交汇处东南侧,114.014991,22.663192,45,,
水产综合楼,南山区,南头街道,南山区红花路77号,113.916427,22.540769,73,,
深发花园,罗湖区,黄贝街道,罗湖区深南东路与沿河南路交汇处西南侧,114.1335,22.548513,,75,
岭南石化住宅楼,罗湖区,桂园街道,罗湖区笋岗东路2125号,114.105672,22.55721,70,,
高发西岸花园,宝安区,新安街道,宝安区宝源路与裕安西路交汇处西侧,113.872808,22.557998,,82,
雅庭名苑,龙岗区,龙城街道,龙岗区龙翔大道与如意路交汇处东侧,114.224424,22.7041,36,,
星座大厦,福田区,福保街道,福田区石厦北三街8号,114.049889,22.528622,,121,
万科金色领域花园一期,宝安区,福永街道,宝安区福永街道,113.811098,22.66187,,54,
欧景城华庭南区,龙岗区,龙城街道,龙岗区吉福路43号,114.232479,22.725752,,35,
全海花园,福田区,沙头街道,福田区金地一路12号,114.038828,22.518965,,86,
香蜜三村,福田区,莲花街道,福田区景田南四街30号,114.042319,22.54886,,82,
花样年花郡家园,宝安区,新安街道,宝安区海域片区花样年花郡,113.877115,22.567045,,118,
绿景花园二期,福田区,沙头街道,福田区福强路4028号,114.037923,22.524577,,104,
梧桐山新居二期,罗湖区,莲塘街道,罗湖区畔山路122号,114.169928,22.570327,,76,
中城康桥花园一期,龙岗区,南湾街道,龙岗区深惠公路与李朗大道交汇处东北侧,114.139304,22.624718,49,46,
和平里花园二期,龙华区,大浪街道,龙华新区大浪街道和平路与布龙路交汇西南角（地铁4号线龙胜站A.D出口）,114.006044,22.644784,,67,
香山里花园一期,南山区,沙河街道,南山区北环大道与侨香路交汇处西南侧,113.970132,22.556233,,105,
东翠花园,罗湖区,清水河街道,罗湖区金湖路20号,114.092221,22.572444,56,,
源兴居,罗湖区,笋岗街道,罗湖区笋岗片区文锦北路1049号,114.117458,22.565049,,82,
兰亭居,福田区,福田街道,滨河大道与皇岗路交界西南,114.066091,22.530213,82,,
福源花园三期,福田区,福保街道,福田区桂花路与三花道交汇处西南侧,114.04948,22.511473,,85,
虹桥星座大厦,罗湖区,笋岗街道,罗湖区笋岗片区西货场路38号,114.109,22.572463,,104,
鸿基花园二期,龙岗区,龙城街道,龙岗区吉祥中路与鸿进路交汇处东北侧,114.23756,22.714455,35,39,
庐山花园,罗湖区,南湖街道,罗湖区沿河南路与江北路交汇处北侧,114.119035,22.539373,,81,
纯水岸十四期,南山区,沙河街道,南山区香山中街,113.968594,22.552228,,223,
桂芳园四期,龙岗区,南湾街道,龙岗区深惠公路与布吉东大街交汇处东侧,114.135305,22.617896,,59,
缤纷时代家园,罗湖区,东门街道,罗湖区东门中路2110-1号,114.120372,22.553968,,97,
翠湖小区,罗湖区,东门街道,罗湖区东门菜市街与城东街交汇处东侧,114.118418,22.549882,64,,
科力综合楼,南山区,蛇口街道,南山区商乐街与海昌街交汇处西南侧,113.915998,22.49014,85,,
皇岗星河华居,福田区,福田街道,福田区福港路26号,114.065741,22.526417,,91,
蓝田壹站华苑,盐田区,沙头角街道,盐田区深盐路3008号,114.225042,22.557033,,78,
国皇大厦,福田区,福田街道,福田区滨海大道6033号,114.059103,22.530826,,78,
承翰陶源花园,龙岗区,龙岗街道,深圳市龙岗区龙城街道五联社区,114.228812,22.753575,,37,
纯水岸十一期,南山区,沙河街道,华侨城香山街,113.968195,22.550741,,,305
宝莲大厦,福田区,莲花街道,福田区莲花路1116号,114.042197,22.561447,,73,
深华丽园,罗湖区,翠竹街道,罗湖区翠竹片区水贝一路76号,114.121305,22.57177,,79,
学城绿园,南山区,桃源街道,南山区丽水路与丽山路交汇处东南侧,113.960693,22.595011,66,,
新沙中学宿舍,福田区,沙头街道,福田区新沙路忆新街4号,114.041679,22.532559,72,,
万科翡悦郡园,宝安区,沙井街道,宝安区沙井镇,113.808975,22.734822,,51,
南澳湾花园,大鹏新区,南澳街道,龙岗区海港路11号,114.486555,22.533766,35,,
计生中心综合楼,福田区,园岭街道,福田区园岭五街8号,114.092071,22.555124,78,,
华景园别墅南区,罗湖区,莲塘街道,罗湖区国威路东8号,114.171718,22.5662,,,115
城投青莲公寓,福田区,莲花街道,福田区莲花路与宏威路交汇处东侧,114.052619,22.564098,,120,
乐安苑,福田区,南园街道,福田区深南中路与爱华路交叉口西南侧,114.086522,22.542568,86,,
长虹楼,福田区,南园街道,福田区南园路与上步南路交汇处西南侧,114.09036,22.540882,80,,
海天明月居,盐田区,海山街道,盐田区海景二路1102号,114.231461,22.55259,,50,
香山美树苑,福田区,香蜜湖街道,福田区建业三街与农林路交汇处西侧,114.009493,22.543258,,108,
高发住宅楼,福田区,福保街道,福田区石厦北一街12号,114.047058,22.530081,90,,
永利大厦,宝安区,福永街道,宝安区福永街道怀德大村立新路10,113.809077,22.670961,,43,
知本大厦,福田区,福田街道,福田区福民路12号,114.060248,22.526463,,105,
海富花园,罗湖区,黄贝街道,罗湖区深南东路与北斗路交汇处东南侧,114.13206,22.548275,,72,
世纪村,南山区,沙河街道,南山区沙河东路118号,113.960756,22.536288,,112,
槟城西岸华庭,宝安区,西乡街道,宝安区兴业路与西乡大道交汇处北侧,113.852698,22.57323,,85,
莱英花园,南山区,粤海街道,南山区沙河西路2017号,113.951405,22.550208,81,,
联发商厦,龙岗区,平湖街道,龙岗区新南片区平湖大街路405、417号,114.128165,22.692581,,30,
茂宝大厦,龙岗区,布吉街道,龙岗区深惠路（布吉段）185-189号,114.12125,22.607955,,42,
物资公司住宅楼(南山),南山区,南头街道,罗湖区聚宝路与畔山路交汇处东侧,113.914748,22.534732,74,,
阁林网苑,福田区,华强北街道,福田区振兴路与燕南路交汇处,114.088268,22.549513,,104,
新洲苑,福田区,沙头街道,福田区新洲九街156号,114.04039,22.527468,,74,
南光名仕苑,福田区,福保街道,福田区福田街道福强路与金田路交汇处西南侧,114.059768,22.519026,,88,
江南华府,龙华区,龙华街道,宝安区龙华街道东环二路183号,114.031774,22.656837,,50,
贝丽花园,罗湖区,翠竹街道,罗湖区贝丽北路与水贝二路交汇处西南侧,114.120681,22.572911,72,,
时尚新居,罗湖区,笋岗街道,罗湖区笋岗片区宝岗路时尚新居,114.107401,22.570623,,90,
清水河二路5号,罗湖区,清水河街道,罗湖区清水河5路5号,114.109393,22.584579,48,,
航苑大厦,福田区,华强北街道,福田区振华路,114.077844,22.546716,,105,
鸣溪谷,南山区,招商街道,南山区工业六路12号,113.911141,22.499889,,118,
朗晴馨洲,福田区,沙头街道,福田区滨河路9006号,114.040536,22.530182,,97,
碧海天家园,南山区,粤海街道,南山区南商路112号,113.925222,22.516625,,99,
中南大院(中南公司小区),罗湖区,翠竹街道,罗湖区翠竹片区翠竹路1138号,114.126105,22.569016,69,,
富达花园,罗湖区,莲塘街道,罗湖区畔山路53号,114.168748,22.569075,57,,
红树家邻名苑,福田区,沙头街道,福田区福荣路21号,114.016723,22.52877,111,120,
滢水山庄二区,龙华区,民治街道,宝安区滢水二路与梅坂大道交汇处东侧,114.048294,22.602964,57,,
幸福城润园一期,龙华区,龙华街道,龙华新区和平路与清泉路交汇处,114.032032,22.661905,,67,
天悦湾花园,南山区,西丽街道,深圳市南山区西丽留仙大道与同发路交汇处,113.940456,22.584489,,104,
宝鸿苑,福田区,沙头街道,福田区新洲七街104号,114.037226,22.526031,,87,
经发楼,宝安区,福永街道,深圳市宝安区福永镇怀德第二工业村,113.816663,22.672278,,27,
艺华花园,南山区,南头街道,南山区马家龙工业区,113.926248,22.551024,90,,
宏安苑,福田区,华富街道,福田区笋岗西路,114.066114,22.555224,,90,
嘉汇新城,福田区,福田街道,福田区深南中路3027号,114.075488,22.541135,,106,
曙光花园,南山区,蛇口街道,南山区蛇口新街,113.924594,22.489968,77,,
第五园二期,龙岗区,坂田街道,龙岗区五和南路与雅园路交汇处东侧,114.066434,22.620329,,65,70
御河堤花园,福田区,南园街道,福田区红岭南路与东园路交汇处西北侧,114.098854,22.540676,,122,
港湾花园,南山区,蛇口街道,南山区蛇口新街22号,113.929868,22.489894,98,93,
广信花园,宝安区,新安街道,宝安区裕安二路与商业步行街交汇处西北侧,113.884146,22.567222,70,64,
中熙香缤山花园,宝安区,西乡街道,西乡大道与前进路交汇处东北侧,113.876856,22.598248,,68,
睿智华庭,龙岗区,龙城街道,龙岗区龙岗镇,114.204791,22.708709,,49,
心语家园,南山区,南山街道,南山区前海路1040号,113.905407,22.517645,,103,
俊景豪园,福田区,莲花街道,福田区香梅路2002号,114.032903,22.55462,,90,
汽车大院,福田区,华强北街道,燕南路与振兴中路交汇处,114.088372,22.545724,89,,
海湾广场,南山区,蛇口街道,南山区蛇口海昌街与公园南路交汇处东侧,113.918706,22.489344,,84,
黎明大院,罗湖区,东门街道,罗湖区中兴路144号,114.120352,22.552562,69,,
方鼎华庭,南山区,南头街道,深圳市南山区南山大道东侧,113.919083,22.553705,,96,
上梅林综合楼,福田区,梅林街道,福田区梅林路10号,114.065704,22.573078,72,,
阅山公馆,龙岗区,龙城街道,深圳市龙岗中心城龙城大道与紫麟山二路交汇处,114.245455,22.740053,,49,
瀚盛花园,福田区,香蜜湖街道,福田区侨香路2号路交汇处,114.016598,22.558301,,108,
金碧苑,罗湖区,清水河街道,罗湖区银湖路2号,114.08413,22.574643,67,61,157
紫玉花园,福田区,华富街道,福田区福中路,114.065534,22.548352,,89,
同富住宅楼,宝安区,西乡街道,宝安区西乡街道新安六路4号,113.873018,22.570568,42,,
宝乐花园,宝安区,新安街道,宝安区新安街道宝民一路一巷65号,113.890124,22.574212,59,,
华海雅苑,宝安区,西乡街道,宝安区宝源路与海城路交汇处西侧,113.860901,22.569554,,79,
裕安楼,宝安区,新安街道,宝安区新安街道裕安二路一巷62号,113.903602,22.583326,52,,
博伦花园,福田区,福保街道,福田区福民路86号,114.050006,22.526296,,80,
景福花园一期,罗湖区,莲塘街道,罗湖区畔山路与国威路交汇处西南侧,114.169511,22.566505,46,,
香山里花园三期,南山区,沙河街道,(南山区华侨城)南山华侨城文化创意园香山西街,113.965947,22.554459,,138,
文峰华庭,龙岗区,南湾街道,龙岗布吉生态新区求水山公园入口北侧,114.138816,22.604478,,56,
滨海阳光园,大鹏新区,大鹏街道,龙岗区大鹏镇迎宾路,114.471502,22.597565,,48,
金玲花园,龙华区,龙华街道,宝安区东环一路与和平东路交汇处东南侧,114.024379,22.658214,48,,
平湖满庭芳,龙岗区,平湖街道,龙岗区横岭路与凤凰大道交汇处南侧,114.135347,22.697844,36,34,
碧湖康馨园,龙岗区,龙城街道,龙岗区尚景片区建设路11号,114.2423,22.728878,34,,
萃峰阁,罗湖区,莲塘街道,罗湖区罗沙路4028号,114.153662,22.558753,,44,
东方都会大厦,罗湖区,黄贝街道,罗湖区沿河北路1003号,114.137924,22.550821,,101,
沙岗圩20号商住楼,盐田区,盐田街道,盐田区沙岗圩20号,114.265692,22.590257,52,,
阳光新境园,龙华区,民治街道,宝安区梅龙路与布龙路交汇处东南侧,114.026266,22.631659,,63,
裕华小区,罗湖区,笋岗街道,罗湖区笋岗片区宝岗路146号,114.106212,22.569977,60,,
亚百利商住楼,罗湖区,黄贝街道,罗湖区文华片区北斗路27号,114.131028,22.545442,62,,
南景豪庭,龙岗区,南湾街道,龙岗区沙布路与布吉东大街交汇处北侧,114.135061,22.610667,,61,
世界花园米兰居,南山区,沙河街道,南山区华夏街与星河路交汇处东侧,113.967538,22.542678,84,,
祥韵苑,福田区,福保街道,福田区石厦北三街9号,114.049365,22.529465,,97,
宝湖名园,罗湖区,东湖街道,罗湖区宝湖名苑,114.13856,22.580494,,64,
天利明园,盐田区,盐田街道,盐田区东海道112号,114.2536,22.592263,,53,
荷康花园,龙岗区,园山街道,(龙岗区大运新城)龙岗大道横岗段7559号,114.219716,22.67867,,54,
横岗花半里雅筑,龙岗区,园山街道,龙岗区横岗镇,114.223708,22.679699,,48,
东兴大院,罗湖区,东晓街道,罗湖区金稻田路1063号,114.126301,22.587472,63,,
登科花园,宝安区,新安街道,宝安区翻身大道与开屏路交汇处西侧,113.880065,22.571921,62,59,
园林综合楼(盐田),盐田区,沙头角街道,盐田区园林路与深盐路交汇处西北侧,114.217489,22.559313,58,,
裕宏园,盐田区,盐田街道,盐田区东海道204号,114.250762,22.593133,59,,
前海明珠,南山区,南山街道,南山区桂庙路与前海路交汇处东北侧,113.910391,22.526744,,101,
和成世纪名园,龙岗区,坂田街道,龙岗区五和大道和布龙路交汇处东南角,114.05672,22.628499,,69,
金田花园,南山区,南山街道,南山区南新路,113.915829,22.525323,80,,
国都高尔夫一期,福田区,沙头街道,福田区新沙路3号,114.042,22.533357,,92,
福兴花园二期,福田区,梅林街道,福田区龙尾路2号,114.040205,22.570482,,82,
向南西海花园,南山区,南山街道,南山区桂庙路以南、南新路以西,113.913713,22.525597,,82,
南玻花园,南山区,蛇口街道,南山区招商路21号,113.925016,22.493784,64,,
"福盈中央山花园北区
（商品住房）",光明区,公明街道,深圳市光明新区公明街道振明路（红花山对面）,113.894459,22.77979,,48,
玫瑰园小区,南山区,招商街道,南山区蛇口工业区工业八路,113.920726,22.501581,83,,
怡康家园,龙岗区,布吉街道,龙岗区李朗大道与深惠公路交汇处西侧,114.132119,22.616954,,65,
中信红树湾花城,南山区,沙河街道,南山区沙河东路与白石路交汇处东南侧,113.960704,22.531028,146,148,
彩福大厦,福田区,福田街道,福田区福华路与彩田路交汇处西侧,114.062406,22.538739,,93,
紫薇花园西区,龙岗区,龙城街道,龙岗区公园路11号,114.234751,22.720647,34,,
都市翠海华苑,宝安区,新安街道,宝安区前进一路与创业二路交汇处东南侧,113.900762,22.57242,,101,
云栖西岸阁,南山区,南头街道,南山区学府路与港湾大道交汇处东北侧,113.9057,22.532225,,111,
富通苑,宝安区,新安街道,宝安区宝安大道与上川一路交汇处西南侧,113.881031,22.569139,,62,
华垦宿舍,罗湖区,笋岗街道,宝岗路200号,114.108116,22.571494,61,,
皇岗花园大厦,福田区,福田街道,福田区地铁四号线与吉龙三街交汇处北侧,114.060028,22.530386,,85,
景田北,福田区,莲花街道,福田区景田北三街1006号,114.039144,22.560279,90,,
公安园林路住宅楼,盐田区,沙头角街道,盐田区罗沙路1062号,114.217172,22.5583,45,,
向南瑞峰花园（商品住房）,南山区,南山街道,南山区南山大道与桂庙路交汇处东北侧,113.921037,22.527777,,124,
深国际万科和雅轩,龙华区,民治街道,深圳市龙华区民治街道,114.042985,22.611031,,68,
天汇时代花园二期,光明区,马田街道,深圳市光明区松白路？地铁6号线公明广场站（在建中）旁,113.888794,22.77662,,52,
流花医院宿舍楼,罗湖区,南湖街道,罗湖区春风路2069号,114.121535,22.542166,65,,
东湖豪庭,罗湖区,东湖街道,罗湖区太白路东湖豪庭,114.139817,22.579534,,80,
擎天华庭,福田区,莲花街道,福田区商报路18号,114.039322,22.55384,,95,
竹园东区,罗湖区,翠竹街道,罗湖区翠竹片区东门北路2081号,114.130988,22.562688,71,,
鸿瑞花园三期,南山区,南山街道,南山区南光路西,113.921994,22.524003,,103,
碧景园,福田区,莲花街道,福田区景田路81号,114.038625,22.554926,84,,
鸣乐中心,宝安区,西乡街道,宝安区新城大道与码头北路交汇处西北侧,113.870352,22.577021,56,,
湾厦福园,南山区,蛇口街道,南山区工业七路湾厦福园,113.923707,22.496291,,75,
赛格绿茵阁,福田区,福田街道,福田区福民路龙秋一街7号,114.061697,22.524381,,92,
紫光名苑,福田区,福田街道,福田区福强路1048号,114.06254,22.526871,,102,
满庭芳,龙岗区,布吉街道,龙岗区京南路与罗岗路交汇处东南侧,114.117818,22.600771,,48,
兰花苑,宝安区,新安街道,宝安区新安街道上川路51号,113.891128,22.578482,50,,
坪山招商花园城一期,坪山区,坪山街道,深圳·坪山新区管委会及中心公园旁,114.339931,22.709106,,40,
中南明珠苑,龙岗区,吉华街道,龙岗区布吉镇吉华路北地铁5号线下水径C出口,114.106674,22.616605,,64,
万科翡御郡府,宝安区,沙井街道,深圳宝安区沙井沿江新城新沙路与环镇路交汇处,113.809315,22.737977,,51,
海琴苑,南山区,招商街道,南山区工业八路162号,113.929103,22.503326,105,,
桑达雅苑,福田区,华强北街道,福田区华发北路,114.084462,22.548332,,100,
金泰名苑,罗湖区,东湖街道,罗湖区太宁路18号,114.136176,22.571234,,67,
黄金苑,龙岗区,南湾街道,龙岗区金坑大道与布沙路交汇处北侧,114.138835,22.612011,52,,
河东苑,罗湖区,南湖街道,罗湖区沿河东路18号,114.108846,22.543678,79,,
温馨家园,福田区,香蜜湖街道,福田区香蜜湖路4003号,114.014359,22.557559,,109,
龙腾阁(龙华),龙华区,龙华街道,宝安区工业西路与和平西路交汇处东南侧,114.015087,22.652185,58,,
金域中央花园一期,龙岗区,吉华街道,(龙岗区布吉水径)布龙路金域中央花园一期,114.099782,22.627545,,65,
幸福城润园三期,龙华区,龙华街道,龙华新区和平路与清泉路交汇处,114.031839,22.664157,,74,
中航天逸花园,龙华区,民治街道,宝安区龙华镇,114.016512,22.629795,,81,
万科金域缇香花园二期,坪山区,坪山街道,深圳新城站坪山新区中心区（坪山实验学校旁）,114.334182,22.707775,,43,
滨福世纪广场,南山区,粤海街道,南山区高新南十一路与科技南路交汇处西侧,113.944553,22.528019,138,,
金晖大厦,南山区,南山街道,南山区南油大道以西,113.919921,22.512219,,101,
运输局住宅楼,福田区,福田街道,福田区华强南路2003号,114.081066,22.538488,79,,
蓝月湾畔,南山区,招商街道,南山区海月路172号,113.930666,22.507012,,104,
荔园大厦,南山区,南山街道,南山区桂庙路24号,113.920001,22.527363,,84,
翠谷居,南山区,招商街道,南山区沿山路15号,113.908094,22.493977,,110,
新鸿进花园,龙岗区,龙城街道,龙岗区吉祥中路86号,114.234446,22.716842,38,,
金水湾御园,盐田区,盐田街道,盐田区盐田路与北山道交汇处,114.251881,22.594434,,60,
农艺大厦,宝安区,石岩街道,宝安区石岩街道石岩大道26号,113.935248,22.681805,26,,
中银花园,福田区,莲花街道,福田区彩田路5017号,114.061134,22.550228,,84,
璞岸花园二期,大鹏新区,大鹏街道,大鹏新区鹏飞路北侧（大鹏山庄旁）,114.476479,22.6039,,48,
华翔居,宝安区,新安街道,宝安区翻身大道与上川一路交汇处东侧,113.883588,22.571511,55,,
缤纷年华家园,南山区,南头街道,南山区艺园东路,113.923545,22.545558,,102,
馨庭苑一期,福田区,莲花街道,福田区景田北街22号,114.032172,22.560128,89,,
信和自由广场,南山区,粤海街道,南山区南海大道2088号,113.920323,22.509553,,100,
海王花园,南山区,南山街道,南山区前海路与东滨路交汇处东北侧,113.907553,22.519388,60,,
道路公司住宅,罗湖区,清水河街道,罗湖区红岗路1002号,114.099884,22.57235,54,,
宏宝花园,南山区,蛇口街道,南山区工业七路45号,113.923115,22.49586,90,,
国晖大厦,罗湖区,南湖街道,罗湖区春风路3013号,114.119388,22.539863,,78,
龙股商住楼,龙华区,龙华街道,宝安区和平西路与中环路交汇处东北侧,114.017452,22.65561,49,,
水晶之城一期,龙岗区,园山街道,龙岗区长江埔路与荷坳路交汇处西南侧,114.21903,22.672289,41,,48
美利达新村,龙岗区,龙城街道,龙岗区美利路1号,114.220946,22.72829,38,,
信托花园,福田区,福保街道,福田区石厦北一街10号,114.047527,22.529513,87,95,
莲通楼,罗湖区,莲塘街道,罗湖区港莲路2号,114.175693,22.560688,42,,
关口村人民医院住宅楼,南山区,南头街道,南山区南头街与南新路交汇处西北侧,113.913554,22.539713,69,,
南山统建商住楼,南山区,南头街道,南山区红花路93号,113.915454,22.540903,85,,
友联花园,龙岗区,布吉街道,龙岗区李朗大道与深惠公路交汇处西侧,114.134711,22.62059,49,,
桂冠华庭,龙华区,大浪街道,宝安区石龙公路与华旺路交汇处北侧,113.985641,22.674477,52,46,
金侨花园,龙华区,龙华街道,宝安区和平东路与东环一路交汇处西侧,114.023174,22.656251,43,,
建行综合楼,南山区,蛇口街道,南山区招商路109号,113.92142,22.493093,75,,
深房传麒山西区,光明区,光明街道,光明街道公园路南侧、二十七号路北侧,113.936983,22.746756,,56,
万科金域缇香花园一期,坪山区,坪山街道,坪山新区坪山街道丹梓大道路南面,114.337255,22.710318,,43,
美丽湾商住楼,南山区,南山街道,南山区南油路,113.916056,22.51431,,119,
建筑设计院住宅楼(罗湖),罗湖区,黄贝街道,罗湖区清平路设计院1,114.129447,22.549271,72,,
太阳新城,罗湖区,东晓街道,罗湖区太白路4011号,114.119116,22.578633,99,79,
福宇轩,福田区,沙头街道,福田区新沙路25号,114.038077,22.531287,,80,
锦缘里嘉园,罗湖区,黄贝街道,深圳市罗湖区深南东路与沿河南路交汇处，黄贝岭站D出口,114.135132,22.546918,,108,
虹楼,罗湖区,翠竹街道,罗湖区翠竹片区东门北路1032号,114.124043,22.558033,,99,
绿海名都,南山区,南头街道,南山区学府路212号,113.908035,22.532837,,99,
锦绣御园一期,龙华区,龙华街道,宝安区龙华街道创业路与和平东路交汇处,114.023718,22.662937,,58,
馨荔苑,南山区,南头街道,南山区梅园路17号,113.92018,22.538353,,89,
安柏丽晶园,福田区,莲花街道,福田区深南大道6012号,114.038619,22.543166,,99,
四海公寓,南山区,蛇口街道,南山区蛇口街道海湾片区工业七路四海公寓,113.926563,22.497116,,117,
金地梅陇镇一期,龙华区,民治街道,宝安区布龙路与梅龙路交汇处东南侧,114.026139,22.633916,,59,
金怡华庭,福田区,福田街道,福田区金田路2003号,114.058779,22.52709,,112,
招银小区,南山区,招商街道,南山区蛇口招银宿舍2栋,113.922102,22.505437,78,,
建行宿舍楼(福田),福田区,福田街道,福田区福景路3号,114.079717,22.538498,81,,
汇宝苑,宝安区,新安街道,宝安区翻身路与上川一路交汇处西南侧,113.882762,22.56961,55,,
龙城花园大厦,南山区,粤海街道,南山区南油龙城路,113.924338,22.51506,,91,
众孚新村,福田区,福保街道,福田区福民路133号,114.046137,22.52514,88,,
沁芳名苑,罗湖区,翠竹街道,罗湖区翠竹片区东门北路2068号,114.129158,22.560552,,93,
浪琴半岛花园,南山区,粤海街道,南山区科苑南路与滨海大道交汇处东侧,113.943939,22.525362,,237,
丰泽园,南山区,南山街道,南山区荔湾路37号,113.893375,22.508802,76,,
华昌大厦,南山区,南山街道,南山区南新路2016号,113.914465,22.529731,73,,
明月花园,福田区,福保街道,福田区石厦北六街与石厦北二街交汇处东南侧,114.050423,22.527172,89,80,
桑泰丹华园三期,南山区,桃源街道,南山区丽山路与坪山一路交汇处东北侧,113.961002,22.590371,,83,
海悦华城,福田区,福田街道,福田区裕亨路50号,114.065008,22.519463,,86,
安华公司住宅楼,宝安区,新安街道,宝安区创业二路与宝民路交汇处东南侧,113.895976,22.567502,54,,
海月花园三期,南山区,招商街道,南山区工业七路8号,113.931855,22.499938,,105,
蜜园,福田区,沙头街道,福田区新洲三街65号,114.038121,22.526659,,105,
海语东园,盐田区,梅沙街道,盐田区环海路66号海语东园1栋,114.29979,22.60299,52,,
蛟湖路九号大院,罗湖区,东门街道,罗湖区蛟湖路32号,114.112322,22.552762,76,,
宝安外贸大厦,罗湖区,翠竹街道,罗湖区贝丽南路与田贝三路交汇处西南侧,114.118867,22.565942,71,,
京隆苑,福田区,福保街道,福田区福强路2215号,114.053933,22.517242,,83,
神彩苑,福田区,华富街道,福田区北环大道,114.065601,22.567906,,88,
纯水岸七期,南山区,沙河街道,南山区香山西街与香山中街交汇处西南侧,113.971252,22.551463,,193,
敦信大厦,罗湖区,南湖街道,罗湖区建设路1016号,114.112536,22.537097,,94,
裕康时尚名居,福田区,福保街道,福田区石厦一街9号,114.044562,22.521532,,116,
熙璟城豪苑,龙岗区,平湖街道,深圳平湖富安大道与平安大道交汇处,114.131237,22.684327,,50,
瑞翔居,宝安区,西乡街道,宝安深圳大前海航空新城宝安大道与航城大道交汇处,113.847121,22.606988,,65,
浩海明珠雅居,盐田区,盐田街道,深圳市盐田后方陆域东海道与永安路交汇处,114.245537,22.596467,,64,
紫瑞花园,龙岗区,布吉街道,龙岗红岭北路银湖生态区凤仪山南侧,114.100433,22.593312,,77,157
巴登市场商住楼,福田区,南园街道,福田区巴丁街与埔尾街交汇处西北侧,114.096682,22.541434,72,,
澳城花园北区,南山区,蛇口街道,南山区后海大道以东,113.933418,22.49282,,158,
观海台花园,南山区,粤海街道,南山区商业文化中心区内,113.9327,22.517715,,114,
海滨花园(宝安),宝安区,新安街道,宝安区前进一路280号,113.891001,22.581283,49,,
阳光城市家园,福田区,福田街道,福田区福港西路28号,114.065645,22.525723,,100,
皇洲花园,福田区,福田街道,福田区皇岗路,114.066271,22.533221,,87,
威凤山庄,龙岗区,平湖街道,龙岗区凤凰大道与高原路交汇处北侧,114.140412,22.699321,,37,37
合旺阁,福田区,梅林街道,福田区安得街3号,114.055371,22.569267,93,,
嘉宾花园,罗湖区,桂园街道,罗湖区桂园片区宝安南路1050号,114.107496,22.542953,,78,
仁恒峦山美地花园,龙岗区,宝龙街道,宝荷路与宝横路交汇处交汇处,114.264302,22.692458,,44,
税务小区,南山区,蛇口街道,南山区蛇口工业七路国税宿舍楼,113.923206,22.496906,75,,
锦绣大厦,罗湖区,黄贝街道,罗湖区文锦中路1010号,114.126649,22.551646,,78,
海阔天空雅居,南山区,粤海街道,南山区科苑南路1093号,113.939933,22.529035,,109,
合兴大厦,南山区,蛇口街道,南山区蛇口新街合兴大厦,113.92522,22.49018,72,,
榆园一期,南山区,招商街道,南山区蛇口近海路西、桂园北路北,113.926156,22.507028,83,,
城市天地广场,罗湖区,南湖街道,罗湖区嘉宾路4055号,114.10826,22.540417,,100,
百花园二期,福田区,园岭街道,福田区百花一路2号,114.08962,22.55498,,142,
景田南,福田区,莲花街道,福田区商报东路131号,114.041179,22.558445,82,,
后海花半里,南山区,招商街道,南山区海月路4号,113.930265,22.500293,,105,
田心大厦,罗湖区,笋岗街道,罗湖区笋岗片区宝岗路154号,114.10796,22.569972,,83,
华丰苑,南山区,招商街道,南山区蛇口四海路,113.921714,22.50152,86,,
蛇口供电局宿舍,南山区,蛇口街道,南山区蛇口石云路15号,113.921741,22.491454,75,,
东方新地苑,南山区,南头街道,南山区深南大道12038号,113.912117,22.543563,,93,
福田花园大厦,福田区,福保街道,福田区福强路与益田街交汇处西南侧,114.042656,22.519605,,82,
华强花园,福田区,福田街道,福田区深南大道与福虹路交汇处东南侧,114.079109,22.541638,,89,
学府花园,南山区,南山街道,南山区学府路105号,113.921373,22.528954,,92,
长江花园,龙岗区,龙城街道,龙岗区龙平西路129号,114.231353,22.732977,35,,
桑达新村,福田区,华强北街道,福田区华发北路,114.084857,22.544516,90,,
景鹏大厦,福田区,莲花街道,福田区新洲路北环梅林立交西南侧,114.04084,22.559703,,76,
翠拥华庭一期,罗湖区,翠竹街道,罗湖区翠竹片区翠竹路1076号,114.125944,22.565421,,88,
新锦安雅园三期,宝安区,新安街道,宝安区湖滨路与宝安大道交汇处西南侧,113.898425,22.552043,,76,
中国有色大厦,福田区,沙头街道,福田区深南大道6013号,114.021717,22.538144,,159,
汇雅苑,南山区,沙河街道,南山区沙河东路168号,113.959997,22.539841,92,,
现代城梦想家园,南山区,粤海街道,南山区南海大道2012号,113.922275,22.515056,,107,
顺景新村,龙岗区,坪地街道,龙岗区新兴北街6号,114.298889,22.772882,25,,
科技园38区,南山区,粤海街道,南山区文华路4号,113.944694,22.5511,100,,150
金盛苑,南山区,西丽街道,南山区沙河西路与留仙大道交汇处东侧,113.950191,22.581676,86,,
芳华苑,南山区,沙河街道,南山区兴隆西街1号,113.975644,22.538304,90,,
怡合花园,宝安区,新安街道,宝安区新安街道怡园路东三巷5号,113.901666,22.578788,54,55,
大地花园,罗湖区,东晓街道,罗湖区太白路4009号,114.12029,22.57893,,73,
"第五园九期
",龙岗区,坂田街道,龙岗坂田片区雅园路与坂雪岗大道交汇处西侧,114.068468,22.619803,,75,
桂珠苑,南山区,南山街道,南山区前海路与桂庙路交汇处西北侧,113.908979,22.52668,71,,
碧湖花园(罗湖),罗湖区,笋岗街道,罗湖区笋岗片区洪湖路23号,114.115764,22.56046,,65,
浪琴屿花园,南山区,粤海街道,南山区创业路南,113.930931,22.516038,,105,
泊郡雅苑,盐田区,盐田街道,明珠大道与洪安路交汇处,114.256067,22.587883,,52,
武警七支队住宅楼,福田区,华富街道,福田区皇岗北路与红荔路交汇处东北侧,114.085329,22.566357,86,,
福满园,南山区,南山街道,南山区南油大道以西、内环路以南,113.912317,22.509079,,80,
笋岗仓库综合楼,罗湖区,笋岗街道,罗湖区宝安北路与桃园路交汇处东南侧,114.104659,22.561236,60,,
深沙大楼,盐田区,海山街道,盐田区深盐路2228号,114.227459,22.556643,46,,
凯丽花园,南山区,粤海街道,南山区高新中四道6号,113.93461,22.546341,86,,
宏汇阁,光明区,公明街道,宝安区长春路与建设路交汇处东侧,113.889613,22.784066,35,,
嘉年华名苑,罗湖区,东门街道,罗湖区晒布路18号,114.116621,22.55246,,99,
德邻雅筑苑,宝安区,新安街道,宝安区翻身大道与新安一路交汇处西北侧,113.896403,22.55694,,58,
景茗苑,福田区,莲花街道,福田区景田路84号,114.037462,22.558378,97,,
福星花园大厦,福田区,福田街道,福田区福星路162号,114.077933,22.538273,,89,
名城花园,宝安区,西乡街道,宝安区西乡大道与乐群二路交汇处东南侧,113.868357,22.584145,56,,
五邑大厦,福田区,南园街道,福田区华强南路与南园路交汇处东北侧,114.0823,22.540951,,104,
如意家园,南山区,南头街道,南山区常兴路与桃源路交汇处东南侧,113.917226,22.534602,,87,
融湖世纪花园,龙岗区,平湖街道,龙岗区平湖平新路与平龙路交汇处（山厦医院对面，华南城附近）,114.114153,22.696062,,46,
世纪广场,南山区,南山街道,南山区南油大路西侧、内环路北侧,113.917845,22.509316,,94,
翠景大厦,罗湖区,翠竹街道,罗湖区翠竹片区田贝四路72号,114.121942,22.569606,67,,
半山御景华庭,福田区,梅林街道,福田区翰陵院旁,114.065477,22.57545,,109,
平安里家园,龙岗区,龙城街道,中心城龙平西路与愉龙路交汇处（招商依山郡东侧）,114.217869,22.732179,,48,
白金酒店公寓,宝安区,新安街道,宝安区创业二路与宝民路交汇处东侧,113.895091,22.567639,,106,
广三保综合楼,宝安区,新安街道,宝安区宝农北巷与前进一路交汇处东南侧,113.905747,22.564973,46,,
群贤花园,宝安区,新安街道,宝安区海汇路与新城大道交汇处南侧,113.879482,22.569372,62,,
意馨居,福田区,园岭街道,福田区八卦四路32号,114.096078,22.567419,90,91,
锦明花园,宝安区,西乡街道,宝安区西乡街道银田路,113.850734,22.580206,,59,
黄阁翠苑,龙岗区,龙城街道,龙岗区华美中路98号,114.211635,22.715905,,35,
金城大厦,罗湖区,南湖街道,罗湖区东门南路3039号,114.116681,22.545675,,99,
中饰大厦,罗湖区,黄贝街道,罗湖区经二路11号,114.145596,22.553924,58,,
丽阳天下名苑,福田区,福保街道,福田区石厦北四街6号,114.045961,22.527974,,115,
裕华花园,宝安区,新安街道,宝安区翻身路与上川路交汇处南侧,113.882091,22.571644,62,,
黄埔雅苑三期,福田区,莲花街道,福田区福中路315号,114.048762,22.546205,,126,
南山汇金家园,南山区,南头街道,南山区马家龙工业区玉泉路北,113.922377,22.550977,,89,
布吉中心花园,龙岗区,布吉街道,龙岗区中心区3号,114.125426,22.611622,,61,
培森大厦,罗湖区,东门街道,罗湖区人民北路3101号,114.115238,22.55729,,81,
太明居,罗湖区,翠竹街道,罗湖区翠竹片区太安路146号,114.125303,22.573263,65,,
华江大楼,龙岗区,龙岗街道,龙岗区深惠路957号,114.266667,22.729317,38,,
国旅大院,罗湖区,南湖街道,罗湖区和平路与春风路交汇处西侧,114.109419,22.538143,72,,
江西世纪豪庭,福田区,沙头街道,福田区深南大道6029号,114.016341,22.537211,,122,
碧茵苑,南山区,沙河街道,南山区沙河东路与香山西街交汇处东南侧,113.961651,22.552136,,75,
泰华明珠,宝安区,西乡街道,宝安区西乡街道流塘路55号,113.880561,22.584698,,56,
中航格澜郡二期,龙华区,观湖街道,宝安区广场沿河路与环观南路交汇处东侧,114.042458,22.694652,,44,66
龙丽园,罗湖区,翠竹街道,罗湖区贝丽南路1号,114.121834,22.562697,,81,
三十三区商住楼,宝安区,新安街道,宝安区新安街道裕安二路217号,113.904729,22.583423,50,,
浅水湾花园,南山区,粤海街道,南山区科苑南路与滨海大道交汇处东侧,113.942326,22.525552,,138,
长安大院,罗湖区,黄贝街道,罗湖区文华片区深南东路1133号,114.127049,22.547183,67,,
双御雅轩,罗湖区,东晓街道,罗湖区太白路4001号,114.122042,22.578945,,111,
龙泽榕园,龙华区,龙华街道,宝安区工业西路与建设西路交汇处南侧,114.017509,22.6491,63,,
广西外贸大院,罗湖区,南湖街道,罗湖区春风路与东门南路交汇处南侧,114.120508,22.540156,101,95,
海滨花园(南山),南山区,招商街道,南山区兴华路3号,113.912567,22.48811,101,82,140
富盛苑,宝安区,新安街道,宝安区创业路与宝安大道交汇处东侧,113.890673,22.567623,48,,
满园,龙岗区,龙城街道,龙岗区爱心路94号,114.226019,22.724433,,42,
天鹅湖花园一期,南山区,沙河街道,深圳市南山区华侨城北部，北临侨香路,113.978068,22.549942,,256,
保税区家属楼,盐田区,海山街道,盐田区井头西街29号,114.228135,22.558251,40,,
翠丽居,罗湖区,翠竹街道,罗湖区翠竹片区翠竹路1184号,114.125671,22.567753,68,,
方虹小区,罗湖区,桂园街道,罗湖区桂园片区松园路松园北街38号,114.102642,22.556735,68,,
宝安山庄,宝安区,松岗街道,宝安区松岗街道朗下社区沙江路宝安山庄171号,113.812846,22.774268,38,40,
西海岸花园,宝安区,新安街道,宝安区宝安大道与裕安一路交汇处西北侧,113.883736,22.566533,,63,
兴业华庭,宝安区,新安街道,宝安区翻身大道与裕安一路交汇处北侧,113.883455,22.567884,,74,
东方华都大厦,罗湖区,东门街道,罗湖区文锦中路2063号,114.123997,22.553952,,106,
梅林四村,福田区,梅林街道,福田区梅林路与中康路交汇处西南侧,114.050658,22.570454,88,,
鸿锦阁,罗湖区,黄贝街道,罗湖区文华片区沿河南路3018号,114.133049,22.545429,,74,
众冠花园,南山区,西丽街道,南山区留仙大道1355号,113.952287,22.582991,72,81,
倚天阁,盐田区,梅沙街道,盐田区倚云路18号,114.298027,22.594692,57,,
福围阁,福田区,福田街道,福田区水围二街28号,114.059278,22.522073,69,,
天然居,福田区,莲花街道,福田区景田西路与景田北路交汇处南侧,114.031099,22.556637,,101,
海滨城广场三期,宝安区,新安街道,宝安区宝安大道与裕安一路交汇处东侧,113.885162,22.56436,,98,
天河大厦,宝安区,新安街道,宝安区新安街道公园路52号,113.906477,22.572089,44,,
怡庭园,南山区,招商街道,南山区爱榕路50号,113.925141,22.499647,,85,
君悦龙庭一期,龙岗区,龙城街道,龙岗区白灰围一路与平安路交汇处北侧,114.218113,22.726564,,40,
旭飞花园,福田区,园岭街道,福田区八卦二路旭飞花园小区1栋,114.098101,22.561036,100,105,
碧海云天二期,福田区,沙头街道,福田区白石路68号,113.991822,22.531806,,108,
碧海云天一期,福田区,沙头街道,南山区侨城东路与白石路交汇处,113.989491,22.531531,,111,122
南华街10号大院,罗湖区,南湖街道,罗湖区南华街34号,114.11251,22.545023,70,,
石鸿花园,宝安区,新安街道,宝安区翻身大道与海乐路交汇处西侧,113.896184,22.55748,,65,
怡景花园-景庭苑,罗湖区,黄贝街道,罗湖区怡景路2003号,114.131479,22.558449,,76,
卧龙阁,罗湖区,黄贝街道,罗湖区沿河北路1028号,114.139596,22.553606,,75,
星河智荟花园（商品住房）,龙岗区,园山街道,地铁3号线永湖站A2出口（龙岗大道与横坪路交汇处东北侧）,114.216089,22.666339,,46,
英达·钰龙园,南山区,南头街道,南山区南新路3058号,113.915949,22.542216,,105,
荔庭园二期,南山区,南山街道,南山区内环路,113.908049,22.513954,82,,
华通住宅楼,罗湖区,桂园街道,宝安路松园东二巷1号,114.104945,22.557081,70,,
西湖小区,罗湖区,桂园街道,罗湖区桂圆北路236号,114.105584,22.556553,65,,
供电南苑,罗湖区,桂园街道,罗湖区桂园片区宝安南路1052号,114.10756,22.544092,,87,
富康苑,龙岗区,龙城街道,龙岗区盛平片区龙城中路8号,114.248486,22.724816,31,,
深城公寓,罗湖区,笋岗街道,罗湖区笋岗片区红岭北路3002号,114.099946,22.569626,,83,
悠然天地家园,南山区,南头街道,南山区南光路153号,113.921586,22.541406,,115,
朝恒大厦,福田区,福田街道,福田区吉龙三街与地铁四号线交汇处南侧,114.060261,22.529059,,83,
新浩城花园,福田区,沙头街道,南山区侨城东路深南大道交汇处,113.991591,22.534172,,100,
振业景洲大厦,福田区,莲花街道,福田区商报东路87号,114.043043,22.555486,,78,
显锐大厦,福田区,福田街道,福田区福强路海滨广场2018号,114.059185,22.529947,,101,
南海玫瑰花园一期,南山区,蛇口街道,南山区兴华路与康乐路交汇处东南侧,113.916472,22.486111,122,116,123
中房怡芬花园,龙岗区,布吉街道,龙岗区深惠公路与布吉东大街交汇处东侧,114.133866,22.615938,53,54,
碧涛苑(宝安),宝安区,新安街道,宝安区新安街道宝民一路213号,113.891574,22.56948,,54,
祥祺苑,南山区,沙河街道,南山区深南大道与沙河街交汇处西北侧,113.961955,22.544472,84,,
高发公寓,南山区,桃源街道,南山区龙珠四路与北环大道交汇处东北侧,113.969745,22.559569,118,,
水云间雅居,盐田区,梅沙街道,盐田区盐葵路(大梅沙段)60号,114.309649,22.601907,,50,
皓月花园,龙华区,民治街道,宝安区平南铁路与梅观高速公路交汇处西南侧,114.039479,22.620298,64,,
桑达苑,南山区,粤海街道,南山区深南西路科技园内,113.942034,22.553332,89,,
山语清晖花园,福田区,梅林街道,福龙路与北环路交叉口的西北侧,114.010916,22.567353,,106,
南头商业大厦,南山区,南头街道,南山区南新路3020号,113.914783,22.537169,78,,
梅沁楼,福田区,梅林街道,福田区梅华路110号,114.046625,22.567726,74,,
桦润馨居B区,龙华区,龙华街道,宝安区人民北路与和平东路交汇处东侧,114.022184,22.655267,52,,
晨晖家园,福田区,福田街道,福田区水围二街28号,114.056088,22.522752,,124,
森雅谷,龙岗区,园山街道,龙岗区深惠公路与机荷高速公路交汇处南侧,114.223212,22.679163,,55,
花样年花港家园,盐田区,盐田街道,盐田区明珠片区明珠道266号,114.243656,22.594108,,62,
富霖花园,福田区,莲花街道,福田区商报东路49号,114.043013,22.552645,75,,
宝豪华庭,宝安区,新安街道,宝安区新安街道裕安二路2号,113.891554,22.571043,,62,
信和爱琴居,龙岗区,布吉街道,龙岗区深惠公路与布龙公路交汇处东北侧,114.130349,22.614466,,61,
城南雅筑,龙岗区,龙岗街道,龙岗区鹏达路与龙城南路交汇处东南侧,114.251006,22.712792,,40,
天海花园,南山区,粤海街道,南山区龙城路2-8号,113.929462,22.515615,89,,
下步庙北区,福田区,南园街道,福田区富华路与华强南路交汇处东南侧,114.08314,22.539593,84,,
航运总公司宿舍,福田区,南园街道,福田区华强南路1003号,114.079347,22.53211,69,,
桂芳园八期,龙岗区,布吉街道,龙岗区布沙路与布吉东大街交汇处北侧,114.133445,22.61129,,61,
阳光里雅居,南山区,南山街道,南山区南光路73号,113.922265,22.528292,,150,
景山花园三期,宝安区,福海街道,宝安区大洋路与万新二路交汇处南侧,113.816629,22.696131,46,,
绿茵丰和家园,南山区,南头街道,南山区马家龙泉园路西,113.923899,22.547272,,114,
园林总公司宿舍,罗湖区,东门街道,罗湖区童乐路24号,114.118021,22.554972,69,,
福盛大厦,福田区,福田街道,福田区福田南路38号,114.072585,22.53721,,94,
世界花园聚龙居,南山区,沙河街道,南山区侨城西街9号,113.971948,22.541212,,87,
松坪村三期东区,南山区,西丽街道,南山区 松坪山宝深公路南,113.951875,22.56248,,100,
大滩大厦,罗湖区,南湖街道,罗湖区和平路1089号,114.110651,22.536416,,91,
阅山华府一期,龙岗区,龙城街道,龙岗区龙平西路与长兴北路交汇处北侧,114.239508,22.737217,,45,
文华大厦,罗湖区,黄贝街道,罗湖区文华片区深南东路1027号,114.130439,22.548032,,87,
麓园,龙岗区,龙城街道,龙岗中心城 黄阁北路 龙城高级中学侧,114.2162,22.736026,,39,
嘉庭苑,南山区,南头街道,南山区玉泉路32号,113.925026,22.545486,96,,
锦城星苑二期,龙岗区,龙岗街道,龙岗区雄丰路与仙人岭路交汇处东北侧,114.275072,22.748573,,36,
碧海苑(碧海花园二期),盐田区,沙头角街道,盐田区碧海路6号、8号,114.228588,22.54603,,53,
平湖花园,龙岗区,平湖街道,龙岗区凤凰片区顺昌街63号,114.128793,22.703364,32,,
颐景峰苑,龙岗区,龙岗街道,龙岗区深惠公路与翠竹街交汇处东侧,114.271095,22.728203,,46,
高发佳苑,福田区,福保街道,福田区新洲路与福强路交汇处东南侧,114.042032,22.519721,,89,
英丽阁花园,罗湖区,翠竹街道,罗湖区翠竹片区田贝二路15号,114.122734,22.563541,70,,
景莲花园,福田区,莲花街道,福田区景田东路32号,114.04156,22.554853,75,,
五环新村,福田区,华富街道,福田区泥岗西路2012号,114.082561,22.564254,69,,
南头电话所综合楼,南山区,南头街道,南山区红花路106号,113.916557,22.541278,63,,
朗苑,南山区,桃源街道,南山区珠光路与龙珠二路交叉口东南,113.956011,22.572702,,98,
南洋大厦,罗湖区,南湖街道,罗湖区建设路2004号,114.111814,22.542457,,90,
东晟时代花园,坪山区,坪山街道,坪山新区中山大道与锦龙大道交汇处,114.32385,22.683213,,39,
佳兆业新都汇家园,龙岗区,布吉街道,龙岗区布吉街道龙岗大道与龙珠路交汇处西南侧,114.125886,22.608847,,81,
深华宿舍,福田区,南园街道,福田区滨河大道3155号,114.078467,22.531622,79,,
林海山庄,福田区,梅林街道,福田区北环大道7020号,114.027238,22.562412,,76,
南方明珠花园二期,盐田区,盐田街道,盐田区东海道183-2号,114.256515,22.590009,43,44,
公汽公司住宅楼,福田区,福田街道,福田区福华路155号,114.072763,22.538226,82,,
金成名苑,宝安区,新安街道,宝安区新安街道宝安大道2066号-2062（双）号,113.883557,22.565634,,71,
金丽豪苑,罗湖区,翠竹街道,罗湖区翠竹片区贝丽南路48号,114.12244,22.567894,,85,
裕兴公司住宅楼,罗湖区,翠竹街道,罗湖区翠竹片区东门北路1028号,114.124232,22.557824,70,,
趣园,福田区,沙头街道,福田区滨河大道9168号,114.03522,22.530886,,116,
罗芳苑,罗湖区,黄贝街道,罗湖区罗芳路29号,114.14234,22.549675,58,,
有福楼,宝安区,福永街道,宝安区福永街道德丰路168号,113.814335,22.673581,41,,
金贝苑,罗湖区,翠竹街道,罗湖区翠竹片区贝丽北路2号,114.123843,22.570671,,74,
吉莲大厦,福田区,莲花街道,福田区莲花路1116号,114.043515,22.560786,,71,
海滨城广场一期,宝安区,新安街道,宝安区宝安大道与裕安路交汇处东侧,113.886433,22.565551,62,,
宇峰苑,龙华区,龙华街道,宝安区建设西路与工业路交汇处西侧,114.016399,22.649001,46,,
金钟大厦,南山区,粤海街道,南山区南油大道以东商业文化中心区,113.924082,22.521005,,134,
鼎太风华社区七期,南山区,南山街道,南山区内环路以北、前海路以西,113.902841,22.518723,,94,
阳明山庄,福田区,华富街道,福田区梅岗路3号,114.078718,22.562196,,95,
维富大厦,罗湖区,东晓街道,罗湖区太白路4007号,114.121114,22.578935,,63,
海天楼,南山区,招商街道,南山区赤湾七路22-1号,113.883988,22.481907,78,,
金亨利首府,龙华区,民治街道,宝安区民治街道梅龙路西侧,114.021942,22.621954,,81,
高发悦驰苑,龙岗区,坂田街道,龙岗华为科技新城·坂澜大道旁·雪象第二幼儿园南侧,114.07492,22.65587,51,,
深房尚林花园,龙岗区,龙岗街道,广东省深圳市龙岗区新生村新城,114.270265,22.748948,,41,40
鸿威鸿景华庭北区,龙岗区,龙岗街道,深圳市龙岗中心城五联朱古石社区连心路（清林径森林公园主入口）,114.213864,22.753822,,33,
天威花园,福田区,莲花街道,福田区彩田路6001号,114.060982,22.56071,,83,
轩阁花园,罗湖区,清水河街道,罗湖区银湖路金湖一街38号,114.078289,22.578216,71,,
左庭右院（北区）,龙岗区,南湾街道,龙岗区李朗大道与深惠公路交汇处北侧,114.136456,22.626833,48,51,
盛世名门家园,盐田区,沙头角街道,盐田区沙深路与沙盐路交汇处东侧,114.224692,22.552007,,67,
紫薇花园南区,龙岗区,龙城街道,龙岗区紫薇路76号,114.237501,22.719369,34,,
顺景花园,龙岗区,龙城街道,龙岗区龙翔大道与如意路交汇处北侧,114.222742,22.705124,40,36,
鹏飞苑,南山区,沙河街道,南山区沙河东路188号,113.96057,22.544837,87,,
逸湖居,罗湖区,翠竹街道,罗湖区翠竹片区文锦北路2028号,114.118443,22.570382,,83,
光华园,福田区,南园街道,福田区滨河大道与爱华路交汇处东南侧,114.08737,22.536404,,94,
汇展阁,罗湖区,南湖街道,罗湖区建设路1008号,114.112744,22.536754,,87,
华润城润府一期,南山区,粤海街道,深圳市南山区深南大道与沙河西路交界处,113.950743,22.551865,,156,
君悦龙庭二期,龙岗区,龙城街道,龙岗区平安路与龙平西路交汇处西南侧,114.217731,22.727946,,40,
华美丽苑,龙华区,民治街道,宝安区布龙公路与油海一路交汇处西北侧,114.03751,22.633874,53,,
第壹世界广场,福田区,莲花街道,福田区红荔西路7002号,114.043056,22.550926,,99,
滨河总站住宅楼,福田区,南园街道,福田区爱华路2号,114.086897,22.538046,85,,
黄金大厦,宝安区,新安街道,宝安区新安四路与宝民一路交汇处东侧,113.88433,22.57869,,78,
富民苑,宝安区,新安街道,宝安区新安街道上川路168-169号,113.884694,22.572525,,54,
东华大厦,福田区,福田街道,福田区滨河大道5012号,114.065506,22.533134,,88,
万科兰乔花园,宝安区,新安街道,宝安区宝源路与新安六路交汇处南侧,113.866593,22.559719,,,220
红桥,罗湖区,桂园街道,罗湖区桂圆路177号,114.107048,22.551957,71,,
阳台山庄,宝安区,石岩街道,宝安区石岩大道与教育路交汇处东侧,113.93537,22.677878,37,,
星湖花园,罗湖区,清水河街道,罗湖区金碧路2号,114.095129,22.570705,83,86,
东方海雅居,南山区,南山街道,南山区创业路,113.919212,22.519155,,90,
四海宜家大厦,南山区,招商街道,南山区蛇口公园路与工业七路交汇处,113.919562,22.496115,,94,
临园大厦,南山区,蛇口街道,南山区工业七路与爱榕路交汇处南侧,113.924576,22.497385,87,,
富通天骏花园,龙华区,龙华街道,宝安区和平路与中环路交汇处东侧,114.017813,22.65347,,60,
宝田雅苑,宝安区,西乡街道,宝安区西乡片区共和工业路79号东,113.862935,22.583928,,87,
全盛御景湾花园,龙岗区,龙城街道,深圳龙岗中心城龙城北路与回龙路交汇西北侧,114.243932,22.737255,,48,
怡景花园-桂花村,罗湖区,黄贝街道,罗湖区怡景路2003号,114.133729,22.55802,80,,
华厦新居,福田区,福田街道,深圳市皇岗路,114.067109,22.533741,84,,
书香门第名苑,龙华区,民治街道,宝安区新区大道与梅观高速公路交汇处北侧,114.040228,22.599744,,81,
爱华大院,福田区,南园街道,福田区爱华路与南园路交汇处西北侧,114.085474,22.5419,91,,
福田中港城,福田区,福保街道,福田区福强路与石厦北二街交汇处东北侧,114.047771,22.5193,,89,
怡翠花园,宝安区,西乡街道,宝安区西乡大道与广深公路交汇处东侧,113.87324,22.587663,53,,
翠竹苑,罗湖区,翠竹街道,罗湖区翠竹片区东门北路2057号,114.126385,22.561773,79,89,
新天富山海华庭,盐田区,沙头角街道,盐田区公园路69号,114.226356,22.55265,,49,
松坪山生活区公寓,南山区,西丽街道,南山区松坪山生活区,113.944354,22.562391,86,,
交运综合楼,罗湖区,黄贝街道,罗湖区新秀路3号,114.14569,22.550314,53,,
鸿基花园(罗湖),罗湖区,东晓街道,罗湖区翠山路与金稻田路交汇处东南侧,114.11637,22.585112,,64,
东悦名轩,罗湖区,东门街道,罗湖区童乐路1号,114.118024,22.553759,,99,
瑞景华庭,南山区,南山街道,南山区前海路1030号,113.904644,22.516901,,105,
锦绣公寓,南山区,沙河街道,南山区汕头街1号,113.985973,22.53703,89,,
置富公寓,罗湖区,东晓街道,罗湖区布吉路1030号,114.113652,22.584769,62,,
绿景山庄,罗湖区,东晓街道,罗湖区金稻田路1185号,114.117805,22.588164,57,,
大南山紫园,南山区,南山街道,南山区沿山路29号,113.893145,22.498957,,,213
彩天怡色家园,福田区,莲花街道,冬瓜岭彩田路西,114.061496,22.564067,,96,
百仕达花园四期,罗湖区,东湖街道,罗湖区太宁路38号,114.132322,22.572539,,112,
观峰阁,南山区,南山街道,南山区南山南山前海路凉亭路23号,113.889137,22.499843,65,,
深业新岸线一期,宝安区,新安街道,宝安区新安六路与宝源路交汇处南侧,113.871097,22.560684,,78,
区城管局宿舍楼,宝安区,新安街道,宝安区新安街道新安二路86号,113.910595,22.567386,48,,
蕙兰雅居,罗湖区,莲塘街道,罗湖区仙台路3号,114.177114,22.563174,,65,
佳宁娜友谊广场,罗湖区,南湖街道,罗湖区人民南路2002号,114.114834,22.539648,,81,
集浩大厦,罗湖区,黄贝街道,罗湖区深南东路1086号,114.130398,22.549258,,85,
福源花园一期,福田区,福保街道,福田区桂花路与海红路交汇处西南侧,114.047971,22.511234,,81,
永乐楼,龙岗区,布吉街道,龙岗区布吉路110--116号,114.112716,22.603972,39,,
业城阁,福田区,莲花街道,福田区景田南三街1号,114.043002,22.546837,,86,
华天花园,宝安区,新安街道,宝安区新安街道建安一路214号,113.900125,22.566405,53,,
先科机电大厦,福田区,园岭街道,福田区八卦四路东口,114.098442,22.566794,,71,
草埔新村,罗湖区,东晓街道,罗湖区金稻田路1136号,114.116954,22.589112,48,,
十二橡树庄园一期,龙岗区,坂田街道,龙岗区和勘路与布龙公路交汇处东南侧,114.059742,22.627843,,67,85
绿景新苑,福田区,沙头街道,福田区新洲七街44号,114.040748,22.526404,,89,
建兴楼,宝安区,新安街道,宝安区新安三路与裕安二路交汇处东侧,113.902745,22.579947,62,,
福园单身公寓,南山区,南山街道,南山区向南路东、内环路南,113.915253,22.509244,88,,
祥和花园二期,罗湖区,莲塘街道,罗湖区聚宝路与国威路交汇处西南侧,114.165028,22.566281,54,63,
城市东座公寓,罗湖区,莲塘街道,罗湖区港莲路22号,114.164823,22.562064,,85,
文卫楼,南山区,蛇口街道,南山区花果路4号,113.925574,22.491562,86,,
中电福华大厦,福田区,福田街道,福田区福虹路5号,114.07826,22.540757,,100,
天越翔园,罗湖区,莲塘街道,罗湖区国威路139号,114.166301,22.566565,,86,
十五峯花园二期,南山区,桃源街道,南山区龙珠大道与龙珠六路交汇处北侧,113.974243,22.567737,,139,
祥泰公寓,南山区,南头街道,南山区马家龙工业区,113.923294,22.552127,99,,
桃源居十区,宝安区,西乡街道,宝安区桃源居一路与汇江三路交汇处东北侧,113.854633,22.619107,,46,
名都大厦,罗湖区,东门街道,罗湖区中兴路与文锦中路交汇处西侧,114.124884,22.553073,,77,
青橙时代公寓,罗湖区,东湖街道,罗湖区二线公路与东湖路交汇处西侧,114.1333,22.586041,107,,
深港花园(罗湖),罗湖区,黄贝街道,罗湖区深南东路1136号,114.126768,22.54875,,63,
深业东岭花园二期,罗湖区,黄贝街道,(罗湖区黄贝岭)深南东路与沿河 北路交汇处,114.134609,22.551875,,108,
康达尔山海上园二期,宝安区,西乡街道,宝安大道铁仔山公园南门山海上城,113.849422,22.594343,,70,
梧桐海景苑,盐田区,海山街道,盐田区梧桐路1001号,114.241365,22.566241,,51,
滢水山庄四期,龙华区,民治街道,宝安区梅坂大道与滢水二路交汇处东南侧,114.047751,22.604882,50,,
滢水山庄三期,龙华区,民治街道,宝安区梅观高速公路与梅坂大道交汇处东侧,114.045764,22.605684,55,,
深华小区,罗湖区,东晓街道,罗湖区金稻田路2063号,114.116978,22.584689,59,,
福民新村,福田区,福田街道,福田区彩田路与福民路交汇处东侧,114.064201,22.525481,71,,
蓝郡西堤花园,盐田区,海山街道,盐田区海景二路与金融路交汇处东南侧,114.231734,22.55063,,87,
南苑新村东区,南山区,南头街道,南山区南光路与桃园路交汇处东南侧,113.923952,22.533386,84,,
梅林一村,福田区,梅林街道,福田区梅林路140号,114.032484,22.569457,,80,
南新苑,南山区,南山街道,南山区南新路与桂庙路交汇处西南侧,113.913316,22.524865,,70,
雅馨居,罗湖区,桂园街道,罗湖区煤场路与宝安南路交汇处东北侧,114.1061,22.551787,,103,
中电大院,福田区,南园街道,福田区深南大道与华发南路交汇处西南侧,114.083572,22.542063,98,,
长虹大厦,罗湖区,桂园街道,罗湖区桂园片区笋岗东路3013号,114.102667,22.557887,,67,
西城丰和家园,宝安区,西乡街道,宝安区西乡大道与宝民二路交汇处东北侧,113.874138,22.59018,60,59,
港城蓝山雅园,盐田区,盐田街道,盐田港中青一路与永安路交汇（中海半山溪谷东北侧）,114.236124,22.591814,,69,127
山海阳光园二期,盐田区,沙头角街道,盐田区园林路与梧桐路交汇处西北侧,114.217225,22.559763,,66,
金众小区,福田区,香蜜湖街道,福田区金众街23号,114.007355,22.540283,80,,
金福苑,福田区,沙头街道,福田区新洲三街2号,114.039232,22.52478,76,,
裕亨花园,福田区,福田街道,福田区裕亨路38号,114.066589,22.519825,84,,
美丽家园南区,龙华区,龙华街道,宝安区建设东路与东环二路交汇处西侧,114.029196,22.659259,56,,
宝湖居,宝安区,新安街道,宝安区公园路与兴华二路交汇处东侧,113.906781,22.572382,55,,
新龙岗花园南区,龙岗区,龙城街道,龙岗区省平中路39号,114.24952,22.736865,27,28,
帝景园一期,南山区,粤海街道,南山区科技中一路6号,113.931598,22.54463,90,,
上步医疗中心小区,福田区,福田街道,福田区福华路17号,114.078903,22.539225,79,,
天雅居,盐田区,海山街道,盐田区云汉路6号,114.237069,22.565534,52,,
桐林花园,盐田区,海山街道,盐田区海山路99号,114.229297,22.563655,,54,
翠怡苑,罗湖区,东晓街道,罗湖区金稻田路1141号,114.119912,22.589844,63,73,
汇锦名园,罗湖区,黄贝街道,罗湖区凤翔街36号,114.12734,22.55095,,81,
慢城二期,龙岗区,布吉街道,深圳市龙岗区景芬路5号,114.12558,22.627503,54,,
第五园八期,龙岗区,坂田街道,龙岗区五和南路与雅园路交汇处东南侧,114.064056,22.614564,63,63,
鸿翠苑,罗湖区,东晓街道,罗湖区金稻田路与翠山路交汇处北侧,114.116636,22.585597,,78,
一冶广场,福田区,香蜜湖街道,福田区侨香路与广深高速公路交汇处,113.993231,22.54559,,74,
风格名苑,罗湖区,桂园街道,罗湖区红桂路1038号,114.104738,22.553739,,113,
龙珠花园(龙岗),龙岗区,布吉街道,龙岗区深惠公路与木棉路交汇处南侧,114.120667,22.605337,,55,
德福花园,龙岗区,布吉街道,龙岗区宝丽路与西环路交汇处北侧,114.101178,22.598096,49,49,
蓝郡广场,盐田区,海山街道,盐田区金融路2号,114.232182,22.552477,,100,
蝴蝶谷名苑,福田区,香蜜湖街道,福田区职教街8号,113.995527,22.540713,,237,
五金花园,罗湖区,笋岗街道,罗湖区笋岗片区宝岗路五金花园1栋,114.108638,22.56637,75,,
溪山美地园一期,龙华区,民治街道,宝安区梅坂大道与五和路交汇处西侧,114.051286,22.603792,,84,84
福田外贸大厦,福田区,福田街道,福田区福华路23号,114.078004,22.539998,,109,
华兴苑,龙岗区,龙岗街道,龙岗区龙岗路与鹏达路交汇处西北侧,114.265505,22.724649,,34,
锦龙名苑,龙岗区,龙岗街道,龙岗区龙溪路与鹏达商业街交汇处东南侧,114.265499,22.716057,,40,
长城盛世家园一期,福田区,莲花街道,福田区彩云路2号,114.061619,22.562889,,85,
外经集资大楼,盐田区,海山街道,盐田区梧桐路2045号,114.227864,22.55806,41,,
幸福海岸三期,宝安区,新安街道,深圳市宝安区中心区N15区,113.874683,22.563786,,86,
教育新村兴业楼,罗湖区,翠竹街道,罗湖区翠竹片区文锦中路2066号,114.123285,22.556027,71,,
御景台,宝安区,新安街道,宝安区前进一路与新安二路交汇处南侧,113.90723,22.562824,,66,
湖心岛公寓,盐田区,梅沙街道,盐田区怀渡街2号,114.303218,22.599868,55,,
滨江新村东区,福田区,南园街道,福田区同新南路与东园路交汇处东南侧,114.097347,22.539174,80,,
和通花园,龙岗区,南湾街道,龙岗区深惠公路与布吉东大街交汇处东南侧,114.135752,22.616794,50,,
聚龙苑,龙岗区,龙岗街道,龙岗区龙岗路8号,114.266533,22.72236,,34,
洪安围华侨新村一二期,盐田区,盐田街道,盐田区洪安围村8号,114.260839,22.591328,43,,
福兴花园一期,福田区,梅林街道,福田区龙尾路2号,114.03968,22.571924,,86,
汉士达华庭三期,龙华区,观澜街道,宝安区观澜镇,114.063481,22.749165,,,77
瑞和园,福田区,福保街道,福田区益田路3001号,114.05079,22.526271,,90,
东华明珠园,龙华区,龙华街道,宝安区龙华街道东环一路220号,114.026628,22.655593,,61,
十四区住宅小区,宝安区,新安街道,宝安区前进一路与龙井二路交汇处东南侧,113.910443,22.562045,51,,
西湖大厦,罗湖区,桂园街道,罗湖区宝安南路3070号,114.104329,22.557554,,61,
碧海君庭,宝安区,西乡街道,宝源路,113.849072,22.578465,,94,
福龙楼,福田区,南园街道,福田区滨河大道3151号,114.078765,22.532046,,92,
东方盛世花园,龙岗区,布吉街道,龙岗区深惠公路与荣超路交汇处东南侧,114.111415,22.594582,,58,
深宝住宅区,罗湖区,翠竹街道,罗湖区翠竹片区文锦北路1058号,114.120828,22.566154,65,,
康达尔山海上园一期,宝安区,西乡街道,深圳·前海湾·宝安大道·铁仔山公园南门（宝安大道与通达路交汇处）,113.849153,22.594963,,66,
东园新村,福田区,南园街道,福田区深南中路与同心路交汇处东南侧,114.098068,22.541569,71,,
湖滨小学住宅楼,罗湖区,黄贝街道,罗湖区怡景路2014号,114.133541,22.561569,55,,
荣超花园,龙岗区,布吉街道,龙岗区荣超路与深惠公路交汇处东南侧,114.114157,22.595949,54,58,
观澜湖高尔夫大宅汉士达区,龙华区,观澜街道,宝安区高尔夫大道与观光路交汇处北侧,114.064066,22.744649,,,80
锦隆花园,南山区,粤海街道,南山区勤学路1008号,113.928635,22.527585,130,95,130
机场龙塘住宅楼,福田区,莲花街道,福田区香蜜湖龙塘,114.034846,22.552453,83,,
华景园多层,罗湖区,莲塘街道,罗湖区国威路东8号,114.171732,22.567863,67,,
兴华楼,龙岗区,布吉街道,龙岗区布吉路107-111号,114.11223,22.603947,38,,
宏发世纪花园（商品住房）,宝安区,石岩街道,宝石东路与羊台山路的交汇处,113.940926,22.682227,,56,
力高君御花园,坪山区,马峦街道,深圳市坪山新区中山大道与锦龙大道交汇处,114.3251,22.680468,,42,
阳光翠园,龙岗区,南湾街道,龙岗区湖东路与龙山商业街交汇处南侧,114.136177,22.603213,43,41,
保税区第一生活区,盐田区,海山街道,盐田区梧桐路与香径东街交汇处东北侧,114.230922,22.561339,51,,
航天晴山月名园,罗湖区,莲塘街道,罗湖区罗沙公路与盘山公路交汇处北侧,114.183135,22.558537,,85,
大塘龙小区,罗湖区,桂园街道,罗湖区桂园片区桂园北路160号,114.108051,22.557237,65,83,
活力宝小区,福田区,沙头街道,福田区新沙路12号,114.038715,22.533226,70,,
华都花园,龙华区,龙华街道,宝安区和平东路与人民北路交汇处东南侧,114.021286,22.656746,54,,
嘉宏湾花园一期,坪山区,坪山街道,龙岗区金丰大道与六甲片路交汇处西北侧,114.335575,22.710069,,43,76
第五园五期,龙岗区,坂田街道,龙岗区五和南路与雅园路交汇处东南侧,114.066241,22.615562,,75,
麟腾苑一期,罗湖区,东湖街道,罗湖区太白路1028号,114.139031,22.580252,68,,
深港新村,罗湖区,黄贝街道,罗湖区罗芳路71号,114.143223,22.553589,59,,
中电宿舍,福田区,福田街道,福田区福星路196号,114.077992,22.539566,86,,
宝桐居,盐田区,沙头角街道,盐田区园林路,114.220036,22.559196,,50,
立新花园二期,罗湖区,东门街道,罗湖区立新路10号,114.115413,22.55126,,84,
尚景华园,龙岗区,龙城街道,龙岗区长兴南路83号,114.2376,22.729837,34,31,
乐扬枫景阁,罗湖区,黄贝街道,罗湖区黄贝路2079号,114.136463,22.56115,,102,
和亨城市广场,盐田区,海山街道,盐田区深盐路与海山路交汇处西北侧,114.233591,22.560826,,60,
新世界倚山花园三期,盐田区,海山街道,盐田区沙头角林场边梧桐路北侧,114.233593,22.56513,,66,
旺业豪苑,罗湖区,东门街道,罗湖区东门中路2269号,114.120736,22.557134,,86,
方海商苑,罗湖区,东门街道,罗湖区解放路1002号,114.115598,22.548573,71,,
前城滨海花园,宝安区,西乡街道,宝安大道,113.867756,22.573127,,92,
安通花园,福田区,莲花街道,福田区景田东路36号,114.042326,22.555281,88,,
缇香名苑,福田区,莲花街道,福田区香梅路1072号,114.036127,22.547668,,120,
金山碧海花园,盐田区,盐田街道,盐田区梧桐山大道与永安路交汇处西北侧,114.234773,22.591452,34,65,
御林华府,南山区,南头街道,南山南光路与南头街交汇处西北侧,113.921868,22.539238,,197,
翡翠园山湖居一期,罗湖区,东湖街道,罗湖区翠荫路488号,114.135821,22.586243,,73,
鹏丽大厦,福田区,南园街道,福田区深圳市福田区华强南路1039号,114.081365,22.535621,,82,
满京华喜悦里华庭二期,龙岗区,龙岗街道,龙岗区深惠路与碧新路交汇处,114.263812,22.723307,,52,
佳馨园,龙岗区,龙城街道,龙岗区松子岭九巷路11号,114.248478,22.730678,,37,
南景苑,南山区,南头街道,南山区桃园路147号,113.915714,22.534898,,87,
桃源居九区,宝安区,西乡街道,宝安区桃源居一路与汇江三路交汇处西南侧,113.855114,22.617655,45,48,
雅乐居,宝安区,航城街道,宝安区西乡街道翠湖花园俊景园A栋,113.836209,22.63941,,67,
锦绣花园(西乡),宝安区,航城街道,宝安区西乡街道锦绣花园11栋、12栋、13,113.835782,22.641032,42,,
碧湾雅园,宝安区,西乡街道,宝安区宝源路与海城路交汇处东侧,113.864452,22.568835,,76,
冠城世家,宝安区,新安街道,宝安区前进路与兴华路交汇处西侧,113.899926,22.568911,,67,
九洲公司住宅楼,罗湖区,黄贝街道,罗湖区罗沙路5083号,114.140648,22.554163,58,,
泽润华庭,龙岗区,布吉街道,龙岗区宝丽路55号,114.104886,22.596737,,54,
华昱花园,龙岗区,布吉街道,龙岗区吉政路58号,114.119681,22.614102,45,,
云顶翠峰花园一期,福田区,福田街道,福田区福强路2016号,114.055669,22.519749,,99,
威登别墅,罗湖区,桂园街道,罗湖区桂园片区红桂一路2号,114.100645,22.550575,72,79,
京基御景印象家园一期,坪山区,马峦街道,中山大道与体育二路交汇处,114.329314,22.680581,,38,
德兴花园,龙岗区,布吉街道,龙岗区西环路与德兴路交汇处西侧,114.10544,22.59314,42,42,
观澜湖高尔夫大宅纳斯比区,龙华区,观澜街道,宝安区高尔夫大道与观光路交汇处北侧,114.06787,22.742231,,,79
观澜湖高尔夫大宅丽维康区,龙华区,观澜街道,宝安区高尔夫大道与观光路交汇处北侧,114.070439,22.734921,,,125
蓝宝石名庭,福田区,梅林街道,福田区广夏路27号,114.054958,22.568406,,101,
蔡屋围丽晶大厦,罗湖区,桂园街道,罗湖区桂园片区红岭南路金塘街48号,114.102227,22.542244,,88,
景贝南小区,罗湖区,黄贝街道,罗湖区黄贝路1008号,114.135597,22.555329,60,,
锦河苑,福田区,沙头街道,福田区新洲九街353号,114.035651,22.527038,75,,
和亨雅园,盐田区,盐田街道,盐田区北山道131号,114.262627,22.591991,52,,
九矿大厦,龙岗区,布吉街道,龙岗区乐民路48号,114.111792,22.603971,,41,
叠翠新峰花园一期,龙岗区,龙岗街道,龙岗区鹏达商业街99号,114.26505,22.720389,,39,
金川大厦,罗湖区,东门街道,罗湖区乐园路153号,114.12191,22.551658,61,,
翡翠园一期,罗湖区,东湖街道,罗湖区翠荫路658号,114.132262,22.587075,66,75,
宏发君域花园,宝安区,松岗街道,宝安松岗107国道与沙江路交界处,113.834521,22.781184,,44,
康乐花园,龙岗区,横岗街道,广东省深圳市龙岗区康乐路78号,114.183523,22.651252,,39,
台湾花园(龙岗),龙岗区,坂田街道,龙岗区百利路与吉华路交汇处东北侧,114.057112,22.638143,39,,
观澜豪园二期,龙华区,观澜街道,宝安区高尔夫大道与观光路交汇处北侧,114.066726,22.730251,52,53,
中房景苑大厦,福田区,莲花街道,福田区新闻路,114.041544,22.544733,,77,
城市杰座名苑,福田区,福田街道,福田区福华路126号,114.072795,22.539322,,105,
龙电花园B区,南山区,招商街道,南山区南海大道与工业八路交汇处北侧,113.9168,22.505459,84,,
中兴之家,南山区,南山街道,南山区南山大道2017号,113.918259,22.529802,95,,
洪湖二街6号大院,罗湖区,笋岗街道,罗湖区笋岗片区文锦北路洪湖二街6号,114.116936,22.56407,65,,
八佰麓居,盐田区,盐田街道,盐田盐田港后方陆域盐田路与东海四街交汇处,114.249053,22.59072,,57,
云顶天海花园,盐田区,梅沙街道,盐田区秀峰路1号,114.300631,22.603482,58,,
山海阳光园一期,盐田区,沙头角街道,盐田区梧桐路与园林路交汇处西北侧,114.217687,22.559524,,58,
东部华侨城大侠谷公寓,盐田区,梅沙街道,盐田区内环路与盐坝高速公路交汇处北侧,114.299139,22.607829,,46,
中海西岸华府,宝安区,松岗街道,深圳市宝安区松岗街道沙江路,113.815511,22.773962,57,38,
河滨阁,宝安区,新安街道,宝安区新圳路与前进一路交汇处西侧,113.904275,22.566496,56,,
坪山招商花园城二期,坪山区,坪山街道,深圳·坪山新区管委会及中心公园旁,114.339416,22.711007,,42,
景佑商住楼,福田区,福田街道,福田区滨河大道与福祥街交汇处西南侧,114.07744,22.533089,80,,
桃花园(罗湖),罗湖区,笋岗街道,罗湖区笋岗片区桃园路86号,114.10816,22.564147,55,,
红星花园,宝安区,松岗街道,宝安区松岗街道红星社区河滨北路6号,113.833136,22.771168,28,,
中通半山半海花园,盐田区,盐田街道,盐田区盐田港同富裕路(中海半山溪谷南侧),114.23604,22.585722,,52,59
黄必围住宅楼,盐田区,盐田街道,"(盐田区盐田港)北山道128-3, 黄必围47号",114.265551,22.592822,42,,
长福花园,福田区,华富街道,福田区红荔西路,114.066521,22.550008,87,,
花乡家园,宝安区,新安街道,宝安区罗田路与新城大道交汇处北侧,113.878031,22.568079,,116,
旭飞华达园二期,罗湖区,翠竹街道,翠竹路2058号,114.124844,22.576315,,99,
银湖蓝山润园一期,罗湖区,清水河街道,(罗湖区银湖)北环大道1028号,114.077465,22.574473,,109,
国香山花园,龙岗区,南湾街道,丹平快速沙丹路出口,114.158873,22.615645,,56,
鸿图大厦,福田区,福田街道,福田区福庆街36号,114.075991,22.538284,,99,
鸣泉居,福田区,香蜜湖街道,福田区侨香路2022号,114.007041,22.5512,,111,
骏皇名居,福田区,福保街道,福田区福强路与金桂道交汇处西南侧,114.058294,22.518616,,98,
百佳华大厦,宝安区,西乡街道,宝安区西乡街道宝安大道3078号,113.873398,22.573774,42,,
中信高尔夫天籁山庄,龙岗区,宝龙街道,龙岗区嶂背路与宝荷路交汇处东侧,114.257845,22.696359,,,79
松河瑞园一期,宝安区,松岗街道,深圳市宝安区宝安大道与河滨北路,113.82698,22.772144,,46,
汉宝大厦,宝安区,新安街道,宝安区创业二路与建安一路交汇处东南侧,113.897951,22.568484,,51,
宝河大厦,宝安区,新安街道,宝安区新安街道宝龙北巷98号,113.903462,22.564221,54,58,
怡心广场,龙岗区,坪地街道,龙岗区兴华路与教育中路交汇处东北侧,114.298375,22.773754,27,36,
碧海红树园,福田区,沙头街道,福田区福荣路98号,114.017471,22.529898,,101,
流塘大厦,宝安区,西乡街道,宝安区西乡街道榕树路49号,113.881878,22.579836,,50,
翠珠小区,罗湖区,翠竹街道,罗湖区翠竹片区翠竹路1189号,114.124607,22.568609,73,,
天健时尚空间名苑,宝安区,新安街道,宝安区新湖路与甲岸路交汇处北侧,113.88422,22.552476,,114,
尖岗山名苑,宝安区,西乡街道,深圳市宝安区西乡街道,113.894587,22.603677,,92,150
天元大厦,罗湖区,桂园街道,罗湖区桂园片区红桂路1029号,114.106217,22.552776,,66,
华发大院,福田区,华强北街道,福田区振兴路,114.078057,22.548195,79,,
书院街53号大院,罗湖区,东门街道,罗湖区书院街53号,114.113518,22.556926,88,,
书院街7号大院,罗湖区,东门街道,罗湖区人民北路书院街7号,114.114455,22.556583,74,,
中信星光名庭,罗湖区,东门街道,罗湖区童乐路69号,114.11707,22.557895,,116,
怡心苑,龙岗区,布吉街道,龙岗区莲花路与怡心南街交汇处北侧,114.104681,22.601344,40,,
吉祥花园(龙岗),龙岗区,坂田街道,龙岗区雪岗南路与中浩工业大道交汇处东北侧,114.075374,22.656186,36,,
宝平街住宅楼,罗湖区,南湖街道,罗湖区深南东路与沿河东路交汇处南侧,114.108765,22.544105,70,,
桂芳园二期,龙岗区,南湾街道,龙岗区深惠公路与李朗大道交汇处南侧,114.137257,22.618558,,60,
龙兴大厦,罗湖区,南湖街道,罗湖区和平路1163号,114.110276,22.53912,,67,
阳光四季,福田区,福保街道,福田区石厦北一街5号,114.04624,22.529029,,94,
福景花园,龙华区,龙华街道,宝安区建设路与中环路交汇处东侧,114.017896,22.651077,47,,
依山郡花园二期,龙岗区,龙城街道,龙岗区愉园片区龙平西路160号东侧,114.214687,22.732523,,41,
中信高尔夫绿色山庄,龙岗区,宝龙街道,龙岗区动物园路与深惠高速公路交汇处西南侧,114.260308,22.706688,,,87
金域揽峰花园,龙岗区,吉华街道,龙岗区布吉街道,114.095916,22.626318,,64,
信义假日名城五期A区,龙岗区,布吉街道,龙岗区荣超路与和坑路交汇处西南侧,114.118741,22.595921,,68,
耀荣园,福田区,香蜜湖街道,福田区锦绣街8号,113.992427,22.542315,87,,
深纺住宅楼(黄贝),罗湖区,黄贝街道,罗湖区凤凰路165号,114.129779,22.550619,63,,
龙轩豪庭,福田区,福田街道,福田区皇岗公园一街与水围街交汇处东南侧,114.056948,22.523161,,130,
金迪名苑,罗湖区,东晓街道,罗湖区东昌路2号,114.13104,22.578319,,102,
龙溪花园,福田区,香蜜湖街道,福田区丰田路38号,114.011951,22.546403,92,95,
百仕达花园三期,罗湖区,东晓街道,罗湖区东盛路与东昌路交汇处东南侧,114.127557,22.578652,,80,
桂芳园七期,龙岗区,布吉街道,龙岗区布沙路与布吉东大街交汇处北侧,114.134518,22.612004,61,59,
祥青苑,罗湖区,清水河街道,罗湖区坭岗西路1012-1020号,114.096199,22.569377,84,,
宝能城-西区,南山区,桃源街道,南山区留仙大道与塘岭路交叉路口往东北约100米,113.989516,22.591921,,84,
翠山花半里雅筑,罗湖区,东晓街道,罗湖区翠山路1号东侧,114.115813,22.582601,,78,
深业东岭花园一期,罗湖区,黄贝街道,(罗湖区黄贝岭)深南东路与沿河 北路交汇处,114.135492,22.55183,,102,
海丽大厦,罗湖区,黄贝街道,罗湖区文锦中路1018号,114.12663,22.552417,,72,
居乐苑,宝安区,松岗街道,宝安区松岗街道平安路居乐苑201号,113.847315,22.770251,37,35,
华景园别墅北区,罗湖区,莲塘街道,罗湖区国威路东8号,114.171014,22.567913,,,109
棕榈湾,盐田区,海山街道,盐田区海景二路1125号,114.231777,22.549726,,63,
鲁班大厦,福田区,莲花街道,福田区红荔西路7022号,114.038894,22.549874,,78,
半岛明苑,宝安区,西乡街道,宝安区码头路9号,113.868846,22.572663,65,,
蓝宝石家园,福田区,梅林街道,福田区奥士达路7号,114.055707,22.566304,92,99,
桂园小区二区,南山区,招商街道,南山区蛇口工业九路,113.925976,22.505801,86,,
怀德峰景南园,宝安区,福永街道,翠岗西路,113.815097,22.665592,,56,
德业新城花园,宝安区,新安街道,宝安区创业一路与新城大道交汇处南侧,113.885111,22.558768,,80,
香蜜湖商住楼,福田区,香蜜湖街道,福田区香梅路1021号,114.034572,22.545067,87,,
安鸿峰景苑,龙岗区,南湾街道,龙岗布吉丹平快速丹沙路出口（丹沙路沙湾派出所旁）,114.158965,22.614075,,47,
银华大厦,福田区,华富街道,福田区笋岗西路3004号,114.079879,22.558972,,62,
桂芳园三期,龙岗区,南湾街道,龙岗区布吉东大街与深惠公路交汇处东侧,114.136434,22.618636,,58,
永安商业城,宝安区,西乡街道,宝安区西乡街道河东路95号,113.875657,22.578482,44,47,
桂木园燃料公司住宅楼,罗湖区,桂园街道,罗湖区桂园片区红桂路1017号,114.106511,22.552402,76,,
翠湖花园,宝安区,航城街道,宝安区西乡街道翠湖花园10栋,113.836826,22.639734,48,,
红树华府,福田区,沙头街道,-,114.031672,22.522766,,144,
会展湾中港广场（B区）,宝安区,福海街道,-,113.773031,22.709211,,68,
佳兆业假日广场（商务公寓）,大鹏新区,大鹏街道,-,114.469073,22.59706,,47,
名居广场（商务公寓）,龙岗区,龙城街道,-,114.228596,22.701736,,59,
中国凤凰大厦,福田区,莲花街道,深圳市福田区中心区26-3,114.059701,22.544041,,125,
华润城润府（四期）,南山区,粤海街道,南山区粤海沙河西路侧,113.953776,22.547554,,134,
前海颐大厦华寓,宝安区,新安街道,广东省深圳市宝安区新安街道海天路21号,113.87574,22.549649,,98,
公园道大厦,南山区,南山街道,深圳市南山区登良路26号,113.91943,22.515324,,136,
深中润君临海域,盐田区,海山街道,深圳市盐田区海景二路与海山东三街交界处,114.239282,22.558868,80,81,
深圳湾1号广场,南山区,粤海街道,深圳市南山区东滨路与科苑南路交汇处,113.937832,22.511315,,280,
万科云城六期,南山区,西丽街道,深圳市南山区西丽街道创科路与打石二路交汇处,113.93992,22.57626,,125,
中粮紫云大厦,宝安区,新安街道,新安二路与公园路交汇处,113.908175,22.573508,,100,
龙园创展大厦,罗湖区,桂园街道,罗湖区宝安南路2010号龙园创展大厦,114.106785,22.546088,,100,
中航凯特大厦公寓,罗湖区,桂园街道,罗湖区宝安南路3007号,114.103745,22.554126,,94,
凯旋天玺名庭（商务公寓）,龙岗区,布吉街道,深圳市龙岗区布吉街道金鹏路,114.112095,22.609013,,85,
幸福万象,罗湖区,南湖街道,罗湖区南湖街道春风路渔民村西侧,114.105875,22.535566,,136,
万科红立方大厦,龙岗区,布吉街道,深圳市龙岗区布吉罗岗街道,114.123855,22.600556,,80,
星河盛世花园（商务公寓）,龙华区,民治街道,深圳市龙华区民治街道梅龙路2号,114.042206,22.604633,,91,
保利上城一期,龙岗区,龙城街道,深圳市龙岗区怡翠路202号,114.232672,22.708226,,49,
富基置地大厦,龙岗区,龙岗街道,深圳市龙岗区龙岗街道南联社区,114.267575,22.727777,,65,
深业泰富广场,罗湖区,笋岗街道,罗湖区笋岗街道梨园路与梅园路交汇处东北侧,114.102151,22.566278,,118,
龙光玖钻北区,龙华区,民治街道,龙华区民治街道龙光玖钻,114.016177,22.625849,,86,
弘都商务公寓,南山区,南山街道,南山区南新路东侧,113.910205,22.518095,,95,
固戍花园,宝安区,西乡街道,深圳市宝安区西乡街道固戍一路,113.839807,22.593315,,44,
塘坑统建楼,宝安区,石岩街道,塘坑新村路5号,113.946747,22.68306,,29,
龙井花园,南山区,桃源街道,龙井路龙井村,113.96968,22.562383,69,,
渔业新村统建楼,宝安区,西乡街道,深圳市宝安区西乡街道办渔业村1号,113.865302,22.57052,57,,
致富居,宝安区,石岩街道,深圳市宝安区石岩街道龙腾路13号致富居,113.939994,22.670345,,42,
裕盛华庭,宝安区,新桥街道,裕盛华庭,113.815494,22.723714,,41,
上屋置业广场,宝安区,石岩街道,深圳市宝安区石岩宝石西路1号,113.928336,22.683889,,35,
海岸新城,大鹏新区,葵涌街道,金葵中路81号,114.421141,22.630034,30,30,
东方雅苑,宝安区,西乡街道,深圳市宝安区西乡街道臣田社区,113.870958,22.593433,,56,
罗租统建楼,宝安区,石岩街道,罗租统建楼一巷4号,113.934069,22.678179,36,38,
听涛雅苑一期,宝安区,福永街道,深圳市宝安区福永街道福永社区立新路18号,113.808402,22.677431,,41,
听涛雅苑三期,宝安区,福永街道,深圳市宝安区福永街道福永社区立新路38号,113.807388,22.675896,,40,
楼村花园,光明区,新湖街道,深圳市光明区新湖街道楼村社区华村路68号,113.918202,22.789189,37,36,
恒基花园,宝安区,沙井街道,深圳市宝安区沙井街道南环路469号,113.780556,22.720631,,33,
星湖名居,光明区,玉塘街道,深圳市光明区玉塘街道红星社区星湖路36号,113.901085,22.710407,,30,
汇文苑,南山区,桃源街道,龙珠三路光前村东区100号,113.958951,22.569074,71,,
甲子塘村委统建楼,光明区,凤凰街道,甲子塘大道70号,113.909338,22.737719,,35,
秋园雅苑,光明区,马田街道,沙河路1号,113.90132,22.763104,,30,
鸿桥花园,宝安区,沙井街道,宝安区沙井街道和一社区和一别墅花园,113.781055,22.718352,,31,
彩妮大厦,光明区,凤凰街道,罗群围六路,113.901186,22.747468,,31,
潮歌苑,大鹏新区,大鹏街道,深圳市大鹏新区大鹏街道下沙社区下沙新村,114.476853,22.599534,,32,
天心花园一期,福田区,梅林街道,福田区梅华路219号,114.03827,22.565386,60,,
留仙洞关外统建楼,南山区,西丽街道,留仙大道与同乐路交汇西北侧,113.924119,22.586635,58,,
白石厦大道统建楼,宝安区,福永街道,福永街道白石厦社区,113.819902,22.677103,,36,
益田花园一二期,福田区,福保街道,福田区益田南路1066号,114.052486,22.515637,76,78,
深华运输住宅楼,福田区,福田街道,福田区福星路13号,114.077967,22.537437,78,,
天欣花园,宝安区,福永街道,宝安区翠岗西路与政丰南路交汇处东北侧,113.821201,22.672349,41,44,
海滨假日雅居,盐田区,盐田街道,盐田区沿港新村27号东,114.268704,22.589786,,83,
天琴湾一二期,盐田区,梅沙街道,盐田区盐葵路(大梅沙段)2号,114.314193,22.602283,,,102
天景花园,罗湖区,黄贝街道,罗湖区碧波一街1号,114.136769,22.563017,65,,
海洋大厦（商务公寓）,罗湖区,翠竹街道,-,114.124511,22.558185,,102,
越众越海家园（商务公寓）,福田区,香蜜湖街道,-,114.001756,22.537953,,127,
联投东方华府一期（商务公寓）,宝安区,松岗街道,-,113.85376,22.763568,,58,
菁英领寓,宝安区,福永街道,-,113.828029,22.684507,,60,
金润大厦,福田区,沙头街道,-,114.019613,22.537828,,78,
祥和山庄,龙华区,福城街道,观澜大道100号,114.036835,22.697778,32,33,
荣辉花园,龙华区,福城街道,新塘路23号,114.016759,22.722148,,36,
高标公司职工宿舍,罗湖区,翠竹街道,深圳市罗湖区翠竹路1056号,114.125835,22.564725,54,,
丽园小筑,宝安区,松岗街道,深圳市宝安区松岗街道平安路9号,113.845732,22.769787,,33,
金地龙城中央（商务公寓）,龙岗区,龙岗街道,龙岗区龙岗街道南联社区龙岗大道与龙城南路交汇处西南侧,114.246492,22.714441,,52,
中洲控股金融中心,南山区,粤海街道,南山区海德一道88号,113.928827,22.520398,,159,
卓越世纪中心,福田区,福田街道,深圳市福田区福华三路卓越世纪中心,114.059428,22.534466,,150,
半岛城邦花园四期（商务公寓）,南山区,蛇口街道,深圳市南山区望海路,113.928656,22.483741,,145,
华丰前海湾二期,宝安区,西乡街道,宝安区西乡碧海中心区共乐路与兴业路交汇处,113.846965,22.5724,,87,
会展湾东城广场,宝安区,福海街道,深圳市宝安区福海街道福园二路93号,113.776882,22.708985,,68,
益田假日府邸（商务公寓）,光明区,马田街道,深圳市光明新区马田街道公常路795号,113.898768,22.769879,,49,
景兴海上广场一期,-,-,前海桂湾片区,113.889187,22.537466,,152,
万科云城一期,南山区,西丽街道,深圳市南山区西丽街道创科路与打石二路交汇处,113.935604,22.576749,,113,
招商中环,罗湖区,笋岗街道,梨园路333号,114.101003,22.567476,,115,
宝观城锦鲤大厦,龙华区,观湖街道,龙华新区观澜大和社区人民路东段666号,114.043878,22.705431,,57,
翡翠公寓,罗湖区,翠竹街道,文锦北路1058号,114.119304,22.563559,,127,
华侨城创想大厦,龙华区,民治街道,民治街道办事处民塘路西面，白松路北面,114.023589,22.62004,,90,
名豪丽城,宝安区,新桥街道,上星南路名豪丽城,113.826506,22.716499,,37,
臣田新苑,宝安区,西乡街道,深圳市宝安区西乡街道臣田社区,113.871585,22.59676,,49,
电信楼小区,盐田区,沙头角街道,沙盐路3021号,114.228488,22.555163,42,,
东方御景,宝安区,松岗街道,深圳市宝安区松岗街道东方社区西山别墅旁,113.839774,22.760467,,34,
中心名座,宝安区,新桥街道,深圳市宝安区新桥街道沙企社区,113.822625,22.738542,,38,
华茂大厦,宝安区,沙井街道,北帝堂一路华茂大厦,113.80358,22.750127,,29,
鸿德园,宝安区,福海街道,宝安区福海街道桥头社区桥和路与桥塘路交界处,113.797851,22.692686,,42,
德馨花园,南山区,南山街道,南园村德馨花园,113.913382,22.522826,77,77,
薯田埔社区统建楼,光明区,马田街道,光明区马田街道松白路与田园路交汇处东西两侧,113.861985,22.785106,36,,
下屯旧村统建楼,光明区,马田街道,深圳市光明区马田街道合水口社区合水口村,113.875702,22.787055,,31,
凤凰世纪,宝安区,福海街道,大洋路168号,113.819319,22.698789,,37,
元径旧村统建楼,宝安区,石岩街道,深圳市宝安区石岩街道田心大道元径村,113.936098,22.689146,,30,
金葵二区统建楼,大鹏新区,葵涌街道,深圳市大鹏新区葵涌街道葵涌社区金业大道29号,114.422308,22.627105,28,,
洪爵豪庭,宝安区,燕罗街道,燕罗街道洪桥头107国道东侧,113.837421,22.786647,32,31,
国兰公寓,光明区,公明街道,民生路124号,113.892029,22.787735,,37,
华园道,龙华区,龙华街道,深圳市龙华区龙华街道三联社区,114.021783,22.66394,51,,
大布巷新村统建楼,龙华区,观澜街道,深圳市龙华区观澜街道新澜社区,114.042185,22.723018,,31,
名津广场（商务公寓）,福田区,福田街道,-,114.068549,22.518888,,99,
联投东方华府二期（商务公寓）,宝安区,松岗街道,-,113.851248,22.764865,,57,
光电大厦,宝安区,西乡街道,深圳市宝安区西乡街道航城大道南侧,113.85057,22.61029,,57,
大围新城,光明区,马田街道,深圳市光明区马田街道新庄社区延昌路55号,113.905494,22.763448,,32,
百合雅苑,宝安区,沙井街道,广东省深圳市宝安区沙井大王山工业二路3号,113.798051,22.716112,,38,
鹤洲豪庭,宝安区,航城街道,深圳市宝安区航城街道鹤洲社区,113.865776,22.625003,,42,
水斗老围综合楼,龙岗区,坂田街道,吉华路水斗老围综合楼,114.047484,22.63789,,48,
牛栏前大厦,龙华区,民治街道,生活村,114.032731,22.637431,51,51,
郭吓统建楼,龙华区,龙华街道,大浪南路与石观路交汇处,114.015228,22.667272,50,,
依山小筑,龙华区,龙华街道,深圳市龙华区龙华街道华联社区依山小筑,114.003766,22.672441,,41,
科苑,龙华区,观湖街道,环观南路与澜清一路交汇处西南侧,114.059825,22.687933,,34,
汇龙峰景,龙华区,福城街道,澳门工业区24号,114.017785,22.749588,,32,
名仕轩,龙岗区,布吉街道,深圳市龙岗区布吉街道西环路,114.097287,22.605328,,43,
福景苑,龙岗区,南湾街道,简竹路6号,114.158196,22.62654,,43,
布心中学综合楼,罗湖区,东湖街道,东湖路5号,114.136333,22.582713,52,,
华侨新苑,龙华区,民治街道,华侨新苑,114.033052,22.640054,,48,
民乐统建楼,龙华区,民治街道,深圳市龙华区民治街道民乐村,114.05272,22.605632,,55,
民乐花园,龙华区,民治街道,深圳市龙华区民治街道梅坂大道民乐花园小区,114.049741,22.600956,50,49,
南岭北路统建楼,龙岗区,南湾街道,南岭北路14号统建楼,114.145112,22.616113,,40,
家声楼,龙华区,大浪街道,杨马市场,114.003094,22.679782,,34,
龙安大厦,龙华区,龙华街道,东环二路与民清路交汇处西北侧,114.038865,22.654925,,40,
梅龙苑,龙华区,龙华街道,深圳市龙华区梅龙路与东环一路交汇处梅龙路966号,114.031274,22.647472,,45,
旭日小区翔源阁,龙华区,龙华街道,旭日小区翔源阁,114.044105,22.646042,,41,
凯德公园一号广场,南山区,南山街道,-,113.920514,22.518323,,143,
凤凰领寓,宝安区,福永街道,-,113.828406,22.682956,,65,
盛迪嘉海湾里大厦,盐田区,沙头角街道,-,114.226516,22.556032,,87,
龙光玖云著,坪山区,坪山街道,-,114.3262,22.682894,,52,
万科时代广场,龙岗区,龙城街道,-,114.246767,22.722297,,62,
宝树台,福田区,华强北街道,-,114.087406,22.545912,,153,
恒邦时代大厦,福田区,华强北街道,-,114.085772,22.546369,,169,
振业城二三期,龙岗区,横岗街道,龙岗区兴联北路与普安西路交汇处西北侧,114.174175,22.642966,44,,49
东港印象家园,盐田区,盐田街道,盐田区东海道与永安路交汇处南侧,114.244794,22.594744,,54,
信义御城豪园（商务公寓）,龙岗区,横岗街道,深圳市龙岗区横岗街道龙岗大道5088号,114.20744,22.652904,,62,
龙坤居,南山区,南山街道,南山区南光路与登良路交汇处,113.916463,22.515875,95,,
天安公寓,南山区,南山街道,南山区南光路与登良路交汇处,113.915885,22.515602,91,,
福安楼,宝安区,西乡街道,宝安区白石厦大道与龙翔路交汇处东南侧,113.89009,22.586253,34,,
翠景山庄,罗湖区,东晓街道,罗湖区翠竹北路30号,114.123014,22.580753,,70,
振业城四五期,龙岗区,横岗街道,龙岗区兴联北路与普安西路交汇处西北侧,114.173712,22.644274,,41,
深华科技园公寓,福田区,梅林街道,福田区梅秀路2号,114.043912,22.567026,80,,
天井湖住宅楼,罗湖区,黄贝街道,罗湖区黄贝路2097号,114.135389,22.562151,57,,
颖隆大厦,罗湖区,东晓街道,罗湖区翠山路1号,114.115271,22.582416,,76,
景园大厦(罗湖),罗湖区,黄贝街道,罗湖区爱国路3034号,114.135002,22.563578,,56,
粤兴小区,罗湖区,莲塘街道,罗湖区晴柔路(临28号),114.17297,22.566263,53,,
恒丰工业城,宝安区,航城街道,宝安区西乡街道鹤洲恒丰工业城,113.862137,22.631976,50,,
佳兆业山海城家园三期,盐田区,盐田街道,深圳市盐田区洪安二街29号,114.25457,22.58823,,57,
佳兆业山海城家园二期,盐田区,盐田街道,深圳市盐田区洪安二街29号,114.255793,22.589112,,57,
